{"type":"FeatureCollection","features":[{"type":"Feature","properties":{"kind":"border"},"geometry":{"type":"LineString","coordinates":[[31.80473,46.47952],[31.80662,46.48209],[31.80827,46.48442],[31.81006,46.48696],[31.8121,46.48996],[31.81265,46.49067],[31.81329,46.49166],[31.81362,46.49203],[31.81443,46.49263],[31.81666,46.49399],[31.8194,46.49581],[31.81949,46.49584],[31.82288,46.49693],[31.82758,46.49856],[31.82781,46.49862],[31.83138,46.49962],[31.83638,46.4986],[31.83923,46.49795],[31.84313,46.49713],[31.84408,46.49775],[31.84493,46.49826],[31.84803,46.50045],[31.84985,46.503],[31.85279,46.50742],[31.85527,46.51102],[31.8578,46.5147],[31.85838,46.51552],[31.85858,46.51581],[31.85877,46.51643],[31.86042,46.51994],[31.86198,46.52349],[31.92747,46.58175],[31.93009,46.65289],[31.98466,46.65481],[31.98472,46.65481],[31.98858,46.65547],[31.98741,46.66412],[32.02988,46.66891],[32.02014,46.6775],[32.02025,46.67751],[32.02781,46.67847],[32.0315,46.67894],[32.03368,46.67916],[32.07143,46.68368],[32.0719,46.68187],[32.08683,46.68352],[32.08522,46.69083],[32.082,46.70397],[32.08053,46.71001],[32.07639,46.72704],[32.07567,46.72998],[32.06091,46.72798],[32.05728,46.74407],[32.05715,46.74464],[32.06742,46.74635],[32.0816,46.74845],[32.08421,46.74879],[32.10889,46.75246],[32.11006,46.74766],[32.11132,46.74775],[32.11182,46.74513],[32.11839,46.74592],[32.15408,46.75022],[32.17154,46.75232],[32.16895,46.7635],[32.20771,46.76948],[32.21869,46.77131],[32.2097,46.80573],[32.22888,46.80815],[32.23042,46.80851],[32.25221,46.8196],[32.24251,46.8278],[32.2401,46.82984],[32.23511,46.83473],[32.23311,46.83673],[32.23136,46.83852],[32.23083,46.83928],[32.23028,46.84012],[32.22981,46.84093],[32.22911,46.84205],[32.22824,46.84357],[32.22752,46.84495],[32.22722,46.84545],[32.23349,46.84267],[32.23883,46.84035],[32.25189,46.83454],[32.26319,46.82956],[32.26955,46.82673],[32.27391,46.82427],[32.28087,46.82118],[32.28946,46.81751],[32.29225,46.81627],[32.29548,46.81482],[32.29567,46.815],[32.30199,46.8121],[32.30318,46.81167],[32.31126,46.80807],[32.31503,46.80633],[32.31834,46.80488],[32.31809,46.80464],[32.32605,46.80105],[32.33953,46.79621],[32.34159,46.79545],[32.37289,46.79908],[32.36532,46.82926],[32.39372,46.83265],[32.41119,46.83478],[32.41247,46.8353],[32.41914,46.83635],[32.42162,46.83609],[32.44302,46.83892],[32.44414,46.83884],[32.45282,46.83988],[32.46328,46.84043],[32.46613,46.82887],[32.46622,46.82852],[32.46633,46.82807],[32.46807,46.82114],[32.46933,46.81657],[32.48188,46.81782],[32.49864,46.81939],[32.51892,46.82164],[32.51991,46.82175],[32.52323,46.82235],[32.53064,46.82314],[32.5315,46.82324],[32.52898,46.83351],[32.52823,46.83661],[32.52604,46.84583],[32.52574,46.84703],[32.52509,46.8483],[32.54127,46.85017],[32.54049,46.85419],[32.53885,46.863],[32.53771,46.8681],[32.53711,46.87143],[32.537,46.87214],[32.53603,46.87404],[32.53548,46.87725],[32.53502,46.8798],[32.5338,46.88146],[32.53431,46.88206],[32.53804,46.88237],[32.54428,46.88317],[32.54507,46.88264],[32.545,46.87972],[32.54557,46.87401],[32.54674,46.86944],[32.57049,46.87256],[32.57136,46.87185],[32.57208,46.86835],[32.57193,46.86555],[32.57178,46.86323],[32.57238,46.86311],[32.57499,46.86312],[32.5775,46.86319],[32.57804,46.86153],[32.57805,46.85986],[32.57857,46.85915],[32.58031,46.85921],[32.5836,46.85964],[32.58439,46.85917],[32.58492,46.85703],[32.58545,46.85584],[32.59438,46.85706],[32.61111,46.85879],[32.61207,46.85718],[32.61332,46.85651],[32.61521,46.85598],[32.61495,46.8544],[32.61747,46.8544],[32.62397,46.85508],[32.63558,46.85619],[32.64105,46.85658],[32.6413,46.85683],[32.64232,46.85695],[32.64874,46.85772],[32.66368,46.85943],[32.66822,46.85992],[32.66843,46.85988],[32.6686,46.85981],[32.66879,46.85977],[32.671,46.86003],[32.67197,46.86015],[32.67238,46.86024],[32.67608,46.86067],[32.6771,46.86085],[32.68248,46.86149],[32.68518,46.86177],[32.68788,46.86208],[32.68825,46.86103],[32.68855,46.85963],[32.68958,46.85602],[32.68978,46.85493],[32.68992,46.85443],[32.69001,46.85382],[32.69091,46.85016],[32.69128,46.84883],[32.69154,46.84798],[32.69209,46.84589],[32.69212,46.84555],[32.69355,46.83983],[32.69751,46.82399],[32.69798,46.82283],[32.69822,46.82249],[32.6988,46.82187],[32.69898,46.82172],[32.69918,46.82161],[32.69965,46.82141],[32.70016,46.82117],[32.70057,46.82098],[32.70082,46.82089],[32.70106,46.82079],[32.7014,46.82076],[32.70249,46.82082],[32.70609,46.82116],[32.70691,46.82106],[32.70733,46.82102],[32.70794,46.82294],[32.71755,46.82405],[32.72725,46.82539],[32.74411,46.82695],[32.74524,46.82704],[32.74583,46.82678],[32.7465,46.82529],[32.75055,46.82572],[32.75545,46.82626],[32.76175,46.827],[32.76415,46.82729],[32.76507,46.82545],[32.76749,46.8206],[32.77157,46.82078],[32.77347,46.82156],[32.77857,46.82419],[32.77944,46.8249],[32.77595,46.8293],[32.7756,46.83067],[32.7762,46.83114],[32.78106,46.83157],[32.80021,46.83309],[32.81477,46.8346],[32.81494,46.83526],[32.81363,46.84014],[32.83573,46.84261],[32.84353,46.84351],[32.85073,46.84447],[32.85341,46.84484],[32.85541,46.84496],[32.86841,46.8467],[32.87075,46.847],[32.87162,46.84676],[32.88142,46.8482],[32.89758,46.8506],[32.8982,46.85065],[32.90464,46.85157],[32.94912,46.85795],[32.94627,46.86866],[32.93669,46.86775],[32.91989,46.86614],[32.91841,46.87191],[32.91754,46.87739],[32.91605,46.88238],[32.91527,46.88328],[32.90703,46.88202],[32.90139,46.88124],[32.89754,46.88091],[32.8974,46.8809],[32.89228,46.88046],[32.88724,46.87989],[32.88438,46.87956],[32.8758,46.87866],[32.86903,46.87812],[32.86174,46.87739],[32.85645,46.87703],[32.85289,46.87798],[32.8495,46.87904],[32.84481,46.88094],[32.8409,46.88201],[32.83835,46.88259],[32.83779,46.88289],[32.83685,46.88325],[32.83603,46.88456],[32.83759,46.88605],[32.84079,46.88933],[32.84191,46.89194],[32.84208,46.8945],[32.84095,46.89575],[32.83919,46.89617],[32.83921,46.89628],[32.83964,46.89706],[32.84146,46.90004],[32.8517,46.901],[32.8799,46.90455],[32.91054,46.90826],[32.9246,46.91006],[32.92608,46.91065],[32.92556,46.91309],[32.92398,46.91928],[32.92259,46.92493],[32.92172,46.92666],[32.92762,46.92773],[32.94429,46.9297],[32.94594,46.92935],[32.94681,46.92923],[32.96201,46.93132],[32.97987,46.9337],[32.97968,46.93438],[32.97933,46.93574],[32.97911,46.93657],[32.97781,46.94126],[32.97586,46.94875],[32.9653,46.94792],[32.94992,46.94601],[32.94966,46.94655],[32.94713,46.95458],[32.9453,46.96094],[32.94452,46.96398],[32.94338,46.96885],[32.94181,46.97379],[32.93816,46.97986],[32.93397,46.98628],[32.93458,46.987],[32.93662,46.98911],[32.94084,46.99349],[32.94605,46.9989],[32.9497,47.00319],[32.95135,47.00253],[32.95422,47.00141],[32.96318,46.99766],[32.9664,46.99628],[32.98414,46.98868],[32.9938,46.98462],[32.9987,46.98256],[33.01127,46.97726],[33.01877,46.97302],[33.02249,46.97278],[33.04426,46.99618],[33.04786,47.00026],[33.04834,47.00075],[33.04926,47.00199],[33.04984,47.00267],[33.05115,47.00408],[33.05458,47.00771],[33.05948,47.01282],[33.06777,47.02224],[33.07218,47.02036],[33.08914,47.04122],[33.09325,47.03935],[33.15571,47.11745],[33.12322,47.12974],[33.10503,47.13661],[33.08198,47.10758],[33.10258,47.09981],[33.07297,47.0624],[33.0516,47.07006],[33.02691,47.03967],[33.02423,47.04101],[33.01788,47.04364],[33.01188,47.0461],[33.00742,47.04818],[33.00178,47.05037],[32.99841,47.05282],[32.99501,47.05413],[32.98814,47.05681],[32.98317,47.05904],[32.97246,47.06341],[32.96467,47.06674],[32.95805,47.06953],[32.95596,47.06995],[32.95003,47.0723],[32.94398,47.07497],[32.94177,47.07586],[32.93946,47.0768],[32.9342,47.07892],[32.93284,47.07947],[32.93051,47.08039],[32.92793,47.08157],[32.92602,47.08356],[32.92519,47.08484],[32.92389,47.08582],[32.92058,47.08647],[32.91822,47.08694],[32.9167,47.08718],[32.91478,47.08885],[32.91308,47.09078],[32.91172,47.09232],[32.91033,47.09387],[32.90984,47.09607],[32.91036,47.098],[32.91088,47.09952],[32.91162,47.10101],[32.91284,47.10214],[32.91388,47.10339],[32.91462,47.1053],[32.91445,47.10619],[32.91366,47.10768],[32.91335,47.10875],[32.91287,47.11062],[32.91269,47.1116],[32.91265,47.11327],[32.91243,47.11458],[32.91177,47.11538],[32.91064,47.11657],[32.90942,47.11782],[32.90732,47.11996],[32.90684,47.12055],[32.90828,47.12133],[32.90915,47.12252],[32.90975,47.12389],[32.90988,47.12487],[32.91027,47.12582],[32.91114,47.12677],[32.91354,47.1285],[32.9165,47.13026],[32.91807,47.13166],[32.9192,47.133],[32.91959,47.13386],[32.91985,47.13493],[32.91963,47.13621],[32.91893,47.13758],[32.91819,47.13886],[32.91744,47.14112],[32.91744,47.14234],[32.91787,47.14344],[32.9187,47.14469],[32.92001,47.14612],[32.92188,47.14698],[32.92389,47.14737],[32.9262,47.14791],[32.92846,47.14865],[32.93125,47.1499],[32.93247,47.15088],[32.93413,47.15196],[32.93487,47.15252],[32.93609,47.15356],[32.93918,47.15621],[32.94175,47.15818],[32.94533,47.16114],[32.94702,47.16251],[32.94754,47.16304],[32.94829,47.16382],[32.9496,47.16559],[32.95055,47.16699],[32.95142,47.16859],[32.95273,47.1708],[32.95447,47.17407],[32.95504,47.17511],[32.95604,47.1766],[32.9567,47.17785],[32.9573,47.17913],[32.95844,47.1805],[32.96001,47.18317],[32.9607,47.18448],[32.96149,47.1866],[32.96118,47.18805],[32.96135,47.18963],[32.9648,47.18996],[32.96838,47.19035],[32.97148,47.19061],[32.9761,47.19109],[32.97977,47.19124],[32.98125,47.19136],[32.98305,47.19184],[32.98599,47.19211],[32.98864,47.19049],[32.99038,47.19069],[32.99133,47.1909],[32.99161,47.19045],[32.99205,47.19055],[32.99282,47.19077],[32.9946,47.19113],[32.99534,47.19121],[32.99629,47.19129],[32.99718,47.19121],[32.99806,47.19106],[32.99857,47.19086],[32.99939,47.19043],[33.00015,47.19011],[33.00093,47.18995],[33.0014,47.18992],[33.00204,47.18999],[33.00293,47.19023],[33.00331,47.19047],[33.00362,47.19084],[33.00361,47.19108],[33.00355,47.19132],[33.00337,47.19158],[33.00304,47.19172],[33.00261,47.19183],[33.00189,47.19195],[33.00081,47.19209],[33.00002,47.19217],[32.99969,47.19238],[32.99955,47.19253],[32.99954,47.19283],[32.99952,47.19321],[32.99959,47.19374],[32.99982,47.19452],[33.00027,47.19589],[33.0007,47.19639],[33.0012,47.19666],[33.0016,47.19675],[33.00236,47.19682],[33.0035,47.19689],[33.00442,47.1969],[33.00523,47.19673],[33.00622,47.19654],[33.00707,47.19611],[33.00827,47.19522],[33.00888,47.19463],[33.00978,47.19375],[33.01064,47.19297],[33.01122,47.19235],[33.01164,47.19187],[33.01227,47.19114],[33.01266,47.19062],[33.01296,47.18997],[33.01328,47.18945],[33.01355,47.18897],[33.01383,47.1886],[33.01402,47.18805],[33.01411,47.18783],[33.01411,47.1875],[33.01392,47.18691],[33.01335,47.18606],[33.01258,47.18549],[33.01228,47.18488],[33.01231,47.18427],[33.01248,47.18372],[33.01286,47.18294],[33.01333,47.18235],[33.01419,47.18159],[33.01562,47.18033],[33.01684,47.17987],[33.01904,47.17955],[33.02082,47.1791],[33.02205,47.17849],[33.02328,47.17764],[33.02375,47.1774],[33.02423,47.17726],[33.02472,47.17718],[33.02509,47.17705],[33.0253,47.17692],[33.02551,47.17669],[33.02607,47.1766],[33.02692,47.17674],[33.02746,47.17686],[33.02864,47.17729],[33.0299,47.17765],[33.03154,47.17793],[33.03251,47.17812],[33.03323,47.17818],[33.03473,47.17828],[33.03542,47.17829],[33.03604,47.17824],[33.03675,47.17821],[33.03751,47.17817],[33.03789,47.17821],[33.0383,47.1784],[33.03845,47.17862],[33.0385,47.17878],[33.03857,47.17916],[33.03847,47.17955],[33.03775,47.18049],[33.03708,47.18106],[33.03632,47.18153],[33.03574,47.18209],[33.03543,47.1827],[33.03527,47.18307],[33.03525,47.18359],[33.0352,47.18435],[33.03544,47.18583],[33.03562,47.18661],[33.03602,47.1875],[33.03657,47.1881],[33.0372,47.18867],[33.0379,47.18899],[33.03869,47.18926],[33.03938,47.18949],[33.04041,47.18974],[33.04186,47.19003],[33.04275,47.19008],[33.0439,47.19014],[33.04504,47.19028],[33.04597,47.19044],[33.04726,47.19068],[33.04851,47.19102],[33.04979,47.19119],[33.05024,47.19121],[33.05068,47.1912],[33.05144,47.19115],[33.05209,47.19119],[33.05256,47.19135],[33.05302,47.19162],[33.05342,47.19184],[33.0538,47.19211],[33.05426,47.1927],[33.05468,47.19299],[33.05521,47.19312],[33.05582,47.1932],[33.05639,47.19342],[33.05729,47.19389],[33.05811,47.19443],[33.05907,47.1951],[33.05985,47.19549],[33.06059,47.19604],[33.06129,47.19674],[33.06195,47.19732],[33.06269,47.19791],[33.06319,47.19841],[33.06371,47.19874],[33.06427,47.19918],[33.06502,47.19981],[33.06531,47.20005],[33.06556,47.20024],[33.06573,47.20043],[33.06589,47.20065],[33.0662,47.20088],[33.06652,47.2014],[33.06654,47.20186],[33.06649,47.20222],[33.06643,47.20251],[33.06627,47.20296],[33.06578,47.20387],[33.06576,47.20416],[33.06579,47.20449],[33.06605,47.2048],[33.06632,47.20507],[33.06648,47.20523],[33.06686,47.20557],[33.06711,47.20586],[33.06743,47.2064],[33.0675,47.20664],[33.06742,47.20692],[33.0672,47.20726],[33.06608,47.20877],[33.06563,47.2094],[33.06539,47.20986],[33.06532,47.21036],[33.0654,47.21066],[33.06552,47.21107],[33.06578,47.21184],[33.06595,47.21231],[33.06595,47.21266],[33.06578,47.21293],[33.06562,47.21313],[33.06527,47.21335],[33.06495,47.21364],[33.06457,47.21399],[33.06428,47.21434],[33.06412,47.21471],[33.06411,47.21482],[33.0641,47.21497],[33.06411,47.21523],[33.06437,47.21565],[33.06474,47.21607],[33.06529,47.21659],[33.06542,47.21707],[33.0654,47.21741],[33.06537,47.21784],[33.06519,47.21829],[33.06508,47.21862],[33.06501,47.21929],[33.06531,47.21978],[33.0655,47.22013],[33.06602,47.22046],[33.06672,47.22059],[33.06751,47.22049],[33.06827,47.22011],[33.06884,47.21957],[33.06934,47.21919],[33.0703,47.21855],[33.07083,47.21815],[33.07177,47.21762],[33.07309,47.21745],[33.07397,47.21756],[33.07472,47.21784],[33.07492,47.21796],[33.07522,47.21834],[33.07535,47.21861],[33.07509,47.21907],[33.07477,47.21937],[33.07435,47.21971],[33.07341,47.2202],[33.0725,47.2207],[33.07202,47.22112],[33.07164,47.22164],[33.07145,47.22234],[33.07141,47.22259],[33.07142,47.22292],[33.07161,47.2232],[33.07199,47.22336],[33.07261,47.22348],[33.07329,47.22343],[33.07415,47.2232],[33.07493,47.22275],[33.0762,47.22211],[33.07695,47.22163],[33.07759,47.22123],[33.07864,47.22075],[33.07942,47.22057],[33.08044,47.22044],[33.08169,47.22046],[33.08281,47.22071],[33.08344,47.22109],[33.08418,47.22152],[33.0847,47.22191],[33.08533,47.22234],[33.08647,47.22295],[33.08694,47.22312],[33.0873,47.22315],[33.08778,47.22329],[33.088,47.22344],[33.08819,47.22364],[33.08844,47.22382],[33.08869,47.22382],[33.08917,47.22393],[33.0899,47.22394],[33.0912,47.22379],[33.09223,47.22368],[33.09341,47.22368],[33.09468,47.22386],[33.09617,47.22401],[33.09704,47.22397],[33.09777,47.22383],[33.09818,47.22376],[33.09915,47.22345],[33.09987,47.22291],[33.10181,47.22091],[33.10399,47.21881],[33.10594,47.21724],[33.10651,47.21662],[33.10667,47.21619],[33.10671,47.2159],[33.10645,47.21553],[33.10584,47.21504],[33.10506,47.21463],[33.10459,47.21405],[33.10446,47.21356],[33.10451,47.21302],[33.10476,47.2125],[33.10496,47.21212],[33.10607,47.21102],[33.10724,47.21004],[33.10773,47.20956],[33.10821,47.20916],[33.10862,47.20879],[33.10936,47.20865],[33.1099,47.20849],[33.11032,47.20827],[33.11042,47.20768],[33.11057,47.20734],[33.11115,47.20687],[33.1122,47.20626],[33.1141,47.20525],[33.11529,47.2046],[33.11612,47.20428],[33.11683,47.20401],[33.11761,47.204],[33.11872,47.20398],[33.11962,47.20408],[33.12048,47.20423],[33.12126,47.2043],[33.12213,47.20421],[33.12254,47.20411],[33.12278,47.20399],[33.12286,47.20394],[33.12293,47.20388],[33.12309,47.2035],[33.12302,47.2032],[33.12314,47.20297],[33.12367,47.2028],[33.12383,47.20269],[33.12467,47.20276],[33.1255,47.20301],[33.12635,47.20331],[33.12691,47.20343],[33.12785,47.20344],[33.1284,47.2033],[33.12891,47.203],[33.12922,47.2028],[33.13001,47.20287],[33.13068,47.20304],[33.13131,47.20317],[33.13192,47.20354],[33.13278,47.20422],[33.13378,47.20524],[33.13402,47.20562],[33.13419,47.20582],[33.13444,47.20594],[33.135,47.20602],[33.1356,47.20607],[33.1363,47.20609],[33.13658,47.20599],[33.13695,47.2058],[33.13739,47.20579],[33.13838,47.20655],[33.13915,47.20721],[33.13953,47.20791],[33.14007,47.20827],[33.14108,47.20856],[33.14165,47.20863],[33.14188,47.20874],[33.14213,47.20896],[33.14253,47.20933],[33.14258,47.20943],[33.14266,47.20956],[33.1426,47.20971],[33.14251,47.20983],[33.14241,47.20999],[33.14251,47.21011],[33.14259,47.21037],[33.14257,47.21048],[33.14232,47.21072],[33.14035,47.21121],[33.13943,47.21136],[33.13825,47.21159],[33.13548,47.21221],[33.13474,47.21246],[33.1342,47.21282],[33.13329,47.21385],[33.1311,47.21642],[33.12899,47.21914],[33.12834,47.22013],[33.1274,47.22278],[33.12714,47.22374],[33.12696,47.22478],[33.12687,47.22595],[33.12684,47.22634],[33.12694,47.22689],[33.127,47.22734],[33.12687,47.22773],[33.12665,47.22803],[33.12646,47.22845],[33.12652,47.229],[33.12654,47.22925],[33.12656,47.22966],[33.12689,47.23053],[33.12725,47.2309],[33.12796,47.2312],[33.12862,47.23159],[33.12973,47.23196],[33.13089,47.23242],[33.13177,47.23282],[33.13237,47.23302],[33.13389,47.23313],[33.13537,47.23279],[33.13742,47.23219],[33.13971,47.23149],[33.14151,47.23071],[33.14236,47.23045],[33.14325,47.23037],[33.14459,47.23032],[33.14615,47.23053],[33.14795,47.23075],[33.14853,47.23102],[33.14895,47.23138],[33.14984,47.23216],[33.1502,47.23256],[33.15037,47.233],[33.15065,47.23375],[33.15113,47.23409],[33.15157,47.23442],[33.15233,47.2347],[33.15337,47.23507],[33.15451,47.23541],[33.15529,47.23567],[33.15571,47.23579],[33.15627,47.23586],[33.15674,47.23585],[33.15726,47.23588],[33.15768,47.23585],[33.15822,47.23581],[33.15908,47.23581],[33.15988,47.23599],[33.16036,47.23613],[33.16139,47.23642],[33.16173,47.23651],[33.16215,47.23651],[33.16262,47.2364],[33.16308,47.23628],[33.16341,47.23616],[33.16372,47.23601],[33.16391,47.2358],[33.16375,47.23549],[33.16346,47.23524],[33.16271,47.23496],[33.16213,47.23476],[33.16064,47.23417],[33.16026,47.23382],[33.15975,47.23333],[33.1595,47.23288],[33.15942,47.23264],[33.15955,47.23232],[33.15981,47.23219],[33.1601,47.23221],[33.16032,47.23222],[33.16049,47.23211],[33.16065,47.23188],[33.16075,47.23168],[33.16109,47.23154],[33.16172,47.23154],[33.16224,47.23163],[33.16265,47.23174],[33.16329,47.23179],[33.16396,47.23195],[33.16449,47.23223],[33.16486,47.23263],[33.16601,47.23396],[33.16637,47.23426],[33.16685,47.23443],[33.16732,47.23436],[33.16794,47.23406],[33.16831,47.23375],[33.16879,47.23357],[33.16937,47.23355],[33.17006,47.23358],[33.17072,47.23357],[33.17151,47.23367],[33.1722,47.23361],[33.17278,47.23376],[33.17326,47.23406],[33.17367,47.23468],[33.1742,47.23565],[33.17501,47.23695],[33.17549,47.23741],[33.17596,47.23771],[33.17644,47.23788],[33.177,47.23794],[33.17764,47.23793],[33.17817,47.23778],[33.17844,47.23769],[33.17893,47.23751],[33.17982,47.23706],[33.18073,47.23699],[33.18137,47.23715],[33.18229,47.23743],[33.1831,47.23771],[33.18369,47.23803],[33.17999,47.24067],[33.1769,47.24194],[33.17385,47.24368],[33.16617,47.24888],[33.16038,47.25227],[33.1511,47.2588],[33.1444,47.26276],[33.13616,47.26777],[33.13799,47.27024],[33.13953,47.27233],[33.12017,47.27769],[33.11927,47.27902],[33.1185,47.28197],[33.11773,47.28202],[33.11459,47.28169],[33.10983,47.28098],[33.10668,47.28046],[33.10521,47.28046],[33.10438,47.28275],[33.10208,47.29065],[33.10474,47.2916],[33.10943,47.29293],[33.11153,47.29393],[33.11028,47.29445],[33.10986,47.29688],[33.11043,47.29959],[33.11078,47.30102],[33.11029,47.30249],[33.10688,47.31083],[33.10451,47.3173],[33.10277,47.32168],[33.10291,47.32235],[33.1109,47.3241],[33.12168,47.32642],[33.13065,47.32856],[33.13198,47.32946],[33.13283,47.33131],[33.13325,47.33231],[33.13577,47.33274],[33.1373,47.33365],[33.13557,47.33636],[33.13505,47.33878],[33.13416,47.3415],[33.13223,47.34564],[33.13255,47.34668],[33.13197,47.34743],[33.13124,47.35007],[33.13073,47.35285],[33.12958,47.35792],[33.12729,47.36621],[33.12552,47.37335],[33.12482,47.37629],[33.12349,47.38181],[33.12258,47.38522],[33.11725,47.38906],[33.11528,47.38879],[33.10844,47.38793],[33.09577,47.38631],[33.08406,47.38481],[33.07966,47.38428],[33.06232,47.38243],[33.05123,47.38108],[33.0426,47.37991],[33.03929,47.37969],[33.03898,47.38055],[33.03756,47.38534],[33.03594,47.39115],[33.03478,47.3963],[33.0351,47.39697],[33.03563,47.39787],[33.03426,47.40269],[33.03321,47.40715],[33.03122,47.41447],[33.02949,47.42128],[33.02928,47.42286],[33.03049,47.42403],[33.03454,47.42514],[33.03746,47.42555],[33.03701,47.42699],[33.03675,47.42924],[33.03628,47.43135],[33.03518,47.43588],[33.03418,47.43956],[33.03413,47.44163],[33.04118,47.44252],[33.05039,47.44362],[33.05386,47.44405],[33.05387,47.44501],[33.05297,47.44826],[33.05224,47.45215],[33.04983,47.46029],[33.04768,47.46629],[33.04726,47.46847],[33.04842,47.4695],[33.05647,47.47186],[33.06679,47.47492],[33.06901,47.47524],[33.07053,47.47481],[33.07053,47.47278],[33.07079,47.47121],[33.07068,47.46674],[33.07098,47.45464],[33.07117,47.43594],[33.07116,47.42901],[33.07131,47.42523],[33.0711,47.42366],[33.0712,47.41934],[33.07109,47.41559],[33.07155,47.41245],[33.08355,47.41387],[33.09722,47.4155],[33.11306,47.41727],[33.12205,47.41819],[33.13136,47.41921],[33.13783,47.41953],[33.13757,47.42089],[33.1369,47.42381],[33.13622,47.42656],[33.13544,47.43049],[33.13383,47.43642],[33.13242,47.44299],[33.13211,47.44484],[33.13232,47.44595],[33.13207,47.44799],[33.13107,47.45113],[33.13113,47.4532],[33.13114,47.45516],[33.13104,47.45787],[33.12932,47.46541],[33.12875,47.46802],[33.12723,47.47305],[33.12645,47.47405],[33.12571,47.47498],[33.1254,47.47634],[33.12572,47.47726],[33.12714,47.47769],[33.12777,47.47819],[33.12709,47.47948],[33.1273,47.4804],[33.12946,47.48079],[33.12999,47.48151],[33.1301,47.48254],[33.12937,47.48454],[33.12899,47.48633],[33.12877,47.48701],[33.12822,47.48878],[33.12721,47.49228],[33.12648,47.49423],[33.12613,47.4959],[33.1255,47.49799],[33.12495,47.50035],[33.12429,47.50349],[33.12407,47.50429],[33.12377,47.50539],[33.12355,47.50618],[33.12324,47.50794],[33.12451,47.50887],[33.13189,47.51074],[33.13931,47.51259],[33.145,47.51398],[33.14686,47.51465],[33.14704,47.51522],[33.146,47.51953],[33.14524,47.52324],[33.14434,47.52784],[33.14312,47.5341],[33.14337,47.53552],[33.14296,47.53786],[33.14174,47.54347],[33.14132,47.54452],[33.13963,47.54371],[33.13714,47.54272],[33.13168,47.54023],[33.12468,47.53778],[33.10914,47.53242],[33.09543,47.52789],[33.09497,47.52763],[33.09469,47.52798],[33.09399,47.53046],[33.0934,47.53341],[33.09249,47.53762],[33.09204,47.54034],[33.09071,47.54512],[33.0897,47.549],[33.08886,47.55217],[33.08939,47.55502],[33.08993,47.55809],[33.08965,47.55835],[33.09011,47.56211],[33.09071,47.56623],[33.09114,47.57082],[33.09234,47.57637],[33.09268,47.57883],[33.09398,47.57863],[33.09647,47.57827],[33.10565,47.57695],[33.11035,47.57632],[33.1128,47.5759],[33.11501,47.57559],[33.11963,47.57506],[33.12429,47.57437],[33.12711,47.57392],[33.13125,47.57335],[33.14029,47.57213],[33.14569,47.57139],[33.14833,47.571],[33.15034,47.57075],[33.15265,47.57041],[33.15422,47.57021],[33.15683,47.56985],[33.15947,47.56943],[33.16285,47.56894],[33.1655,47.56855],[33.17029,47.56773],[33.17008,47.56708],[33.17186,47.56668],[33.17328,47.56717],[33.17478,47.56754],[33.17508,47.56768],[33.17535,47.56752],[33.17614,47.56768],[33.1772,47.56837],[33.17789,47.56887],[33.17835,47.56919],[33.17894,47.56975],[33.18017,47.57082],[33.18085,47.57137],[33.18305,47.57228],[33.18423,47.57263],[33.18846,47.57216],[33.19093,47.57207],[33.19501,47.57041],[33.1969,47.56984],[33.19831,47.56966],[33.19913,47.56953],[33.19978,47.56936],[33.20072,47.56932],[33.20157,47.56933],[33.20309,47.56922],[33.20656,47.56929],[33.20833,47.56946],[33.20958,47.56964],[33.21192,47.57011],[33.21636,47.57145],[33.2202,47.57223],[33.22359,47.57309],[33.22618,47.57359],[33.22737,47.57414],[33.22775,47.57446],[33.22797,47.57476],[33.22853,47.57558],[33.22971,47.5771],[33.22989,47.57739],[33.23025,47.57776],[33.23064,47.57786],[33.23101,47.57786],[33.2317,47.57782],[33.23263,47.57761],[33.23342,47.57737],[33.23394,47.577],[33.23438,47.57649],[33.23526,47.57531],[33.23586,47.57437],[33.23671,47.57323],[33.23741,47.5717],[33.23753,47.5711],[33.23768,47.57036],[33.23772,47.56916],[33.23746,47.56752],[33.23655,47.56442],[33.23621,47.56347],[33.23523,47.56164],[33.2341,47.56009],[33.23261,47.55773],[33.23151,47.5565],[33.23001,47.55495],[33.22952,47.55442],[33.22903,47.554],[33.22803,47.55336],[33.22643,47.55264],[33.22517,47.55188],[33.22385,47.5512],[33.22262,47.55073],[33.22073,47.54996],[33.21956,47.54944],[33.21893,47.54904],[33.21835,47.54864],[33.21814,47.54824],[33.21818,47.54786],[33.21865,47.54734],[33.21919,47.54661],[33.21981,47.54606],[33.22073,47.54556],[33.22129,47.54529],[33.22156,47.54494],[33.22185,47.54434],[33.22189,47.54394],[33.22179,47.54318],[33.22176,47.54247],[33.22201,47.54128],[33.22203,47.54042],[33.22189,47.53955],[33.22159,47.53893],[33.22121,47.53852],[33.22024,47.53778],[33.21913,47.53691],[33.21715,47.53573],[33.21637,47.53533],[33.21582,47.53489],[33.21515,47.53433],[33.21502,47.53399],[33.21505,47.53376],[33.21551,47.53311],[33.21605,47.53268],[33.21652,47.5323],[33.21711,47.53206],[33.2176,47.53187],[33.21845,47.53175],[33.21891,47.53167],[33.21944,47.53146],[33.22007,47.53117],[33.22066,47.53089],[33.22105,47.53084],[33.22151,47.53084],[33.2227,47.53058],[33.22413,47.53037],[33.22501,47.53032],[33.22563,47.53042],[33.22666,47.53079],[33.22741,47.53113],[33.22802,47.53122],[33.2285,47.53122],[33.22904,47.53111],[33.22945,47.5309],[33.23022,47.53035],[33.23086,47.52971],[33.23148,47.52939],[33.23206,47.52929],[33.23277,47.52932],[33.23421,47.52954],[33.23552,47.52993],[33.23679,47.53029],[33.23816,47.53052],[33.23864,47.5305],[33.23947,47.53042],[33.24046,47.53019],[33.24181,47.53035],[33.24352,47.53087],[33.24439,47.53118],[33.24496,47.53158],[33.24588,47.53196],[33.24717,47.53268],[33.24846,47.53334],[33.24985,47.53372],[33.25132,47.53412],[33.25267,47.53457],[33.25445,47.53522],[33.2558,47.53586],[33.25713,47.53662],[33.2581,47.53729],[33.25874,47.53804],[33.25936,47.53888],[33.26024,47.53973],[33.26097,47.54027],[33.26207,47.54085],[33.2635,47.54153],[33.26477,47.54227],[33.26623,47.54296],[33.26743,47.5434],[33.2684,47.54366],[33.26944,47.54398],[33.27049,47.5445],[33.27159,47.54521],[33.2723,47.54563],[33.27311,47.54591],[33.27459,47.54631],[33.27646,47.54629],[33.27927,47.54608],[33.28068,47.54586],[33.28105,47.54573],[33.28131,47.54563],[33.28146,47.54548],[33.28154,47.54543],[33.28178,47.54539],[33.28224,47.5454],[33.28307,47.54536],[33.28371,47.54507],[33.28558,47.54413],[33.2872,47.5433],[33.28776,47.54274],[33.28801,47.54218],[33.28805,47.54153],[33.28796,47.541],[33.2881,47.54019],[33.28831,47.53924],[33.28841,47.53834],[33.28863,47.53618],[33.28872,47.53412],[33.28868,47.53294],[33.28848,47.5317],[33.28781,47.52966],[33.28766,47.52829],[33.28747,47.52776],[33.28698,47.52637],[33.2865,47.52547],[33.28595,47.52492],[33.28444,47.52411],[33.28174,47.5226],[33.28047,47.52167],[33.27925,47.52072],[33.27876,47.51999],[33.27871,47.51887],[33.27878,47.51774],[33.27923,47.51677],[33.27992,47.51595],[33.28114,47.51543],[33.28201,47.51474],[33.28204,47.51403],[33.28286,47.51314],[33.28352,47.51271],[33.28395,47.5123],[33.28543,47.51092],[33.28657,47.50995],[33.28782,47.50921],[33.28803,47.50903],[33.29037,47.50777],[33.29135,47.50714],[33.29247,47.50643],[33.29461,47.50489],[33.29631,47.50398],[33.29841,47.50316],[33.29978,47.50298],[33.30071,47.50294],[33.30208,47.50305],[33.30299,47.50314],[33.30443,47.50304],[33.30702,47.50257],[33.30803,47.50238],[33.30949,47.50198],[33.30998,47.5016],[33.31026,47.50099],[33.31074,47.50003],[33.31122,47.49919],[33.31119,47.49869],[33.3115,47.49804],[33.31248,47.49702],[33.31372,47.49499],[33.31426,47.49358],[33.31486,47.49216],[33.31495,47.4907],[33.31447,47.48949],[33.31369,47.48859],[33.3126,47.48806],[33.30914,47.48694],[33.30782,47.48645],[33.30722,47.48615],[33.30909,47.48531],[33.3117,47.4841],[33.31414,47.48259],[33.32065,47.48472],[33.32617,47.48657],[33.32975,47.48747],[33.33289,47.48822],[33.33775,47.4899],[33.34174,47.49129],[33.34503,47.49244],[33.34673,47.493],[33.34882,47.49367],[33.34763,47.4948],[33.34377,47.49807],[33.34227,47.49943],[33.34023,47.50121],[33.33802,47.50317],[33.33562,47.50532],[33.33072,47.50952],[33.33008,47.51012],[33.32829,47.51414],[33.32721,47.51645],[33.32645,47.5179],[33.32497,47.52014],[33.32269,47.52356],[33.32483,47.52376],[33.3256,47.5236],[33.32647,47.52309],[33.33021,47.52376],[33.33532,47.52436],[33.33785,47.52468],[33.33944,47.52482],[33.3404,47.52496],[33.34142,47.52512],[33.34322,47.52542],[33.34593,47.52577],[33.34894,47.52619],[33.35152,47.52654],[33.35547,47.5271],[33.35754,47.52741],[33.36268,47.52806],[33.36558,47.52838],[33.36778,47.52873],[33.37282,47.52919],[33.37712,47.52973],[33.38116,47.53033],[33.38263,47.53051],[33.38666,47.53102],[33.39159,47.53178],[33.39625,47.53242],[33.40099,47.53288],[33.40547,47.53352],[33.4101,47.53417],[33.41438,47.53478],[33.41817,47.53524],[33.42468,47.53609],[33.42791,47.53647],[33.43052,47.53677],[33.43147,47.53693],[33.43327,47.53718],[33.43463,47.53737],[33.43898,47.53795],[33.44394,47.5386],[33.44785,47.53909],[33.4501,47.53935],[33.45142,47.53951],[33.45413,47.53983],[33.45664,47.54017],[33.45841,47.54037],[33.46284,47.54089],[33.46578,47.54129],[33.46766,47.54158],[33.46969,47.54187],[33.47233,47.54213],[33.47579,47.54256],[33.47806,47.54288],[33.48318,47.54353],[33.4861,47.54393],[33.48551,47.54586],[33.48497,47.54804],[33.48453,47.54976],[33.48412,47.5514],[33.48369,47.5531],[33.48315,47.55501],[33.48274,47.55633],[33.48241,47.55751],[33.48196,47.55886],[33.48176,47.55954],[33.48122,47.56104],[33.48051,47.56381],[33.47999,47.5656],[33.47959,47.56703],[33.47915,47.56868],[33.47868,47.57022],[33.47806,47.57241],[33.47765,47.57397],[33.4772,47.57546],[33.47655,47.57775],[33.47617,47.579],[33.47529,47.58222],[33.47464,47.58415],[33.47399,47.58639],[33.47372,47.58733],[33.47627,47.58767],[33.48214,47.58836],[33.48461,47.58861],[33.48893,47.58909],[33.49452,47.58974],[33.49835,47.5902],[33.50054,47.59043],[33.50626,47.59106],[33.50901,47.59141],[33.50994,47.59148],[33.51085,47.5916],[33.51178,47.59177],[33.51595,47.59228],[33.52295,47.59322],[33.52946,47.59401],[33.53457,47.59461],[33.54073,47.59534],[33.54307,47.59565],[33.547,47.59617],[33.55201,47.59674],[33.5565,47.59734],[33.56098,47.59786],[33.56437,47.59825],[33.56864,47.59878],[33.57154,47.59912],[33.5735,47.59936],[33.57577,47.59962],[33.57873,47.6],[33.58032,47.60019],[33.58116,47.59759],[33.58204,47.59439],[33.58282,47.59156],[33.58352,47.58911],[33.58381,47.58823],[33.5848,47.58836],[33.58608,47.58852],[33.58813,47.58873],[33.58831,47.58815],[33.58871,47.58678],[33.58896,47.58597],[33.58944,47.58416],[33.58991,47.58248],[33.59038,47.5808],[33.5908,47.57926],[33.59102,47.57862],[33.5915,47.57696],[33.5919,47.57519],[33.59229,47.57365],[33.59358,47.57368],[33.59419,47.57381],[33.59448,47.57392],[33.59501,47.57401],[33.59581,47.57412],[33.59751,47.57433],[33.60006,47.57462],[33.60289,47.57494],[33.6051,47.57518],[33.60549,47.575],[33.60569,47.57416],[33.60592,47.57341],[33.60638,47.57157],[33.6066,47.57073],[33.60692,47.56958],[33.60723,47.56831],[33.60756,47.56726],[33.60795,47.56576],[33.60851,47.56386],[33.60906,47.56187],[33.60903,47.56117],[33.60845,47.56084],[33.60622,47.56048],[33.60319,47.56002],[33.60059,47.55973],[33.59362,47.55887],[33.5914,47.55858],[33.58981,47.55838],[33.58865,47.55823],[33.58882,47.55747],[33.58915,47.55645],[33.58929,47.5556],[33.58975,47.5541],[33.59022,47.55232],[33.59071,47.55045],[33.59143,47.54751],[33.59175,47.54623],[33.5918,47.54538],[33.59254,47.54442],[33.58958,47.54147],[33.58843,47.54201],[33.5873,47.54096],[33.58547,47.53912],[33.58291,47.53666],[33.58263,47.53519],[33.58022,47.53287],[33.57592,47.52867],[33.57652,47.52872],[33.58023,47.53244],[33.5804,47.53238],[33.5816,47.5284],[33.58198,47.5269],[33.58263,47.5244],[33.58281,47.5237],[33.58351,47.52091],[33.58377,47.51982],[33.58453,47.51707],[33.58506,47.51506],[33.58572,47.51268],[33.58625,47.51072],[33.58678,47.50878],[33.58735,47.50671],[33.58785,47.50477],[33.58816,47.5036],[33.58845,47.5023],[33.59128,47.50258],[33.59335,47.50284],[33.5967,47.50318],[33.59894,47.50348],[33.60072,47.50371],[33.6029,47.50395],[33.60426,47.50413],[33.60501,47.50416],[33.60468,47.50581],[33.60446,47.50686],[33.60414,47.50843],[33.60389,47.5095],[33.60377,47.51019],[33.60372,47.51028],[33.6061,47.51064],[33.60714,47.51076],[33.60922,47.511],[33.6097,47.51099],[33.6099,47.51099],[33.61024,47.51105],[33.61066,47.51106],[33.62088,47.51213],[33.63466,47.51389],[33.63597,47.51407],[33.63653,47.51205],[33.63691,47.51055],[33.63736,47.50871],[33.63777,47.50714],[33.63854,47.50422],[33.63894,47.50258],[33.63968,47.50028],[33.64043,47.49714],[33.64088,47.49554],[33.64148,47.49309],[33.64211,47.49049],[33.6428,47.48782],[33.64361,47.48453],[33.67778,47.4884],[33.69092,47.4898],[33.71595,47.49251],[33.74092,47.49515],[33.7865,47.49997],[33.80922,47.50243],[33.83197,47.50466],[33.84447,47.50601],[33.85189,47.50669],[33.85828,47.50729],[33.86605,47.50806],[33.87398,47.50882],[33.88318,47.50975],[33.90269,47.51154],[33.90428,47.51175],[33.90444,47.51176],[33.90495,47.51162],[33.90673,47.51179],[33.9092,47.51226],[33.91074,47.51262],[33.91237,47.51285],[33.91337,47.5129],[33.91432,47.51281],[33.91477,47.51276],[33.91776,47.51309],[33.92211,47.51384],[33.92262,47.51406],[33.92408,47.51438],[33.92582,47.51455],[33.92664,47.5147],[33.92768,47.51503],[33.92949,47.51564],[33.92999,47.51582],[33.93087,47.51606],[33.93482,47.5163],[33.93666,47.51611],[33.93814,47.51616],[33.93902,47.51611],[33.93958,47.51595],[33.94082,47.51484],[33.94105,47.51435],[33.94113,47.51282],[33.94131,47.51222],[33.94189,47.50893],[33.94209,47.50828],[33.94315,47.50666],[33.94602,47.5026],[33.94674,47.50128],[33.9471,47.5],[33.94728,47.4983],[33.94738,47.49778],[33.94744,47.49746],[33.94789,47.49286],[33.94814,47.49129],[33.94846,47.48848],[33.9492,47.48302],[33.94953,47.47998],[33.94964,47.47834],[33.94979,47.47769],[33.95075,47.46863],[33.95127,47.46326],[33.95134,47.46158],[33.95159,47.46095],[33.9519,47.45976],[33.95231,47.45893],[33.95297,47.45825],[33.95347,47.45795],[33.95478,47.45755],[33.95551,47.45749],[33.95709,47.45751],[33.96031,47.45777],[33.962,47.45797],[33.9654,47.45821],[33.96641,47.45835],[33.96883,47.45853],[33.97066,47.45873],[33.97226,47.45881],[33.97567,47.45916],[33.97783,47.45932],[33.97844,47.45932],[33.98196,47.45892],[33.98268,47.45888],[33.986,47.45792],[33.98705,47.45789],[33.98791,47.45803],[33.99192,47.45924],[33.99379,47.45934],[33.99448,47.45949],[33.99704,47.45947],[33.99797,47.45929],[33.99854,47.45897],[34.00334,47.45662],[34.00392,47.45682],[34.00567,47.45725],[34.00736,47.4576],[34.01159,47.45865],[34.01731,47.45998],[34.01744,47.46001],[34.02093,47.46082],[34.02624,47.46205],[34.02892,47.4627],[34.03219,47.4634],[34.03359,47.46374],[34.03728,47.46462],[34.03838,47.46466],[34.04069,47.46513],[34.04392,47.46569],[34.04631,47.46612],[34.04828,47.46646],[34.05077,47.46678],[34.05342,47.46725],[34.0577,47.46793],[34.05946,47.46822],[34.0608,47.46859],[34.06172,47.4686],[34.06338,47.46889],[34.06552,47.46917],[34.06774,47.46953],[34.07193,47.47019],[34.07441,47.47062],[34.07596,47.47078],[34.0787,47.47105],[34.08058,47.47121],[34.08423,47.47164],[34.08662,47.47183],[34.08891,47.4721],[34.09143,47.47233],[34.09331,47.4725],[34.09589,47.47276],[34.09633,47.47278],[34.09786,47.47296],[34.10007,47.47314],[34.10084,47.47323],[34.1019,47.4733],[34.10416,47.47356],[34.10699,47.47387],[34.11032,47.47419],[34.11223,47.47443],[34.1146,47.47464],[34.11706,47.4749],[34.11922,47.47515],[34.12313,47.47556],[34.12445,47.47571],[34.12795,47.47615],[34.13186,47.47656],[34.13946,47.47725],[34.15466,47.47968],[34.16603,47.48157],[34.17745,47.4834],[34.19265,47.48583],[34.20739,47.48826],[34.21914,47.4907],[34.23415,47.4944],[34.24163,47.49714],[34.25197,47.50095],[34.25993,47.50492],[34.26505,47.50742],[34.26812,47.50885],[34.27275,47.5105],[34.27615,47.51173],[34.28313,47.51383],[34.28699,47.51504],[34.29646,47.51795],[34.29998,47.51914],[34.30711,47.51948],[34.31394,47.51981],[34.33385,47.52107],[34.34573,47.52189],[34.35273,47.52263],[34.36664,47.52424],[34.37688,47.52527],[34.38357,47.52595],[34.392,47.52686],[34.39636,47.52725],[34.40057,47.5277],[34.40491,47.52826],[34.41289,47.52906],[34.42404,47.53017],[34.43275,47.53063],[34.43977,47.53077],[34.45292,47.53113],[34.46089,47.53148],[34.46625,47.53187],[34.46886,47.53212],[34.47273,47.53287],[34.4781,47.53422],[34.48562,47.53709],[34.49341,47.54094],[34.49697,47.54292],[34.49846,47.54357],[34.51009,47.54736],[34.51317,47.54836],[34.52808,47.55368],[34.53115,47.55428],[34.53735,47.55545],[34.55773,47.55941],[34.55844,47.55927],[34.57238,47.56162],[34.57708,47.5618],[34.57911,47.56188],[34.58835,47.56235],[34.59319,47.56213],[34.60153,47.56217],[34.61102,47.56175],[34.61512,47.5615],[34.62337,47.56127],[34.62915,47.56104],[34.63283,47.56075],[34.63906,47.56025],[34.64498,47.55976],[34.64782,47.55942],[34.65042,47.55899],[34.65824,47.55762],[34.66969,47.55565],[34.67511,47.55424],[34.68453,47.55178],[34.69775,47.54831],[34.70788,47.54564],[34.71203,47.54487],[34.71816,47.54338],[34.7355,47.53891],[34.74096,47.5384],[34.74534,47.53852],[34.76129,47.53823],[34.77023,47.53806],[34.78597,47.53782],[34.78943,47.53712],[34.79552,47.53694],[34.79632,47.53702],[34.79801,47.53658],[34.80344,47.53509],[34.81512,47.53145],[34.8171,47.53078],[34.81983,47.52967],[34.83101,47.52515],[34.84047,47.52102],[34.84595,47.51936],[34.85184,47.51769],[34.8585,47.51572],[34.86146,47.51514],[34.86227,47.51507],[34.87626,47.51501],[34.88374,47.51594],[34.89962,47.51822],[34.91056,47.52068],[34.92169,47.52305],[34.9292,47.52472],[34.93702,47.52687],[34.93833,47.52713],[34.9418,47.52866],[34.94424,47.52988],[34.94689,47.53108],[34.95296,47.53399],[34.95536,47.53592],[34.95803,47.53828],[34.96188,47.54261],[34.96396,47.54575],[34.9653,47.54785],[34.96553,47.55],[34.96519,47.55129],[34.96103,47.56074],[34.9605,47.56036],[34.96012,47.56043],[34.95934,47.56009],[34.95902,47.55985],[34.95854,47.55967],[34.95846,47.55928],[34.95673,47.55886],[34.95584,47.55836],[34.95569,47.55803],[34.95508,47.55801],[34.95403,47.55812],[34.95214,47.55797],[34.94487,47.55767],[34.94074,47.55738],[34.93801,47.55678],[34.93708,47.55677],[34.93607,47.55662],[34.93406,47.55676],[34.93355,47.55674],[34.93305,47.55673],[34.93244,47.55671],[34.93213,47.55675],[34.93135,47.55677],[34.93077,47.55672],[34.9303,47.55665],[34.92964,47.55673],[34.92907,47.55672],[34.92821,47.55666],[34.92712,47.55647],[34.92663,47.55647],[34.92603,47.55637],[34.92537,47.55617],[34.92431,47.55612],[34.92379,47.55618],[34.92321,47.55641],[34.92379,47.55702],[34.92655,47.55772],[34.92869,47.55778],[34.95249,47.55996],[34.95934,47.56318],[34.95781,47.56544],[34.95835,47.56622],[34.95692,47.56858],[34.95315,47.5711],[34.95235,47.57157],[34.94901,47.5722],[34.94648,47.57191],[34.93604,47.56837],[34.93582,47.56835],[34.93598,47.56851],[34.93601,47.56886],[34.93634,47.56905],[34.9363,47.56919],[34.93603,47.56924],[34.93505,47.56902],[34.93486,47.56954],[34.93475,47.56974],[34.93488,47.56989],[34.93687,47.57011],[34.94588,47.57425],[34.9407,47.57939],[34.93911,47.58049],[34.92755,47.58031],[34.92731,47.58143],[34.93598,47.5825],[34.93447,47.58826],[34.93367,47.5887],[34.92908,47.58984],[34.9262,47.5934],[34.92608,47.59412],[34.92691,47.59423],[34.92783,47.59349],[34.92919,47.59305],[34.93076,47.59288],[34.93178,47.59334],[34.93159,47.59179],[34.93413,47.59055],[34.93497,47.59078],[34.9387,47.59464],[34.93721,47.59798],[34.93826,47.59846],[34.94061,47.60074],[34.94209,47.60101],[34.94159,47.60316],[34.93308,47.63565],[34.9163,47.63369],[34.91618,47.6338],[34.91425,47.64047],[34.91384,47.6409],[34.91322,47.64423],[34.91281,47.64615],[34.91305,47.64634],[34.91266,47.64774],[34.91208,47.64884],[34.91008,47.65575],[34.90571,47.67388],[34.93824,47.6774],[34.93566,47.68684],[34.92989,47.71159],[34.95604,47.71234],[34.95186,47.72705],[34.95752,47.72754],[34.95448,47.73908],[34.96493,47.74021],[34.96164,47.75207],[34.9575,47.76959],[34.89362,47.76022],[34.88213,47.80634],[34.88082,47.81194],[34.87888,47.8184],[34.8815,47.81982],[34.88342,47.82082],[34.88547,47.82178],[34.90338,47.82959],[34.89989,47.84279],[34.89723,47.85281],[34.87891,47.85064],[34.87365,47.85022],[34.8708,47.85063],[34.87066,47.85131],[34.8654,47.87239],[34.86402,47.8794],[34.8626,47.88007],[34.86084,47.88053],[34.85931,47.88031],[34.85795,47.88055],[34.85308,47.87812],[34.85025,47.87709],[34.84771,47.87565],[34.84433,47.87322],[34.84052,47.87124],[34.83762,47.86989],[34.83223,47.86929],[34.82828,47.86867],[34.82627,47.86773],[34.82396,47.86671],[34.81975,47.86519],[34.81711,47.86433],[34.81348,47.87522],[34.80197,47.91564],[34.85168,47.92097],[34.85038,47.93195],[34.8492,47.93777],[34.85584,47.93879],[34.87642,47.94195],[34.88103,47.92891],[34.91909,47.93346],[34.91373,47.94071],[34.90928,47.9574],[34.9125,47.95779],[34.90677,47.9788],[34.90488,47.98572],[34.86954,47.98239],[34.86577,47.99632],[34.86447,48.00163],[34.85833,48.01518],[34.85629,48.01485],[34.85407,48.01451],[34.84652,48.01362],[34.84514,48.02304],[34.84487,48.02379],[34.843,48.03522],[34.84141,48.04215],[34.84039,48.04633],[34.84004,48.04762],[34.83933,48.04859],[34.83921,48.05051],[34.85306,48.05201],[34.86635,48.05345],[34.87566,48.05446],[34.87425,48.05873],[34.87277,48.06297],[34.87051,48.07082],[34.86892,48.07602],[34.86363,48.0984],[34.86335,48.0997],[34.86085,48.10903],[34.85842,48.11924],[34.85623,48.12834],[34.85511,48.13305],[34.86184,48.13333],[34.8783,48.13383],[34.88132,48.12712],[34.8925,48.12833],[34.91581,48.1306],[34.91898,48.11886],[34.92006,48.11458],[34.91169,48.1137],[34.91119,48.10705],[34.91107,48.1042],[34.9104,48.10406],[34.91109,48.10168],[34.91264,48.09799],[34.91472,48.09094],[34.92336,48.09192],[34.93007,48.09263],[34.92974,48.09033],[34.93949,48.09154],[34.9444,48.09209],[34.9576,48.09349],[34.95917,48.09364],[34.9724,48.09512],[34.97479,48.09542],[34.98559,48.09661],[34.98655,48.09646],[34.98731,48.09528],[34.98863,48.09294],[34.98946,48.0899],[34.99026,48.08919],[34.99635,48.09186],[35.00224,48.0934],[35.00609,48.09415],[35.00906,48.09416],[35.01094,48.09483],[35.01465,48.09475],[35.01813,48.09656],[35.02005,48.09703],[35.02183,48.09688],[35.02409,48.09732],[35.02581,48.098],[35.03604,48.09805],[35.03892,48.09845],[35.04005,48.09973],[35.04129,48.10408],[35.04469,48.10813],[35.05006,48.11308],[35.05507,48.11842],[35.05529,48.11863],[35.05552,48.11883],[35.05576,48.11904],[35.056,48.11923],[35.05626,48.11943],[35.05652,48.11962],[35.05679,48.1198],[35.05707,48.11998],[35.05735,48.12015],[35.05764,48.12032],[35.05794,48.12049],[35.05825,48.12064],[35.05856,48.1208],[35.05887,48.12094],[35.0592,48.12108],[35.05953,48.12122],[35.05986,48.12135],[35.0602,48.12147],[35.06054,48.12159],[35.06089,48.1217],[35.06124,48.1218],[35.0616,48.1219],[35.06196,48.12199],[35.06232,48.12208],[35.06269,48.12216],[35.06306,48.12223],[35.06343,48.12229],[35.06381,48.12235],[35.06418,48.1224],[35.06456,48.12245],[35.06495,48.12249],[35.06533,48.12252],[35.06676,48.12257],[35.06819,48.12261],[35.06962,48.12265],[35.07105,48.12268],[35.07249,48.12271],[35.07392,48.12273],[35.07535,48.12274],[35.07579,48.1227],[35.07622,48.12266],[35.07666,48.12263],[35.07709,48.12261],[35.07753,48.1226],[35.07797,48.12259],[35.07841,48.12259],[35.07884,48.12259],[35.07928,48.12261],[35.07972,48.12263],[35.08015,48.12265],[35.08059,48.12269],[35.08102,48.12273],[35.08146,48.12278],[35.08189,48.12283],[35.08231,48.12289],[35.08274,48.12296],[35.08316,48.12303],[35.08358,48.12312],[35.084,48.1232],[35.08442,48.1233],[35.08483,48.1234],[35.08523,48.12351],[35.08564,48.12362],[35.08604,48.12374],[35.08643,48.12387],[35.08682,48.12401],[35.08721,48.12415],[35.08759,48.12429],[35.08796,48.12444],[35.08833,48.1246],[35.08869,48.12476],[35.08905,48.12493],[35.08929,48.12521],[35.08953,48.12548],[35.08979,48.12575],[35.09005,48.12601],[35.09032,48.12627],[35.0906,48.12652],[35.09089,48.12677],[35.09119,48.12702],[35.0915,48.12726],[35.09181,48.1275],[35.09213,48.12773],[35.09246,48.12796],[35.0928,48.12818],[35.09314,48.1284],[35.0935,48.12861],[35.09386,48.12882],[35.09422,48.12902],[35.09459,48.12921],[35.09497,48.1294],[35.09536,48.12959],[35.09575,48.12977],[35.09614,48.12994],[35.09655,48.1301],[35.09696,48.13027],[35.09737,48.13042],[35.09779,48.13057],[35.09821,48.13071],[35.09864,48.13084],[35.09907,48.13097],[35.09951,48.1311],[35.09995,48.13121],[35.10039,48.13132],[35.10084,48.13142],[35.10129,48.13152],[35.10175,48.13161],[35.1022,48.13169],[35.10266,48.13176],[35.11506,48.13123],[35.13262,48.13015],[35.15454,48.12858],[35.16369,48.12876],[35.17061,48.13012],[35.17902,48.13111],[35.19381,48.13964],[35.19455,48.14037],[35.19596,48.14037],[35.20968,48.14013],[35.21136,48.1406],[35.21304,48.14137],[35.21449,48.14195],[35.216,48.1423],[35.21809,48.14269],[35.21971,48.14273],[35.22191,48.14242],[35.22464,48.14114],[35.22667,48.13963],[35.22997,48.13866],[35.23252,48.13797],[35.23713,48.13566],[35.23959,48.13491],[35.24186,48.13468],[35.24868,48.13508],[35.25399,48.13609],[35.2578,48.13781],[35.25954,48.1392],[35.26273,48.14083],[35.26539,48.14203],[35.26922,48.14323],[35.27386,48.14412],[35.2789,48.1447],[35.28429,48.14493],[35.29032,48.14474],[35.29502,48.14435],[35.2996,48.14303],[35.30337,48.14164],[35.31508,48.13526],[35.3214,48.13209],[35.32594,48.13062],[35.33257,48.12813],[35.33762,48.12383],[35.3385,48.12343],[35.33973,48.12343],[35.34149,48.12393],[35.34214,48.12398],[35.34253,48.124],[35.34262,48.12411],[35.3427,48.12431],[35.34306,48.12453],[35.34336,48.12454],[35.34361,48.12439],[35.34368,48.12416],[35.3436,48.12379],[35.34353,48.12344],[35.34384,48.12338],[35.34428,48.1235],[35.34458,48.1239],[35.34495,48.12406],[35.34547,48.12397],[35.34563,48.12342],[35.34619,48.12329],[35.34653,48.12287],[35.34702,48.12254],[35.34769,48.12248],[35.34853,48.12308],[35.34883,48.1232],[35.34915,48.12317],[35.34953,48.12255],[35.34987,48.12206],[35.35044,48.12195],[35.3518,48.12226],[35.35265,48.12231],[35.3529,48.12185],[35.35301,48.12129],[35.35342,48.12108],[35.35385,48.1212],[35.35438,48.12137],[35.35504,48.12177],[35.35545,48.12175],[35.35568,48.12145],[35.35564,48.12114],[35.35584,48.12084],[35.35649,48.12084],[35.35686,48.12137],[35.35708,48.12175],[35.35762,48.12184],[35.35817,48.12189],[35.36016,48.12148],[35.361,48.12112],[35.36191,48.12116],[35.36268,48.12107],[35.36397,48.12109],[35.3648,48.12091],[35.36569,48.12102],[35.36726,48.12073],[35.36812,48.12042],[35.36813,48.11992],[35.36837,48.11957],[35.36876,48.11924],[35.36916,48.11929],[35.36945,48.11953],[35.37009,48.11954],[35.37097,48.11923],[35.37161,48.11898],[35.37248,48.11896],[35.37384,48.11886],[35.37517,48.1188],[35.37563,48.11893],[35.37593,48.11919],[35.37632,48.11935],[35.37713,48.11884],[35.37755,48.11833],[35.37803,48.11809],[35.37897,48.11831],[35.38012,48.11829],[35.38073,48.11845],[35.38079,48.11895],[35.38134,48.11898],[35.38172,48.11923],[35.38223,48.11981],[35.383,48.12004],[35.38373,48.11948],[35.3845,48.11923],[35.38478,48.1189],[35.38552,48.11874],[35.38584,48.11832],[35.38642,48.11834],[35.38696,48.11829],[35.38716,48.11781],[35.38723,48.11755],[35.38811,48.11751],[35.38872,48.11723],[35.38857,48.117],[35.3892,48.11668],[35.39049,48.11623],[35.39169,48.11559],[35.393,48.11498],[35.39388,48.11454],[35.39436,48.11415],[35.39471,48.11418],[35.39561,48.11424],[35.39626,48.11399],[35.39715,48.114],[35.39772,48.11384],[35.39852,48.1138],[35.39932,48.11386],[35.40031,48.1141],[35.40092,48.11452],[35.40171,48.11468],[35.40264,48.11436],[35.403,48.11388],[35.40268,48.11322],[35.4034,48.11243],[35.40468,48.11166],[35.40559,48.1117],[35.40604,48.1115],[35.40673,48.11121],[35.40775,48.11136],[35.40858,48.11104],[35.40916,48.1109],[35.4097,48.11101],[35.41063,48.11083],[35.41209,48.11072],[35.41627,48.10969],[35.41773,48.10808],[35.42051,48.10459],[35.42126,48.10019],[35.42889,48.1008],[35.43384,48.10132],[35.43859,48.1017],[35.44499,48.10217],[35.44437,48.10412],[35.44969,48.10309],[35.45031,48.10305],[35.45551,48.10231],[35.45583,48.10212],[35.45625,48.10195],[35.4571,48.10173],[35.45806,48.10174],[35.45979,48.10201],[35.46031,48.10181],[35.46058,48.10154],[35.46073,48.10145],[35.46107,48.10144],[35.46137,48.10144],[35.46177,48.10161],[35.462,48.10172],[35.46228,48.1017],[35.46248,48.10149],[35.4625,48.10135],[35.46261,48.10109],[35.46286,48.10089],[35.46329,48.10069],[35.46365,48.1006],[35.46418,48.10052],[35.46448,48.10064],[35.46477,48.10062],[35.46521,48.10055],[35.4659,48.1007],[35.46631,48.10075],[35.4676,48.10017],[35.46816,48.10024],[35.46871,48.10018],[35.46973,48.09964],[35.47028,48.0995],[35.4706,48.09956],[35.4709,48.09946],[35.47139,48.0992],[35.47196,48.0991],[35.4725,48.09892],[35.47291,48.09878],[35.47325,48.09884],[35.47371,48.09877],[35.47383,48.09861],[35.47387,48.09832],[35.47395,48.09794],[35.47406,48.0978],[35.47448,48.09765],[35.47484,48.09761],[35.47512,48.09761],[35.47589,48.09787],[35.47657,48.09791],[35.47779,48.09817],[35.4787,48.09819],[35.47922,48.09811],[35.47938,48.09797],[35.47935,48.0978],[35.47923,48.09762],[35.47922,48.09747],[35.47943,48.0971],[35.47941,48.09678],[35.4796,48.0967],[35.47985,48.09674],[35.47997,48.09694],[35.48003,48.09719],[35.48027,48.0974],[35.48066,48.0974],[35.48092,48.09719],[35.48107,48.09694],[35.48153,48.09671],[35.48168,48.09607],[35.48154,48.09603],[35.48153,48.09597],[35.48164,48.0959],[35.48182,48.09596],[35.48188,48.09619],[35.48227,48.09638],[35.48235,48.09633],[35.48234,48.09623],[35.48357,48.09532],[35.48401,48.09524],[35.48452,48.09526],[35.48528,48.09512],[35.48561,48.09497],[35.4861,48.09505],[35.48648,48.09522],[35.48682,48.09521],[35.48717,48.09525],[35.48804,48.09547],[35.48898,48.09588],[35.49002,48.09583],[35.49047,48.09594],[35.49081,48.09626],[35.49144,48.09645],[35.49322,48.09643],[35.49485,48.096],[35.49529,48.09609],[35.4956,48.09639],[35.49645,48.09665],[35.49691,48.09615],[35.49782,48.09643],[35.4985,48.09646],[35.49911,48.09655],[35.49935,48.09673],[35.49991,48.09689],[35.50081,48.0969],[35.50136,48.09683],[35.5032,48.0964],[35.50395,48.09642],[35.50513,48.09661],[35.50634,48.09695],[35.50666,48.09727],[35.5069,48.09713],[35.50706,48.09736],[35.50743,48.09762],[35.50765,48.09764],[35.50797,48.09773],[35.50829,48.09766],[35.50831,48.09738],[35.50866,48.09718],[35.50917,48.0971],[35.50982,48.09707],[35.51049,48.09684],[35.51074,48.09685],[35.51163,48.09668],[35.51239,48.09639],[35.51307,48.09598],[35.51381,48.0959],[35.51432,48.09619],[35.51466,48.0961],[35.51496,48.09562],[35.51512,48.09551],[35.51609,48.09549],[35.51762,48.09501],[35.51886,48.09486],[35.51933,48.09454],[35.51942,48.09449],[35.51934,48.09323],[35.51934,48.09274],[35.5215,48.08468],[35.52354,48.0768],[35.52414,48.0746],[35.55354,48.0839],[35.56335,48.08751],[35.57084,48.09023],[35.58231,48.09437],[35.5931,48.09835],[35.59991,48.10089],[35.61277,48.10565],[35.63612,48.11429],[35.64237,48.11656],[35.65083,48.11966],[35.65682,48.12184],[35.68058,48.13056],[35.68802,48.13345],[35.69133,48.13479],[35.69576,48.13637],[35.69892,48.13812],[35.7028,48.14018],[35.70341,48.14021],[35.70784,48.13527],[35.71798,48.12368],[35.72887,48.11184],[35.74282,48.09575],[35.74472,48.09599],[35.75657,48.09644],[35.756,48.09835],[35.75816,48.09861],[35.76154,48.09786],[35.76638,48.0975],[35.77288,48.097],[35.77618,48.09672],[35.78056,48.09487],[35.78316,48.09417],[35.78623,48.09481],[35.78999,48.09524],[35.79473,48.09634],[35.80086,48.09849],[35.80591,48.10043],[35.80717,48.09808],[35.80872,48.09281],[35.81502,48.0726],[35.81686,48.06612],[35.82329,48.06717],[35.82783,48.06778],[35.84944,48.07102],[35.85635,48.07207],[35.86784,48.07391],[35.87796,48.07556],[35.88534,48.07661],[35.8972,48.07843],[35.91007,48.08025],[35.92063,48.08207],[35.9267,48.08377],[35.93319,48.08543],[35.93881,48.08706],[35.9476,48.08926],[35.95371,48.09097],[35.95984,48.09259],[35.96242,48.09336],[35.96401,48.09387],[35.9666,48.09479],[35.96686,48.09478],[35.9674,48.09469],[35.96804,48.09458],[35.96864,48.09443],[35.96957,48.09405],[35.96994,48.09393],[35.97027,48.09376],[35.97067,48.09344],[35.97115,48.09317],[35.97131,48.09314],[35.97153,48.09312],[35.97162,48.0931],[35.97225,48.09296],[35.97265,48.09286],[35.97317,48.09278],[35.97366,48.09267],[35.97423,48.09264],[35.9747,48.09259],[35.975,48.09251],[35.9754,48.09228],[35.97562,48.09204],[35.97583,48.09165],[35.97589,48.09144],[35.97594,48.09089],[35.97593,48.09046],[35.97581,48.09008],[35.9756,48.0896],[35.97547,48.08939],[35.97509,48.08896],[35.97471,48.08833],[35.97475,48.08768],[35.9748,48.08739],[35.97488,48.08726],[35.97498,48.08714],[35.9754,48.08683],[35.97554,48.08672],[35.9761,48.08635],[35.97681,48.08608],[35.97732,48.08604],[35.97787,48.0861],[35.97864,48.08627],[35.98002,48.08648],[35.98157,48.08666],[35.98319,48.08678],[35.98404,48.08664],[35.98438,48.08646],[35.98466,48.08625],[35.98482,48.086],[35.98496,48.08567],[35.985,48.08537],[35.98543,48.08478],[35.98546,48.08464],[35.98548,48.0845],[35.98541,48.08429],[35.98484,48.0837],[35.98474,48.08356],[35.98462,48.08326],[35.98452,48.0821],[35.98463,48.0806],[35.9844,48.07899],[35.98396,48.07816],[35.98344,48.07784],[35.98285,48.07768],[35.9822,48.07765],[35.98095,48.07781],[35.9794,48.07805],[35.97792,48.07809],[35.97702,48.07798],[35.97614,48.07742],[35.97548,48.07683],[35.97467,48.07615],[35.97395,48.07571],[35.97343,48.07542],[35.97135,48.07473],[35.97056,48.07443],[35.96995,48.07409],[35.96965,48.07375],[35.96943,48.07312],[35.96943,48.07275],[35.9694,48.07255],[35.9696,48.07226],[35.96978,48.07203],[35.96997,48.07188],[35.9703,48.07172],[35.97055,48.07149],[35.97073,48.07128],[35.97082,48.07107],[35.97096,48.07087],[35.97105,48.07055],[35.97117,48.0703],[35.97139,48.07002],[35.97164,48.06979],[35.97272,48.06844],[35.97377,48.0674],[35.9742,48.06651],[35.97419,48.0659],[35.97394,48.06521],[35.97359,48.06486],[35.97338,48.06447],[35.97296,48.06393],[35.97277,48.06314],[35.97257,48.06265],[35.9723,48.06227],[35.97164,48.06151],[35.97154,48.06122],[35.97151,48.06098],[35.97157,48.06072],[35.97176,48.06022],[35.97202,48.05994],[35.97272,48.05957],[35.97359,48.05931],[35.97403,48.05927],[35.97441,48.05928],[35.97485,48.05932],[35.97519,48.05943],[35.97551,48.05957],[35.97581,48.05977],[35.97603,48.06004],[35.97636,48.06059],[35.97663,48.06085],[35.97771,48.06244],[35.97799,48.06272],[35.97825,48.06287],[35.97887,48.06316],[35.97919,48.06325],[35.97976,48.06339],[35.98009,48.06343],[35.98066,48.0634],[35.98121,48.0633],[35.9817,48.06304],[35.98244,48.0626],[35.98296,48.06236],[35.98416,48.0615],[35.98465,48.0611],[35.98524,48.06045],[35.98702,48.05968],[35.98782,48.05929],[35.98826,48.05893],[35.98852,48.05835],[35.98858,48.05791],[35.98852,48.05756],[35.98831,48.05726],[35.98794,48.05705],[35.98736,48.05696],[35.98568,48.05716],[35.98472,48.05716],[35.9833,48.0571],[35.98288,48.05695],[35.98261,48.05679],[35.98234,48.05644],[35.98213,48.05608],[35.98202,48.05552],[35.9819,48.05524],[35.98106,48.05458],[35.98073,48.05436],[35.98011,48.05371],[35.97995,48.05329],[35.97978,48.05297],[35.97954,48.0527],[35.97915,48.05248],[35.97835,48.05192],[35.97796,48.05152],[35.97771,48.05107],[35.97755,48.05064],[35.97741,48.04996],[35.97739,48.04959],[35.97728,48.04908],[35.97699,48.04818],[35.97673,48.04778],[35.97647,48.04742],[35.97624,48.04699],[35.97613,48.04646],[35.97612,48.04595],[35.97623,48.04532],[35.97529,48.04318],[35.97641,48.04331],[35.97836,48.04373],[35.98836,48.04563],[35.9899,48.04593],[35.99168,48.04634],[35.99402,48.0469],[35.99849,48.04782],[36.00864,48.04998],[36.01324,48.05093],[36.03142,48.05465],[36.0426,48.05692],[36.05248,48.05907],[36.05271,48.0586],[36.05409,48.05558],[36.05673,48.0499],[36.05822,48.04654],[36.05609,48.0461],[36.0579,48.0419],[36.06367,48.02962],[36.06466,48.02727],[36.06553,48.0252],[36.0514,48.02219],[36.04261,48.0204],[36.03443,48.01872],[36.04165,48.00392],[36.04324,48.00363],[36.04435,48.0034],[36.04632,48.00327],[36.05858,48.00156],[36.062,48.00103],[36.06236,47.99891],[36.06451,47.99028],[36.0662,47.9821],[36.06789,47.97833],[36.07026,47.97318],[36.07074,47.97152],[36.06925,47.97109],[36.06817,47.9705],[36.06771,47.97115],[36.04871,47.96598],[36.0482,47.96581],[36.04795,47.96552],[36.04962,47.96256],[36.05162,47.95857],[36.0617,47.9616],[36.07357,47.96521],[36.07543,47.95963],[36.07914,47.94857],[36.08035,47.94413],[36.08419,47.93218],[36.08501,47.93031],[36.10206,47.93877],[36.1087,47.94177],[36.10937,47.94111],[36.11783,47.93014],[36.11973,47.92786],[36.11036,47.92458],[36.11866,47.91346],[36.12771,47.90192],[36.12248,47.90019],[36.13019,47.89033],[36.1296,47.88961],[36.12574,47.88391],[36.12151,47.8771],[36.12025,47.87703],[36.11692,47.87094],[36.11712,47.86805],[36.11856,47.86777],[36.11923,47.86476],[36.11172,47.86405],[36.10535,47.86334],[36.10014,47.86271],[36.09416,47.86201],[36.0872,47.86123],[36.08621,47.86444],[36.08187,47.87948],[36.08079,47.88322],[36.07914,47.88327],[36.05406,47.88],[36.05752,47.8683],[36.06856,47.86749],[36.07002,47.86283],[36.07302,47.85192],[36.07365,47.84883],[36.0742,47.84877],[36.07987,47.8488],[36.08431,47.84918],[36.08857,47.84974],[36.09113,47.84967],[36.09343,47.84999],[36.09589,47.85008],[36.09849,47.84942],[36.10022,47.84851],[36.10056,47.84772],[36.10166,47.84259],[36.11622,47.84419],[36.11989,47.84421],[36.12385,47.84484],[36.13035,47.84555],[36.13245,47.84581],[36.13592,47.84618],[36.14376,47.84699],[36.15208,47.84791],[36.16629,47.84936],[36.16928,47.84974],[36.17877,47.85066],[36.17864,47.85151],[36.17719,47.8572],[36.19327,47.85938],[36.1938,47.85885],[36.19474,47.85895],[36.19582,47.85945],[36.19721,47.85906],[36.19725,47.8588],[36.19735,47.85812],[36.1974,47.85691],[36.197,47.85627],[36.19673,47.85578],[36.1961,47.85339],[36.1944,47.84898],[36.19216,47.84528],[36.18953,47.84261],[36.18824,47.84152],[36.18833,47.84085],[36.18868,47.83819],[36.18952,47.83709],[36.19024,47.83659],[36.19087,47.83675],[36.19142,47.83771],[36.19162,47.83804],[36.19232,47.83815],[36.19316,47.83811],[36.19391,47.8375],[36.19423,47.83641],[36.19438,47.83574],[36.19475,47.83469],[36.19558,47.83433],[36.19661,47.83414],[36.19785,47.83339],[36.19799,47.83297],[36.19757,47.83255],[36.20557,47.83281],[36.20693,47.83269],[36.21982,47.83271],[36.23553,47.83287],[36.25165,47.83308],[36.26619,47.8332],[36.27381,47.82336],[36.27499,47.81728],[36.27545,47.81536],[36.28555,47.81659],[36.29819,47.81774],[36.2986,47.81593],[36.30405,47.8167],[36.30436,47.81674],[36.30598,47.81697],[36.30846,47.81732],[36.31957,47.81885],[36.33264,47.82065],[36.33055,47.82185],[36.32975,47.82274],[36.32969,47.82369],[36.33035,47.82415],[36.33136,47.8248],[36.33178,47.82501],[36.33249,47.82604],[36.33202,47.82677],[36.33036,47.82705],[36.32947,47.82733],[36.32918,47.82852],[36.33,47.83009],[36.33053,47.83068],[36.32995,47.83126],[36.32873,47.83172],[36.32776,47.83249],[36.32702,47.83358],[36.32588,47.83427],[36.32439,47.8348],[36.32374,47.83521],[36.32312,47.8356],[36.32328,47.83716],[36.32343,47.83814],[36.32357,47.83895],[36.32413,47.83947],[36.32505,47.83949],[36.33115,47.83929],[36.34928,47.83879],[36.35325,47.83868],[36.36721,47.83833],[36.37124,47.83816],[36.37442,47.83798],[36.37671,47.82999],[36.38037,47.83001],[36.38214,47.83005],[36.3838,47.83014],[36.38698,47.8303],[36.3903,47.83051],[36.3923,47.83059],[36.39509,47.83077],[36.39779,47.83087],[36.40198,47.83022],[36.40442,47.82984],[36.40832,47.82854],[36.41187,47.82765],[36.41477,47.82767],[36.41658,47.82777],[36.41793,47.82795],[36.42069,47.82856],[36.42185,47.82891],[36.42297,47.82865],[36.42702,47.82798],[36.42959,47.82751],[36.43275,47.82698],[36.4368,47.82679],[36.43921,47.82627],[36.44459,47.82469],[36.44905,47.82409],[36.45431,47.82414],[36.45895,47.82407],[36.46417,47.824],[36.46951,47.824],[36.47596,47.8242],[36.48574,47.82518],[36.48957,47.82559],[36.49191,47.82583],[36.49518,47.82621],[36.49854,47.82653],[36.50474,47.82712],[36.51421,47.82804],[36.52286,47.82881],[36.52092,47.83645],[36.52652,47.83749],[36.53975,47.83964],[36.57425,47.84556],[36.58477,47.8474],[36.58277,47.85465],[36.58171,47.85953],[36.58092,47.86257],[36.58011,47.86601],[36.57979,47.86761],[36.57939,47.86933],[36.57878,47.872],[36.57656,47.88017],[36.56287,47.87872],[36.54974,47.87741],[36.54934,47.87737],[36.54615,47.89011],[36.54195,47.90601],[36.55758,47.9075],[36.5749,47.90903],[36.57626,47.90917],[36.59248,47.91082],[36.59156,47.91493],[36.59072,47.91825],[36.58981,47.92117],[36.5955,47.92138],[36.60578,47.91951],[36.61795,47.91747],[36.62576,47.91854],[36.64024,47.9203],[36.63848,47.92635],[36.63673,47.93223],[36.63459,47.94125],[36.63255,47.94839],[36.63209,47.95044],[36.63178,47.95141],[36.62881,47.96183],[36.61234,47.95992],[36.60289,47.95882],[36.59507,47.9579],[36.59159,47.95743],[36.5874,47.95687],[36.58514,47.95664],[36.58423,47.96084],[36.58376,47.96276],[36.58345,47.96443],[36.58243,47.96905],[36.58137,47.9736],[36.58126,47.97421],[36.58068,47.97687],[36.58037,47.97834],[36.58007,47.97982],[36.57978,47.98144],[36.57831,47.98781],[36.57764,47.99088],[36.57695,47.99488],[36.57701,47.99613],[36.57695,47.99634],[36.5768,47.997],[36.5761,47.99738],[36.57655,47.99792],[36.57769,47.99898],[36.57829,47.99934],[36.57867,47.99959],[36.57899,47.99975],[36.57951,47.99983],[36.57996,47.99994],[36.58053,47.99995],[36.58103,48.00002],[36.58175,48.00007],[36.58298,48.00025],[36.58362,48.00012],[36.58423,47.99969],[36.58515,47.99925],[36.58577,47.99919],[36.58634,47.99947],[36.58659,47.99973],[36.58666,48.00025],[36.58676,48.00085],[36.58597,48.00212],[36.58505,48.00324],[36.58416,48.0043],[36.58342,48.00497],[36.58325,48.00514],[36.58298,48.00543],[36.58272,48.00573],[36.58234,48.00655],[36.58201,48.00692],[36.58142,48.00739],[36.58122,48.00754],[36.5809,48.00786],[36.58056,48.00809],[36.57967,48.00844],[36.57884,48.00891],[36.57846,48.00918],[36.5778,48.00953],[36.57746,48.00983],[36.57713,48.01008],[36.57677,48.01027],[36.57622,48.01045],[36.57546,48.01077],[36.57451,48.01113],[36.57403,48.01123],[36.5736,48.01125],[36.57331,48.01123],[36.57294,48.01121],[36.5727,48.011],[36.57266,48.01085],[36.5723,48.0106],[36.57214,48.0102],[36.57207,48.01003],[36.57186,48.01004],[36.57088,48.01042],[36.57043,48.01064],[36.56925,48.01109],[36.56894,48.01121],[36.56898,48.01195],[36.56946,48.01279],[36.57081,48.01344],[36.57105,48.0135],[36.57129,48.01358],[36.57176,48.01369],[36.5718,48.01369],[36.57272,48.01387],[36.57398,48.01418],[36.57564,48.01464],[36.57764,48.0156],[36.57874,48.01581],[36.57953,48.01592],[36.58221,48.01635],[36.58322,48.01651],[36.58368,48.01662],[36.58436,48.01668],[36.58573,48.01726],[36.58638,48.01748],[36.58671,48.01777],[36.5875,48.01827],[36.58785,48.01855],[36.5883,48.01895],[36.5886,48.01927],[36.58911,48.01939],[36.59014,48.01953],[36.59046,48.01963],[36.59075,48.01981],[36.59085,48.01999],[36.59093,48.02018],[36.59095,48.02056],[36.59091,48.02074],[36.59084,48.02092],[36.59053,48.02119],[36.59019,48.02147],[36.5894,48.02243],[36.58918,48.02273],[36.58902,48.02312],[36.58872,48.02397],[36.58859,48.02445],[36.58852,48.02486],[36.5883,48.02567],[36.58787,48.02619],[36.58762,48.02656],[36.58744,48.02694],[36.58727,48.02748],[36.58721,48.02795],[36.58711,48.02844],[36.58687,48.02903],[36.58626,48.02953],[36.58614,48.0297],[36.5859,48.03001],[36.5856,48.03031],[36.58552,48.03047],[36.58534,48.03062],[36.58501,48.03109],[36.58481,48.03123],[36.5846,48.03154],[36.58419,48.03196],[36.58396,48.03228],[36.5838,48.03245],[36.58276,48.03335],[36.58257,48.03349],[36.58047,48.03545],[36.58011,48.03592],[36.57969,48.03637],[36.57931,48.03666],[36.57802,48.03782],[36.57779,48.0379],[36.57739,48.03814],[36.57692,48.03836],[36.57634,48.03874],[36.57566,48.039],[36.57546,48.03912],[36.57476,48.03942],[36.57431,48.03962],[36.57412,48.03973],[36.57387,48.04003],[36.57385,48.04035],[36.57389,48.04051],[36.57408,48.04082],[36.57462,48.04141],[36.57528,48.04197],[36.57639,48.04278],[36.5767,48.04306],[36.57723,48.04366],[36.57759,48.04418],[36.578,48.04466],[36.57924,48.0459],[36.57995,48.04652],[36.58039,48.04715],[36.58057,48.04747],[36.58157,48.04855],[36.58277,48.04959],[36.58354,48.05019],[36.58563,48.0514],[36.58696,48.05208],[36.58717,48.05221],[36.58729,48.05236],[36.58719,48.05283],[36.58706,48.05298],[36.58689,48.0535],[36.58665,48.054],[36.58639,48.05433],[36.58607,48.05497],[36.58564,48.05547],[36.58509,48.05604],[36.58478,48.05628],[36.58432,48.05678],[36.58381,48.0575],[36.58336,48.05816],[36.58322,48.0588],[36.58311,48.05911],[36.58286,48.05956],[36.58251,48.06002],[36.58218,48.06022],[36.58186,48.06031],[36.58083,48.06002],[36.58028,48.06002],[36.57978,48.06012],[36.57952,48.06021],[36.57916,48.06032],[36.57903,48.0604],[36.57877,48.06071],[36.57841,48.061],[36.57829,48.06115],[36.57826,48.06133],[36.578,48.06186],[36.578,48.06203],[36.57815,48.06238],[36.57833,48.06272],[36.57867,48.06302],[36.5789,48.06313],[36.57939,48.06323],[36.57992,48.06318],[36.58042,48.06307],[36.58103,48.06307],[36.58182,48.06302],[36.58257,48.06306],[36.58282,48.06311],[36.58326,48.06334],[36.58411,48.06378],[36.58539,48.06409],[36.58612,48.06422],[36.58658,48.06436],[36.5868,48.06446],[36.58714,48.06475],[36.58719,48.06494],[36.58706,48.0653],[36.58683,48.06562],[36.58666,48.06596],[36.58642,48.06624],[36.58602,48.06691],[36.58603,48.06747],[36.58604,48.06802],[36.58624,48.06876],[36.58608,48.06947],[36.58594,48.06964],[36.58581,48.06999],[36.58563,48.07033],[36.58524,48.07075],[36.58502,48.07103],[36.58489,48.07132],[36.58474,48.07164],[36.58477,48.07217],[36.58482,48.0725],[36.5851,48.07338],[36.58529,48.07372],[36.58558,48.07406],[36.58611,48.07453],[36.5864,48.07483],[36.58696,48.07529],[36.58703,48.07564],[36.58701,48.0758],[36.58693,48.07596],[36.58683,48.07614],[36.58657,48.07634],[36.58615,48.07666],[36.58575,48.07684],[36.58549,48.0769],[36.58503,48.07685],[36.58478,48.07664],[36.58464,48.07644],[36.58446,48.07627],[36.58422,48.0762],[36.58387,48.07619],[36.58351,48.07624],[36.58301,48.07635],[36.58268,48.07664],[36.58227,48.07689],[36.58206,48.07701],[36.58139,48.07731],[36.58117,48.07736],[36.581,48.07751],[36.5804,48.07805],[36.58014,48.07841],[36.58001,48.07865],[36.57998,48.07881],[36.57998,48.07896],[36.58002,48.07908],[36.58013,48.0794],[36.58014,48.07942],[36.58032,48.0796],[36.58046,48.07973],[36.58066,48.07986],[36.58083,48.07996],[36.58109,48.08005],[36.58128,48.08013],[36.58155,48.08014],[36.58182,48.08012],[36.58205,48.08006],[36.58255,48.07997],[36.58278,48.07989],[36.58337,48.07958],[36.58366,48.07942],[36.58401,48.07919],[36.58474,48.0788],[36.58502,48.07827],[36.58555,48.07811],[36.58628,48.07821],[36.58702,48.07853],[36.58737,48.07892],[36.58758,48.07947],[36.58776,48.08002],[36.58757,48.08074],[36.58714,48.08112],[36.58679,48.08142],[36.5865,48.08161],[36.58627,48.08185],[36.58619,48.08202],[36.58604,48.08239],[36.58606,48.08257],[36.58619,48.08273],[36.58639,48.08285],[36.58663,48.08295],[36.58691,48.08297],[36.58837,48.08277],[36.58922,48.08245],[36.58971,48.08233],[36.59027,48.08225],[36.59103,48.08228],[36.59168,48.0824],[36.5922,48.08243],[36.59348,48.08233],[36.59433,48.08234],[36.59487,48.08239],[36.59513,48.08246],[36.59643,48.08301],[36.59756,48.08355],[36.59831,48.08383],[36.59892,48.0842],[36.59934,48.08439],[36.60005,48.08458],[36.60061,48.08468],[36.60167,48.08468],[36.60195,48.08472],[36.60267,48.08492],[36.60403,48.08549],[36.60444,48.08571],[36.60459,48.08585],[36.60465,48.08601],[36.60464,48.08619],[36.60455,48.08636],[36.60439,48.0865],[36.60398,48.08674],[36.60383,48.08689],[36.6036,48.08701],[36.60313,48.08719],[36.60197,48.08778],[36.60051,48.08822],[36.60033,48.08836],[36.6002,48.08853],[36.60007,48.0893],[36.60026,48.0897],[36.6012,48.09044],[36.60185,48.09079],[36.60229,48.09096],[36.60256,48.09097],[36.60343,48.09085],[36.60418,48.09073],[36.60484,48.09049],[36.60547,48.09027],[36.60573,48.0902],[36.6063,48.09013],[36.60766,48.08999],[36.60892,48.08983],[36.60921,48.08977],[36.60995,48.0896],[36.61025,48.0895],[36.61051,48.08928],[36.61074,48.08891],[36.61088,48.08858],[36.61099,48.08791],[36.61107,48.08754],[36.61138,48.08726],[36.61157,48.08715],[36.61223,48.08691],[36.61274,48.08685],[36.6154,48.08661],[36.6162,48.08652],[36.61697,48.08639],[36.61745,48.08625],[36.61779,48.086],[36.61841,48.08513],[36.61869,48.08481],[36.619,48.08454],[36.6192,48.08441],[36.61958,48.08422],[36.61979,48.08415],[36.62051,48.08406],[36.62074,48.08401],[36.6212,48.08382],[36.62136,48.08369],[36.6214,48.08354],[36.62135,48.08339],[36.62128,48.08321],[36.62124,48.08291],[36.62157,48.08257],[36.62179,48.08236],[36.62212,48.08215],[36.62242,48.08205],[36.62265,48.08203],[36.62295,48.08203],[36.62339,48.08215],[36.62361,48.08228],[36.62377,48.08241],[36.62405,48.08275],[36.62423,48.0829],[36.6247,48.08377],[36.625,48.08442],[36.6253,48.08496],[36.62547,48.08528],[36.62612,48.08551],[36.62672,48.08567],[36.62724,48.08577],[36.62766,48.08582],[36.62782,48.08579],[36.62796,48.08579],[36.62839,48.08562],[36.62869,48.08485],[36.62923,48.08403],[36.62931,48.08379],[36.62944,48.08363],[36.62967,48.08351],[36.62994,48.08347],[36.63034,48.08351],[36.63068,48.08359],[36.63091,48.08364],[36.63111,48.08373],[36.6313,48.08384],[36.63206,48.08436],[36.6326,48.08482],[36.63273,48.08497],[36.63281,48.08516],[36.63288,48.08533],[36.63304,48.08585],[36.63302,48.08602],[36.63296,48.08619],[36.63288,48.08637],[36.6328,48.08653],[36.6326,48.08667],[36.63232,48.08679],[36.63213,48.08683],[36.63158,48.08684],[36.63126,48.0868],[36.63096,48.08672],[36.62987,48.08661],[36.6294,48.08647],[36.62892,48.08636],[36.62857,48.08638],[36.62832,48.08645],[36.62821,48.0866],[36.62813,48.08683],[36.62825,48.08739],[36.62843,48.0877],[36.62858,48.08833],[36.62868,48.08867],[36.62887,48.08893],[36.62913,48.08906],[36.62937,48.08911],[36.62964,48.08916],[36.63024,48.08921],[36.63093,48.08917],[36.63165,48.08904],[36.6326,48.08872],[36.63299,48.08851],[36.63359,48.08822],[36.63407,48.08796],[36.63478,48.08773],[36.63551,48.08764],[36.63601,48.08763],[36.6364,48.08766],[36.63673,48.08783],[36.63687,48.08815],[36.63712,48.08865],[36.63756,48.08917],[36.63791,48.0894],[36.6382,48.08946],[36.63872,48.08958],[36.63922,48.08958],[36.6401,48.08944],[36.64049,48.08934],[36.64076,48.08925],[36.64151,48.08899],[36.6419,48.0888],[36.642,48.08854],[36.64216,48.08821],[36.64243,48.08792],[36.64272,48.08768],[36.64292,48.08756],[36.64315,48.08748],[36.64338,48.0874],[36.64368,48.08737],[36.64403,48.08736],[36.64425,48.08758],[36.64445,48.08784],[36.64462,48.08805],[36.64477,48.08837],[36.64488,48.08859],[36.6451,48.08883],[36.64557,48.08906],[36.64594,48.08936],[36.64629,48.08957],[36.64653,48.0897],[36.64677,48.08972],[36.64736,48.08965],[36.64774,48.08959],[36.64798,48.08956],[36.64826,48.0894],[36.64846,48.08918],[36.64879,48.08911],[36.64906,48.08878],[36.64905,48.08854],[36.64874,48.0883],[36.6488,48.08818],[36.64896,48.08804],[36.64921,48.08794],[36.64969,48.08794],[36.65011,48.088],[36.65058,48.08814],[36.65127,48.08839],[36.65143,48.08855],[36.65153,48.08866],[36.65175,48.08873],[36.65167,48.08888],[36.65158,48.08906],[36.65145,48.08928],[36.65128,48.08948],[36.65105,48.08986],[36.65075,48.09009],[36.65062,48.09034],[36.65043,48.0907],[36.65052,48.09091],[36.65075,48.09125],[36.65082,48.09161],[36.65077,48.09179],[36.65067,48.09196],[36.65052,48.09212],[36.65001,48.09251],[36.64971,48.09275],[36.64939,48.09297],[36.64925,48.09306],[36.649,48.09316],[36.6486,48.09327],[36.64814,48.09347],[36.64774,48.09356],[36.64703,48.09372],[36.64666,48.0938],[36.64637,48.09384],[36.64613,48.09384],[36.64587,48.09379],[36.64571,48.09371],[36.64544,48.0937],[36.64513,48.09372],[36.64492,48.09379],[36.6447,48.09381],[36.64454,48.09376],[36.64442,48.09361],[36.64436,48.09344],[36.64437,48.09327],[36.64443,48.09307],[36.64434,48.09295],[36.64426,48.09278],[36.64401,48.0927],[36.64375,48.0928],[36.64349,48.09288],[36.643,48.09284],[36.64259,48.09287],[36.64238,48.09293],[36.64222,48.09278],[36.64223,48.0924],[36.6422,48.09224],[36.64213,48.09211],[36.64186,48.09204],[36.64165,48.09191],[36.64165,48.09162],[36.64149,48.09148],[36.64133,48.09143],[36.64106,48.09148],[36.64077,48.09159],[36.64024,48.0916],[36.6397,48.09165],[36.6394,48.09179],[36.63901,48.09218],[36.63866,48.09245],[36.63837,48.09262],[36.63819,48.09275],[36.63789,48.09283],[36.63771,48.09293],[36.63756,48.09309],[36.6374,48.09336],[36.63717,48.09353],[36.63696,48.09364],[36.63659,48.09362],[36.63633,48.09365],[36.6362,48.09384],[36.63611,48.09401],[36.63621,48.09432],[36.63628,48.09456],[36.63659,48.09483],[36.63695,48.09509],[36.63707,48.09516],[36.6372,48.09524],[36.6376,48.09548],[36.63783,48.09556],[36.63806,48.09559],[36.63847,48.09568],[36.63879,48.09566],[36.64018,48.09516],[36.64046,48.09508],[36.64079,48.09502],[36.64111,48.09505],[36.64153,48.09511],[36.64176,48.0952],[36.642,48.09522],[36.64233,48.09522],[36.64249,48.09533],[36.64269,48.09544],[36.64284,48.09561],[36.64339,48.09644],[36.64367,48.09667],[36.6439,48.09678],[36.64439,48.09684],[36.64467,48.09684],[36.64495,48.0968],[36.64567,48.09659],[36.64643,48.09633],[36.64703,48.09599],[36.64823,48.09561],[36.64875,48.09553],[36.64926,48.0955],[36.64982,48.09552],[36.65008,48.09557],[36.65027,48.09566],[36.65042,48.096],[36.65032,48.09672],[36.65016,48.09725],[36.65009,48.09775],[36.65062,48.09877],[36.65085,48.09938],[36.651,48.09953],[36.65183,48.1],[36.65232,48.10015],[36.6526,48.10019],[36.65311,48.10021],[36.65335,48.10021],[36.65383,48.10011],[36.65411,48.09984],[36.65478,48.09955],[36.65629,48.0992],[36.65655,48.09911],[36.65676,48.099],[36.65727,48.09882],[36.65755,48.09852],[36.65779,48.09844],[36.65796,48.09833],[36.65806,48.09818],[36.65812,48.09781],[36.65809,48.09764],[36.65797,48.09749],[36.65774,48.09735],[36.65722,48.09719],[36.65684,48.09672],[36.65637,48.0965],[36.65607,48.0962],[36.65594,48.09603],[36.65583,48.09567],[36.65552,48.09518],[36.65524,48.09488],[36.65521,48.09472],[36.65527,48.09456],[36.65546,48.09444],[36.65565,48.09433],[36.65706,48.09368],[36.65735,48.09351],[36.65783,48.09302],[36.6585,48.09249],[36.6594,48.09204],[36.65966,48.09194],[36.66073,48.09167],[36.66094,48.09159],[36.66137,48.09134],[36.66166,48.09103],[36.66182,48.09067],[36.66189,48.09034],[36.66187,48.09019],[36.66202,48.0899],[36.66197,48.08971],[36.66199,48.08937],[36.66207,48.08881],[36.66214,48.08864],[36.66223,48.08847],[36.6625,48.08819],[36.66266,48.08803],[36.66299,48.08776],[36.66318,48.08766],[36.66341,48.0876],[36.66366,48.08758],[36.66392,48.08761],[36.66415,48.08768],[36.66456,48.08789],[36.66562,48.08881],[36.66595,48.08901],[36.66653,48.08946],[36.66721,48.0901],[36.66752,48.09046],[36.6677,48.09062],[36.66815,48.09086],[36.66841,48.09093],[36.6692,48.091],[36.66951,48.09099],[36.67067,48.09087],[36.67201,48.09066],[36.6725,48.09062],[36.67305,48.0906],[36.67331,48.0906],[36.67436,48.0907],[36.67462,48.09072],[36.6749,48.09072],[36.67544,48.09067],[36.67631,48.09054],[36.67678,48.09044],[36.67783,48.09018],[36.67804,48.09011],[36.67843,48.08994],[36.67855,48.08977],[36.67865,48.08923],[36.67894,48.0889],[36.67989,48.08831],[36.68045,48.08797],[36.68085,48.08761],[36.68149,48.08712],[36.68179,48.08679],[36.68238,48.08631],[36.68269,48.08617],[36.68312,48.08597],[36.68361,48.08582],[36.68418,48.08574],[36.68446,48.08574],[36.68469,48.08577],[36.68523,48.08591],[36.68574,48.08614],[36.68649,48.08638],[36.68697,48.08649],[36.68723,48.08654],[36.68833,48.08665],[36.68861,48.08666],[36.68894,48.08665],[36.68997,48.08642],[36.69079,48.08654],[36.69136,48.08655],[36.69192,48.08651],[36.69283,48.08635],[36.69346,48.08622],[36.69372,48.08615],[36.69472,48.08588],[36.69534,48.08556],[36.69624,48.08541],[36.6965,48.08535],[36.69677,48.08527],[36.69727,48.08505],[36.69745,48.08494],[36.69763,48.08477],[36.69786,48.08447],[36.69799,48.08431],[36.69827,48.084],[36.69837,48.08394],[36.69849,48.08377],[36.69896,48.08334],[36.69937,48.08313],[36.69963,48.08306],[36.70053,48.08267],[36.70181,48.08232],[36.7023,48.08225],[36.70335,48.08223],[36.70425,48.08232],[36.70479,48.08233],[36.70533,48.0823],[36.70589,48.08221],[36.70632,48.08205],[36.70694,48.08171],[36.70717,48.08141],[36.70732,48.08107],[36.70753,48.08077],[36.70771,48.08062],[36.70813,48.08035],[36.70964,48.07996],[36.71094,48.07979],[36.71169,48.07978],[36.71321,48.07993],[36.71346,48.07998],[36.71367,48.0801],[36.71382,48.08023],[36.71388,48.08041],[36.71384,48.08121],[36.71392,48.08157],[36.71402,48.08176],[36.71429,48.08211],[36.71464,48.08242],[36.71502,48.08267],[36.71501,48.08305],[36.71483,48.08345],[36.71464,48.0838],[36.71462,48.08404],[36.7147,48.08428],[36.7149,48.08456],[36.7152,48.08473],[36.71556,48.08492],[36.71625,48.085],[36.71678,48.08487],[36.71737,48.08497],[36.7184,48.08477],[36.71872,48.08467],[36.71893,48.08453],[36.71923,48.08429],[36.71942,48.08419],[36.71965,48.08401],[36.72009,48.0837],[36.72038,48.0835],[36.72083,48.08328],[36.7213,48.08307],[36.72147,48.0827],[36.72142,48.08234],[36.72139,48.08209],[36.72147,48.0818],[36.72176,48.08145],[36.72206,48.08111],[36.72221,48.08083],[36.72242,48.08059],[36.72272,48.08043],[36.72338,48.08018],[36.72417,48.07994],[36.72523,48.07975],[36.72553,48.07959],[36.72564,48.07944],[36.72571,48.07919],[36.72561,48.07892],[36.72523,48.07859],[36.72497,48.07827],[36.72475,48.07798],[36.7247,48.07754],[36.72457,48.07718],[36.72437,48.07703],[36.72435,48.07667],[36.72451,48.07632],[36.72494,48.07605],[36.7254,48.07569],[36.72584,48.07537],[36.72598,48.07515],[36.72589,48.07477],[36.72555,48.07426],[36.7254,48.0739],[36.72542,48.07364],[36.72549,48.07317],[36.7257,48.07293],[36.72595,48.07255],[36.72609,48.07213],[36.72616,48.07164],[36.7264,48.07124],[36.72661,48.07106],[36.72691,48.07087],[36.72783,48.07045],[36.7287,48.06999],[36.72912,48.06973],[36.72953,48.06943],[36.73005,48.06922],[36.73101,48.06899],[36.73192,48.06883],[36.73273,48.06867],[36.73375,48.06848],[36.73466,48.06839],[36.73546,48.06843],[36.73601,48.06852],[36.73643,48.06848],[36.73716,48.06842],[36.73816,48.06838],[36.73876,48.06849],[36.73918,48.06863],[36.73949,48.06858],[36.73972,48.06859],[36.74005,48.06854],[36.74011,48.06819],[36.74011,48.06801],[36.74001,48.06784],[36.73911,48.06717],[36.73898,48.06695],[36.73896,48.06679],[36.73894,48.06654],[36.7388,48.06608],[36.7389,48.06575],[36.7391,48.06569],[36.73935,48.06554],[36.73959,48.06538],[36.73995,48.06532],[36.74019,48.06527],[36.74049,48.06516],[36.74067,48.06523],[36.74095,48.06559],[36.7411,48.06569],[36.74138,48.06577],[36.74185,48.06571],[36.74258,48.06543],[36.74332,48.06524],[36.74367,48.06513],[36.74396,48.06496],[36.74408,48.06484],[36.74409,48.06472],[36.7442,48.06454],[36.74422,48.06428],[36.7443,48.06416],[36.74469,48.06387],[36.74487,48.06383],[36.74506,48.0638],[36.74526,48.06384],[36.74604,48.0643],[36.74639,48.06443],[36.74659,48.06446],[36.74678,48.06443],[36.74695,48.06434],[36.74696,48.06422],[36.74684,48.06411],[36.74678,48.06398],[36.74671,48.06385],[36.74671,48.06372],[36.74665,48.06359],[36.74659,48.0632],[36.7466,48.06308],[36.74664,48.06282],[36.74673,48.0627],[36.74688,48.06263],[36.74695,48.06251],[36.74712,48.06243],[36.7482,48.06209],[36.74824,48.0617],[36.74823,48.06156],[36.74811,48.06131],[36.74798,48.06121],[36.74788,48.06096],[36.74767,48.06071],[36.74723,48.06042],[36.7469,48.06026],[36.74626,48.0603],[36.74585,48.06025],[36.74535,48.06004],[36.74513,48.05999],[36.74449,48.05997],[36.74365,48.06003],[36.74345,48.05998],[36.74329,48.05989],[36.74309,48.05967],[36.74289,48.05942],[36.74279,48.0591],[36.7423,48.05865],[36.74217,48.05839],[36.7421,48.05814],[36.74214,48.05788],[36.74222,48.05776],[36.74265,48.0575],[36.74301,48.05717],[36.74297,48.0569],[36.7427,48.05637],[36.74241,48.056],[36.74216,48.05537],[36.74174,48.05461],[36.74112,48.05371],[36.74105,48.05344],[36.74111,48.05316],[36.74119,48.05305],[36.7413,48.05294],[36.74157,48.05277],[36.74191,48.05266],[36.74288,48.05254],[36.74369,48.05238],[36.74374,48.05225],[36.74374,48.052],[36.74368,48.05162],[36.74367,48.05126],[36.7436,48.051],[36.74341,48.05075],[36.7434,48.05062],[36.74347,48.0505],[36.74362,48.05042],[36.74402,48.05035],[36.74537,48.05044],[36.74612,48.05034],[36.74687,48.05028],[36.74724,48.05036],[36.7478,48.05054],[36.74837,48.05058],[36.74883,48.05053],[36.74914,48.05019],[36.74923,48.04994],[36.74931,48.04981],[36.74945,48.04972],[36.7498,48.04956],[36.75036,48.04945],[36.75113,48.04937],[36.75272,48.04934],[36.75311,48.04935],[36.75485,48.04955],[36.75552,48.04992],[36.7561,48.05032],[36.75645,48.05063],[36.75681,48.05114],[36.75696,48.05154],[36.7571,48.05182],[36.75725,48.0519],[36.75745,48.05195],[36.75781,48.05197],[36.7582,48.05195],[36.75876,48.05181],[36.75938,48.0517],[36.7597,48.0517],[36.75994,48.05174],[36.76066,48.05199],[36.76109,48.05247],[36.76141,48.05329],[36.76153,48.05385],[36.76145,48.05412],[36.76124,48.05437],[36.76123,48.0545],[36.76124,48.05464],[36.76139,48.0549],[36.76176,48.05522],[36.7621,48.05536],[36.76243,48.05551],[36.76316,48.05572],[36.76353,48.0558],[36.76391,48.05582],[36.76413,48.05578],[36.76452,48.05566],[36.76489,48.05548],[36.76516,48.05532],[36.7654,48.05502],[36.76538,48.05482],[36.76549,48.05452],[36.76561,48.05402],[36.76587,48.05371],[36.76619,48.05335],[36.76649,48.05321],[36.767,48.05268],[36.76824,48.05223],[36.76888,48.05194],[36.76944,48.05168],[36.76956,48.05126],[36.76985,48.05093],[36.76996,48.05083],[36.77027,48.05066],[36.77062,48.05052],[36.77084,48.05047],[36.77102,48.05044],[36.77162,48.05038],[36.7718,48.05034],[36.77198,48.05027],[36.77258,48.0499],[36.77286,48.04956],[36.77283,48.04929],[36.7725,48.0492],[36.7724,48.04881],[36.77221,48.04866],[36.77216,48.04847],[36.77214,48.04833],[36.77215,48.04819],[36.77221,48.04803],[36.7723,48.04787],[36.77257,48.04767],[36.77298,48.04754],[36.77373,48.04722],[36.77405,48.04718],[36.77469,48.04725],[36.77515,48.04727],[36.77578,48.04742],[36.77597,48.0476],[36.77625,48.04772],[36.77663,48.04794],[36.7772,48.0483],[36.77741,48.04832],[36.77749,48.04844],[36.77752,48.04862],[36.7776,48.04876],[36.77774,48.04883],[36.77791,48.04891],[36.7781,48.04897],[36.77835,48.04898],[36.77866,48.04896],[36.77921,48.0489],[36.77974,48.04868],[36.78009,48.04837],[36.78047,48.04815],[36.78077,48.04796],[36.78133,48.04757],[36.78194,48.04727],[36.78235,48.04699],[36.78266,48.04688],[36.78295,48.04693],[36.78312,48.04701],[36.7834,48.04713],[36.78425,48.04756],[36.78453,48.04776],[36.78462,48.04823],[36.78465,48.04889],[36.78457,48.04914],[36.78483,48.04952],[36.78547,48.05007],[36.7856,48.05026],[36.78563,48.05039],[36.78549,48.05065],[36.78542,48.05092],[36.78542,48.05106],[36.7855,48.05119],[36.78565,48.05128],[36.78585,48.05133],[36.78666,48.05133],[36.78705,48.0513],[36.78724,48.05126],[36.78741,48.05119],[36.78768,48.05101],[36.78776,48.05093],[36.78806,48.05057],[36.78817,48.05047],[36.7883,48.05038],[36.78887,48.05004],[36.78971,48.04966],[36.79054,48.04937],[36.79069,48.04928],[36.7913,48.04913],[36.79163,48.04901],[36.79243,48.0486],[36.79262,48.04854],[36.793,48.04845],[36.7936,48.04841],[36.79401,48.04841],[36.79419,48.04842],[36.79437,48.04845],[36.79494,48.04857],[36.79619,48.04926],[36.79665,48.04962],[36.79715,48.04984],[36.79778,48.04991],[36.79829,48.05016],[36.79855,48.05068],[36.79873,48.05099],[36.79918,48.0511],[36.7995,48.05135],[36.79979,48.05177],[36.80017,48.05205],[36.80016,48.05233],[36.80024,48.0525],[36.8007,48.05268],[36.80115,48.05269],[36.80211,48.0528],[36.80288,48.05301],[36.80348,48.05301],[36.80388,48.05295],[36.80406,48.05289],[36.80439,48.05273],[36.80516,48.05215],[36.8052,48.05202],[36.8051,48.0515],[36.8049,48.05097],[36.80461,48.05043],[36.80451,48.05027],[36.80424,48.0499],[36.80411,48.0495],[36.80403,48.04912],[36.80397,48.0482],[36.80412,48.04783],[36.80421,48.04772],[36.80448,48.04754],[36.80481,48.0474],[36.80574,48.04716],[36.80668,48.04699],[36.80717,48.04681],[36.80761,48.04656],[36.80792,48.04621],[36.80831,48.04555],[36.80837,48.04502],[36.80844,48.04477],[36.80859,48.04437],[36.80899,48.04362],[36.80943,48.04321],[36.80996,48.04264],[36.81032,48.04233],[36.81049,48.0421],[36.81152,48.04121],[36.81178,48.041],[36.81223,48.04072],[36.81235,48.04062],[36.81267,48.04049],[36.81328,48.0404],[36.81427,48.04044],[36.81488,48.04049],[36.81546,48.04059],[36.81602,48.04064],[36.81728,48.04052],[36.8189,48.04019],[36.81944,48.04004],[36.82047,48.03966],[36.82253,48.03856],[36.82337,48.03818],[36.82379,48.0379],[36.82444,48.03759],[36.82519,48.03699],[36.8258,48.03632],[36.82608,48.03613],[36.82641,48.03598],[36.8268,48.0359],[36.8274,48.03586],[36.82815,48.03601],[36.82851,48.03612],[36.82889,48.0362],[36.82967,48.03624],[36.83027,48.03625],[36.83099,48.03617],[36.83174,48.0359],[36.8328,48.03532],[36.83342,48.03514],[36.83363,48.03513],[36.83401,48.03516],[36.83458,48.03527],[36.83671,48.03604],[36.83703,48.0362],[36.8373,48.0364],[36.83787,48.03697],[36.83817,48.03718],[36.83969,48.03808],[36.84022,48.0383],[36.841,48.03838],[36.8412,48.03839],[36.8416,48.03839],[36.84243,48.03833],[36.84457,48.0383],[36.84583,48.03761],[36.84703,48.03655],[36.8474,48.03609],[36.84815,48.03567],[36.84932,48.03553],[36.85091,48.0354],[36.85196,48.03516],[36.85278,48.03494],[36.8541,48.0346],[36.85453,48.03461],[36.85594,48.03938],[36.85647,48.04057],[36.85686,48.0435],[36.85799,48.05063],[36.85822,48.05209],[36.86709,48.05151],[36.86904,48.06264],[36.86914,48.06268],[36.86963,48.06259],[36.88004,48.06178],[36.88082,48.06172],[36.8818,48.06169],[36.88181,48.0618],[36.88159,48.06289],[36.88149,48.06338],[36.88161,48.06354],[36.88557,48.0674],[36.88734,48.06904],[36.88793,48.06964],[36.88877,48.07039],[36.88989,48.07144],[36.89098,48.07255],[36.89221,48.07368],[36.89391,48.07534],[36.8957,48.07697],[36.89621,48.07741],[36.89634,48.07761],[36.89634,48.07782],[36.89629,48.07806],[36.89584,48.08009],[36.89549,48.08153],[36.89521,48.08254],[36.89463,48.08509],[36.89406,48.0877],[36.8935,48.09065],[36.8934,48.09112],[36.89312,48.09233],[36.89258,48.09465],[36.89246,48.095],[36.8919,48.09793],[36.8918,48.09802],[36.8913,48.10072],[36.89107,48.10177],[36.89007,48.10617],[36.88931,48.10976],[36.88933,48.11047],[36.88871,48.11292],[36.88809,48.11577],[36.88751,48.118],[36.88656,48.12215],[36.88561,48.12654],[36.88566,48.12673],[36.8854,48.12779],[36.885,48.12971],[36.88482,48.13048],[36.88454,48.13179],[36.88443,48.13212],[36.88425,48.13263],[36.88404,48.13365],[36.88366,48.13573],[36.8834,48.13692],[36.88325,48.13735],[36.88288,48.13926],[36.88262,48.1402],[36.8824,48.14131],[36.88217,48.14193],[36.88208,48.1427],[36.88181,48.14393],[36.88146,48.1452],[36.8813,48.14568],[36.88097,48.14741],[36.88014,48.151],[36.87972,48.15254],[36.879,48.15609],[36.87838,48.15869],[36.87785,48.16095],[36.87746,48.16284],[36.87715,48.16373],[36.8772,48.16389],[36.8763,48.16789],[36.87608,48.16886],[36.87599,48.16953],[36.8757,48.17074],[36.87521,48.17282],[36.875,48.17387],[36.87478,48.17465],[36.87465,48.17579],[36.87445,48.1766],[36.87431,48.17725],[36.87401,48.17831],[36.87372,48.17933],[36.87345,48.18015],[36.8729,48.18326],[36.87271,48.18417],[36.87561,48.18357],[36.87818,48.18218],[36.87906,48.18193],[36.87988,48.18184],[36.88092,48.18197],[36.88123,48.18183],[36.88177,48.18199],[36.88265,48.18264],[36.88294,48.18275],[36.88335,48.18285],[36.88363,48.18286],[36.88415,48.18282],[36.88447,48.18265],[36.8845,48.18259],[36.88467,48.18245],[36.88476,48.18229],[36.88487,48.18218],[36.88475,48.18189],[36.88462,48.18178],[36.88455,48.1812],[36.88403,48.18066],[36.88329,48.17986],[36.88315,48.17947],[36.88426,48.1784],[36.88578,48.17775],[36.88632,48.17765],[36.88682,48.17739],[36.88722,48.1773],[36.88773,48.17723],[36.88838,48.17733],[36.8889,48.17743],[36.88994,48.17818],[36.89045,48.17851],[36.89145,48.17866],[36.89209,48.17898],[36.89255,48.1791],[36.89272,48.17919],[36.89291,48.17921],[36.89339,48.17942],[36.89386,48.17973],[36.89424,48.18027],[36.89411,48.18045],[36.89406,48.18071],[36.89385,48.181],[36.89316,48.18137],[36.89293,48.18168],[36.89196,48.18228],[36.89184,48.18251],[36.89203,48.18291],[36.89259,48.18329],[36.89287,48.18344],[36.89318,48.1835],[36.89385,48.18404],[36.89411,48.18414],[36.89419,48.1843],[36.89443,48.18466],[36.89442,48.18514],[36.89428,48.18538],[36.8937,48.18543],[36.89321,48.1856],[36.89282,48.18563],[36.89262,48.18557],[36.89229,48.18562],[36.89195,48.1857],[36.89164,48.18588],[36.89171,48.18646],[36.89181,48.1866],[36.89184,48.18679],[36.89211,48.18714],[36.89254,48.18759],[36.89314,48.18846],[36.89325,48.18878],[36.89323,48.1891],[36.89301,48.18967],[36.89304,48.19023],[36.89295,48.19082],[36.89313,48.19115],[36.89362,48.19128],[36.89441,48.19138],[36.89475,48.19138],[36.89552,48.1912],[36.89571,48.19106],[36.89579,48.19074],[36.89579,48.19033],[36.89507,48.18969],[36.89498,48.18936],[36.89521,48.18908],[36.8955,48.18878],[36.89558,48.18858],[36.8958,48.18839],[36.89637,48.18755],[36.89683,48.18725],[36.89726,48.18717],[36.89782,48.18717],[36.89833,48.18731],[36.89854,48.18753],[36.89871,48.18794],[36.89878,48.18842],[36.89908,48.18909],[36.89952,48.19017],[36.89968,48.19047],[36.90018,48.19098],[36.90073,48.19114],[36.90119,48.19108],[36.9016,48.1908],[36.90185,48.19072],[36.90194,48.1905],[36.90206,48.19024],[36.90207,48.18996],[36.90185,48.18916],[36.90204,48.18858],[36.90266,48.1883],[36.90468,48.1879],[36.90591,48.18846],[36.9062,48.18865],[36.90637,48.18891],[36.90648,48.18926],[36.90626,48.18962],[36.90578,48.19026],[36.90555,48.19048],[36.90456,48.19112],[36.90445,48.19119],[36.90386,48.19156],[36.90364,48.19184],[36.90351,48.19227],[36.90352,48.1925],[36.90361,48.19278],[36.90377,48.19305],[36.90411,48.19319],[36.90434,48.19329],[36.9048,48.19334],[36.90535,48.19312],[36.90584,48.19286],[36.90613,48.19266],[36.90642,48.19243],[36.90684,48.19224],[36.90752,48.19205],[36.9082,48.19197],[36.90889,48.19199],[36.90923,48.19214],[36.90954,48.19239],[36.90974,48.19267],[36.90989,48.19281],[36.91009,48.19281],[36.91084,48.19343],[36.91112,48.19353],[36.91208,48.19361],[36.91347,48.19401],[36.91387,48.19423],[36.91479,48.19445],[36.91568,48.19451],[36.91871,48.19405],[36.92048,48.19379],[36.92133,48.1939],[36.92281,48.19446],[36.9238,48.19463],[36.92522,48.19474],[36.92736,48.19489],[36.92851,48.19541],[36.92946,48.1959],[36.93005,48.19599],[36.9303,48.19602],[36.93114,48.19593],[36.93219,48.19551],[36.93403,48.19493],[36.93399,48.19486],[36.93526,48.19464],[36.93605,48.19431],[36.93683,48.19402],[36.93605,48.1979],[36.93578,48.19889],[36.93524,48.20179],[36.93509,48.20228],[36.93454,48.20503],[36.93442,48.20568],[36.93422,48.20631],[36.93415,48.20688],[36.93391,48.20773],[36.93357,48.21001],[36.93314,48.21226],[36.93286,48.21374],[36.93237,48.21526],[36.93223,48.21596],[36.93177,48.21821],[36.93161,48.21895],[36.93163,48.21934],[36.93061,48.22357],[36.93053,48.22399],[36.92993,48.22715],[36.92971,48.22821],[36.92963,48.22873],[36.92885,48.23228],[36.92844,48.23409],[36.92814,48.23542],[36.92794,48.23633],[36.9279,48.2372],[36.92764,48.23782],[36.9275,48.23846],[36.92738,48.23918],[36.92716,48.23918],[36.92704,48.23922],[36.92704,48.23945],[36.92708,48.23962],[36.92681,48.24096],[36.92689,48.24105],[36.92674,48.24153],[36.9264,48.24335],[36.92599,48.24537],[36.92611,48.24566],[36.92571,48.24784],[36.92542,48.24904],[36.92509,48.25054],[36.92487,48.25114],[36.92485,48.25192],[36.92472,48.25235],[36.92475,48.25245],[36.92453,48.25337],[36.92437,48.25443],[36.92413,48.2556],[36.9238,48.25712],[36.92353,48.25837],[36.92324,48.25957],[36.92314,48.2603],[36.92275,48.26172],[36.92259,48.26266],[36.92255,48.26293],[36.92233,48.26392],[36.92188,48.26544],[36.9216,48.2668],[36.92136,48.26773],[36.92123,48.26858],[36.92104,48.26962],[36.92006,48.27391],[36.91929,48.27743],[36.91902,48.27858],[36.9185,48.28102],[36.91799,48.28342],[36.91764,48.28502],[36.9175,48.28578],[36.91639,48.29101],[36.91595,48.29294],[36.9158,48.29418],[36.9156,48.29487],[36.91545,48.29577],[36.9153,48.29635],[36.91523,48.29665],[36.91465,48.29916],[36.91443,48.29992],[36.91415,48.30121],[36.91372,48.30336],[36.91353,48.30474],[36.91346,48.30486],[36.91324,48.30499],[36.91294,48.30587],[36.91291,48.3062],[36.9128,48.30669],[36.91232,48.30817],[36.91229,48.30855],[36.91204,48.30914],[36.90791,48.30876],[36.90089,48.30812],[36.89732,48.3078],[36.89285,48.30739],[36.88051,48.30633],[36.87691,48.30598],[36.87371,48.30557],[36.87323,48.30766],[36.87231,48.31179],[36.87212,48.31297],[36.87195,48.3139],[36.87172,48.315],[36.8715,48.31588],[36.87138,48.3164],[36.87125,48.31688],[36.87093,48.31696],[36.86824,48.31677],[36.86722,48.31668],[36.86502,48.31648],[36.86319,48.31628],[36.86194,48.31613],[36.86175,48.31613],[36.85916,48.31585],[36.85656,48.31559],[36.85644,48.31564],[36.85502,48.31556],[36.85232,48.3153],[36.84415,48.31471],[36.84038,48.31446],[36.83759,48.31424],[36.82985,48.31373],[36.82887,48.31361],[36.82851,48.31358],[36.82075,48.31297],[36.81691,48.31261],[36.81668,48.31329],[36.81601,48.31691],[36.81553,48.31947],[36.81494,48.32215],[36.81467,48.32341],[36.81419,48.3258],[36.8136,48.32574],[36.8129,48.3288],[36.81253,48.33024],[36.81264,48.33025],[36.81198,48.33331],[36.81151,48.33558],[36.81115,48.33726],[36.81012,48.34206],[36.81005,48.34297],[36.80941,48.34523],[36.80942,48.34531],[36.80911,48.34666],[36.80878,48.3479],[36.81233,48.34818],[36.81647,48.3485],[36.81624,48.34955],[36.81604,48.35039],[36.81603,48.35066],[36.81568,48.35179],[36.81563,48.35223],[36.81489,48.35526],[36.81454,48.357],[36.81448,48.3575],[36.81373,48.36044],[36.81318,48.3631],[36.81298,48.364],[36.81301,48.36412],[36.813,48.36432],[36.81284,48.36543],[36.81282,48.36621],[36.81277,48.36692],[36.81245,48.36739],[36.81228,48.36846],[36.81359,48.36832],[36.81423,48.36819],[36.81445,48.36804],[36.81493,48.36748],[36.81568,48.36678],[36.81664,48.36636],[36.81693,48.36627],[36.81721,48.36616],[36.81868,48.36593],[36.81915,48.36592],[36.81995,48.36589],[36.82094,48.36594],[36.82131,48.36597],[36.82158,48.36605],[36.82208,48.36632],[36.82248,48.36665],[36.82322,48.36691],[36.82463,48.36826],[36.82487,48.36869],[36.82601,48.36946],[36.82658,48.36967],[36.82691,48.36968],[36.82724,48.36965],[36.82787,48.3695],[36.82759,48.37128],[36.82751,48.37175],[36.82723,48.37287],[36.82647,48.3765],[36.82611,48.37822],[36.82579,48.38032],[36.82554,48.38195],[36.82528,48.38364],[36.8251,48.38428],[36.82481,48.38567],[36.82469,48.38644],[36.8244,48.38767],[36.82431,48.38817],[36.82415,48.38881],[36.82399,48.38933],[36.82285,48.39435],[36.82192,48.39842],[36.82137,48.40089],[36.82149,48.40149],[36.82111,48.40251],[36.82054,48.40512],[36.82591,48.40529],[36.83008,48.40542],[36.8324,48.40539],[36.83383,48.40536],[36.83455,48.40536],[36.83528,48.40542],[36.83531,48.40561],[36.83582,48.40624],[36.83602,48.40657],[36.8361,48.40685],[36.83602,48.40709],[36.83589,48.40719],[36.83581,48.40721],[36.8356,48.40727],[36.83536,48.40731],[36.83496,48.40733],[36.83418,48.40727],[36.83374,48.40726],[36.83339,48.40736],[36.83305,48.40754],[36.83281,48.40774],[36.83275,48.40794],[36.83298,48.40837],[36.83361,48.40879],[36.83399,48.40894],[36.83441,48.40921],[36.8348,48.40968],[36.83495,48.41001],[36.8349,48.41024],[36.83453,48.41041],[36.834,48.41052],[36.83334,48.41063],[36.8319,48.41076],[36.83123,48.41075],[36.83088,48.41076],[36.83072,48.41079],[36.83041,48.41091],[36.83024,48.41103],[36.83004,48.41122],[36.82989,48.41155],[36.82981,48.4118],[36.82984,48.41199],[36.82996,48.41225],[36.82986,48.41249],[36.82963,48.41263],[36.82944,48.41269],[36.82918,48.41271],[36.82898,48.41266],[36.82876,48.41257],[36.8283,48.41231],[36.8278,48.41211],[36.82756,48.41204],[36.82722,48.41202],[36.82591,48.41233],[36.82557,48.41247],[36.82524,48.41262],[36.82497,48.41281],[36.82478,48.41306],[36.82465,48.41335],[36.82458,48.41363],[36.82446,48.41414],[36.82452,48.41461],[36.82457,48.41471],[36.82471,48.41479],[36.82501,48.41489],[36.82519,48.41491],[36.82636,48.41504],[36.82669,48.41519],[36.82693,48.41534],[36.82712,48.4155],[36.82744,48.4156],[36.82766,48.41573],[36.82789,48.41604],[36.82819,48.41627],[36.82856,48.4164],[36.82943,48.41661],[36.82954,48.41661],[36.82993,48.417],[36.83034,48.41727],[36.83062,48.41749],[36.83076,48.41752],[36.83105,48.41746],[36.83173,48.41706],[36.83208,48.41691],[36.83243,48.41679],[36.83293,48.41664],[36.83311,48.41662],[36.83351,48.4166],[36.8335,48.41658],[36.83345,48.41653],[36.83332,48.41648],[36.83357,48.41647],[36.83367,48.41651],[36.83399,48.41649],[36.83418,48.41658],[36.83418,48.41665],[36.83413,48.41671],[36.83432,48.41677],[36.83462,48.41692],[36.83521,48.41721],[36.83575,48.41755],[36.836,48.41775],[36.83646,48.41817],[36.83666,48.4185],[36.83652,48.41903],[36.83642,48.41928],[36.83646,48.42001],[36.83655,48.4202],[36.83664,48.42029],[36.83732,48.42044],[36.83797,48.42035],[36.83885,48.42011],[36.839,48.42002],[36.83919,48.41996],[36.83958,48.41986],[36.83984,48.41988],[36.84003,48.41994],[36.84014,48.42009],[36.84033,48.42024],[36.84072,48.42039],[36.84121,48.42063],[36.8414,48.42078],[36.84157,48.42075],[36.8418,48.4208],[36.84202,48.4207],[36.84209,48.42068],[36.8424,48.42059],[36.84283,48.4204],[36.84318,48.42026],[36.84343,48.42008],[36.84343,48.41995],[36.84365,48.41983],[36.84386,48.41968],[36.84411,48.41959],[36.84453,48.41946],[36.84488,48.4193],[36.84514,48.41913],[36.8455,48.41886],[36.8458,48.41849],[36.84599,48.4182],[36.8462,48.41808],[36.84648,48.41795],[36.84698,48.41776],[36.84738,48.41755],[36.84757,48.41739],[36.84789,48.41699],[36.84821,48.41668],[36.84866,48.41638],[36.84951,48.41611],[36.8498,48.41611],[36.85026,48.41597],[36.85049,48.41595],[36.85065,48.41607],[36.85089,48.41633],[36.85108,48.41654],[36.85142,48.41705],[36.85145,48.41721],[36.85149,48.41738],[36.85148,48.41767],[36.85143,48.41786],[36.85127,48.41814],[36.85101,48.41831],[36.85075,48.41848],[36.85068,48.41854],[36.85055,48.41867],[36.85039,48.41884],[36.85028,48.4191],[36.85018,48.41929],[36.85016,48.4194],[36.85017,48.41973],[36.85011,48.41986],[36.85,48.41996],[36.84984,48.42005],[36.84956,48.42031],[36.8496,48.42053],[36.84964,48.42081],[36.84982,48.42107],[36.84993,48.42122],[36.85014,48.42135],[36.85033,48.42148],[36.8506,48.42171],[36.85069,48.4218],[36.8508,48.42195],[36.85082,48.42204],[36.85085,48.4222],[36.8508,48.42236],[36.85064,48.42247],[36.85041,48.42247],[36.85031,48.42253],[36.85024,48.42267],[36.85016,48.42286],[36.85007,48.42295],[36.85014,48.42303],[36.85015,48.42328],[36.85024,48.42355],[36.85039,48.42372],[36.85069,48.42382],[36.85073,48.42387],[36.85089,48.42394],[36.85088,48.42402],[36.85098,48.42406],[36.85122,48.42414],[36.85144,48.42409],[36.85034,48.42552],[36.84938,48.42682],[36.84938,48.42696],[36.84931,48.42708],[36.84899,48.42737],[36.84842,48.42809],[36.8483,48.42843],[36.84799,48.4301],[36.84769,48.43169],[36.84644,48.43807],[36.84631,48.43842],[36.84574,48.44132],[36.84537,48.44371],[36.8371,48.4431],[36.83698,48.4433],[36.83681,48.44389],[36.83643,48.44655],[36.8363,48.44726],[36.83614,48.44777],[36.83599,48.4479],[36.83597,48.448],[36.8356,48.4499],[36.8348,48.45517],[36.83482,48.45549],[36.83464,48.4563],[36.83458,48.45689],[36.83435,48.45834],[36.83432,48.45899],[36.83259,48.46926],[36.83234,48.46994],[36.83227,48.47042],[36.83227,48.47072],[36.83214,48.47127],[36.8321,48.47194],[36.83205,48.47249],[36.83189,48.4737],[36.83176,48.47475],[36.83106,48.47744],[36.82984,48.48465],[36.82995,48.48471],[36.83066,48.4848],[36.83637,48.48528],[36.83853,48.48533],[36.84677,48.48619],[36.84952,48.48649],[36.85483,48.4869],[36.85715,48.4872],[36.85583,48.49344],[36.85405,48.50181],[36.85352,48.50346],[36.8529,48.50622],[36.85182,48.51103],[36.85141,48.51216],[36.85108,48.51345],[36.85083,48.51507],[36.85032,48.51782],[36.86469,48.51905],[36.88141,48.52049],[36.88874,48.52114],[36.88908,48.51958],[36.88915,48.51952],[36.89196,48.5195],[36.89458,48.51981],[36.89646,48.51993],[36.90659,48.52085],[36.90477,48.52848],[36.90456,48.5293],[36.90446,48.52957],[36.90405,48.53043],[36.90401,48.53061],[36.90395,48.53098],[36.90399,48.53099],[36.90356,48.53308],[36.90291,48.53688],[36.90287,48.53724],[36.90273,48.53769],[36.90199,48.54124],[36.90154,48.54334],[36.89263,48.5425],[36.89115,48.54241],[36.88918,48.54225],[36.88478,48.54174],[36.88409,48.54535],[36.88343,48.54878],[36.88294,48.55104],[36.88277,48.55102],[36.87748,48.55062],[36.87181,48.55019],[36.86751,48.55484],[36.86737,48.55512],[36.8666,48.55936],[36.86379,48.56196],[36.86055,48.5649],[36.85933,48.56909],[36.85906,48.56907],[36.85902,48.56917],[36.85796,48.5691],[36.85509,48.56883],[36.85188,48.56857],[36.84912,48.56836],[36.84194,48.56784],[36.83872,48.56761],[36.83061,48.567],[36.82819,48.56685],[36.82479,48.56666],[36.82401,48.57004],[36.81924,48.56973],[36.81626,48.56951],[36.8114,48.5691],[36.81023,48.56897],[36.80249,48.56819],[36.79572,48.56761],[36.79155,48.56724],[36.78825,48.56687],[36.78821,48.56697],[36.78802,48.56695],[36.78471,48.57916],[36.78225,48.58806],[36.77999,48.59643],[36.77965,48.59729],[36.77916,48.59893],[36.77887,48.60043],[36.77263,48.59977],[36.76615,48.59901],[36.76234,48.59852],[36.75532,48.59772],[36.74748,48.59673],[36.74535,48.59643],[36.74387,48.60284],[36.7429,48.60757],[36.74241,48.60966],[36.74159,48.61337],[36.74059,48.61774],[36.74008,48.62037],[36.7393,48.62411],[36.73891,48.62595],[36.73888,48.6261],[36.73743,48.63243],[36.73667,48.63571],[36.73596,48.63887],[36.73525,48.64196],[36.73415,48.64655],[36.73364,48.64633],[36.73181,48.64716],[36.73145,48.64749],[36.73073,48.64748],[36.72969,48.64723],[36.72937,48.64724],[36.72795,48.64803],[36.72768,48.64865],[36.72807,48.6491],[36.72924,48.64982],[36.72888,48.65058],[36.72852,48.65157],[36.72672,48.65295],[36.7252,48.65241],[36.72427,48.65283],[36.72257,48.65441],[36.72249,48.65515],[36.72376,48.65575],[36.72536,48.65599],[36.72667,48.65671],[36.72882,48.65683],[36.73046,48.65668],[36.73081,48.65694],[36.73082,48.65778],[36.72953,48.65898],[36.72989,48.65973],[36.72971,48.66003],[36.72818,48.6606],[36.72637,48.66036],[36.726,48.66042],[36.72565,48.66142],[36.72506,48.66211],[36.72513,48.66291],[36.7246,48.66345],[36.72338,48.6627],[36.72251,48.66248],[36.72188,48.66272],[36.7209,48.66428],[36.72132,48.66465],[36.72264,48.66497],[36.7235,48.66505],[36.72418,48.66526],[36.72269,48.6658],[36.72266,48.66616],[36.72319,48.66666],[36.72443,48.66665],[36.72609,48.66671],[36.72707,48.66678],[36.72716,48.66737],[36.7255,48.66789],[36.72499,48.66852],[36.72528,48.66905],[36.72569,48.6695],[36.72541,48.66971],[36.72465,48.66972],[36.72321,48.67049],[36.72302,48.67124],[36.72296,48.67135],[36.72227,48.6725],[36.72159,48.67305],[36.71988,48.67322],[36.7193,48.67308],[36.7184,48.67297],[36.7175,48.67332],[36.71707,48.67458],[36.71858,48.67609],[36.71822,48.67725],[36.71743,48.67852],[36.71527,48.679],[36.71492,48.67961],[36.71545,48.68043],[36.71704,48.68059],[36.71792,48.68073],[36.71824,48.68107],[36.71793,48.68287],[36.71826,48.68329],[36.71934,48.6832],[36.72025,48.68269],[36.72106,48.68275],[36.72131,48.68307],[36.72122,48.68347],[36.71923,48.68574],[36.71904,48.68616],[36.71948,48.68753],[36.71834,48.68894],[36.71812,48.6894],[36.71755,48.68997],[36.71744,48.69068],[36.71714,48.69093],[36.71635,48.69093],[36.71596,48.69073],[36.71509,48.68991],[36.71449,48.68992],[36.71393,48.69034],[36.71383,48.69073],[36.71328,48.69128],[36.7126,48.69162],[36.71206,48.69183],[36.71183,48.69255],[36.71231,48.69274],[36.71372,48.6929],[36.7151,48.69326],[36.71646,48.69399],[36.71747,48.69435],[36.71829,48.69438],[36.71991,48.69364],[36.72059,48.69375],[36.72287,48.69438],[36.7241,48.69459],[36.72553,48.69455],[36.72711,48.69248],[36.72838,48.69283],[36.72812,48.69354],[36.72982,48.69561],[36.73042,48.69645],[36.73476,48.70258],[36.73565,48.70389],[36.72607,48.71434],[36.72498,48.71665],[36.72357,48.71966],[36.72289,48.72117],[36.72221,48.72268],[36.71949,48.72875],[36.71638,48.73535],[36.71266,48.74365],[36.71773,48.74467],[36.71403,48.75487],[36.71276,48.75825],[36.71165,48.76088],[36.70996,48.76533],[36.70912,48.76745],[36.70891,48.76759],[36.70115,48.76897],[36.69132,48.77044],[36.6901,48.77384],[36.68957,48.77529],[36.68937,48.77608],[36.69121,48.77713],[36.69615,48.78021],[36.69857,48.78167],[36.70246,48.78394],[36.7082,48.7908],[36.71457,48.79849],[36.71714,48.80153],[36.7207,48.80597],[36.72079,48.80608],[36.72794,48.80499],[36.73147,48.8047],[36.73373,48.8049],[36.74114,48.80306],[36.74093,48.80279],[36.7472,48.80119],[36.7474,48.80145],[36.75662,48.7993],[36.75655,48.799],[36.76133,48.79779],[36.765,48.79719],[36.76637,48.79714],[36.76759,48.79716],[36.76915,48.79732],[36.77198,48.79786],[36.78448,48.80058],[36.78443,48.80089],[36.78605,48.80109],[36.78934,48.80172],[36.79056,48.80198],[36.79103,48.8017],[36.79005,48.80015],[36.7885,48.79766],[36.7866,48.79452],[36.78542,48.79252],[36.78382,48.7899],[36.78461,48.78754],[36.792,48.78578],[36.79046,48.78341],[36.78866,48.78084],[36.79395,48.78008],[36.80044,48.77935],[36.80404,48.77899],[36.81421,48.77788],[36.81669,48.77757],[36.81943,48.7738],[36.82123,48.77136],[36.82941,48.772],[36.83369,48.77233],[36.8393,48.7727],[36.84014,48.77419],[36.83802,48.77785],[36.83572,48.78289],[36.83686,48.78313],[36.83762,48.783],[36.83857,48.78311],[36.84051,48.77972],[36.84081,48.77808],[36.84121,48.77886],[36.84352,48.78249],[36.84828,48.79061],[36.85084,48.79466],[36.85318,48.79888],[36.85422,48.80045],[36.85949,48.80026],[36.86333,48.80005],[36.86801,48.79992],[36.87332,48.79961],[36.87885,48.79943],[36.87993,48.79938],[36.88067,48.7995],[36.88472,48.79933],[36.89521,48.79885],[36.90045,48.79867],[36.90366,48.79848],[36.91293,48.79805],[36.91789,48.79781],[36.91854,48.79779],[36.92077,48.7978],[36.92072,48.79775],[36.92135,48.79474],[36.92562,48.79332],[36.92745,48.793],[36.92892,48.79277],[36.93142,48.79251],[36.93286,48.79312],[36.93899,48.79457],[36.94485,48.7947],[36.94579,48.79568],[36.94709,48.79558],[36.94988,48.79535],[36.95256,48.79501],[36.95282,48.79525],[36.95633,48.79488],[36.95993,48.7944],[36.9627,48.79407],[36.96499,48.79389],[36.96601,48.79378],[36.96605,48.79357],[36.96817,48.79292],[36.96878,48.79277],[36.9693,48.79276],[36.96962,48.79258],[36.9701,48.79237],[36.97048,48.79207],[36.97113,48.79191],[36.97121,48.79167],[36.97176,48.79144],[36.97231,48.79133],[36.97436,48.79048],[36.97549,48.79013],[36.97598,48.78911],[36.97665,48.78891],[36.97685,48.78865],[36.97669,48.78823],[36.97688,48.78791],[36.97771,48.78726],[36.97781,48.78666],[36.97857,48.78614],[36.97897,48.78604],[36.97993,48.7855],[36.98062,48.78488],[36.98169,48.78431],[36.98205,48.78328],[36.98264,48.78269],[36.98305,48.7825],[36.98347,48.78246],[36.98394,48.7819],[36.98488,48.78113],[36.9852,48.78059],[36.98567,48.77971],[36.98586,48.77907],[36.98571,48.77878],[36.9862,48.77814],[36.98633,48.77761],[36.98618,48.77691],[36.9866,48.77662],[36.98805,48.77595],[36.98883,48.7747],[36.99125,48.77409],[36.99236,48.77373],[36.99316,48.77319],[36.99356,48.77221],[36.99405,48.77201],[36.99615,48.77173],[36.99639,48.77154],[36.99626,48.77116],[36.99687,48.77036],[36.99731,48.77043],[36.99797,48.77004],[36.99901,48.7699],[36.99963,48.76937],[37.00008,48.76869],[37.00081,48.76733],[37.00154,48.76566],[37.00216,48.76543],[37.00478,48.76543],[37.00518,48.76531],[37.00551,48.76499],[37.00587,48.76483],[37.00724,48.76514],[37.00846,48.76503],[37.00899,48.7648],[37.00948,48.76467],[37.01051,48.76419],[37.01166,48.76344],[37.01202,48.7631],[37.01318,48.76273],[37.01636,48.76061],[37.0168,48.76046],[37.01731,48.76019],[37.0175,48.75972],[37.01785,48.75931],[37.0178,48.75888],[37.01814,48.75787],[37.0191,48.75717],[37.01982,48.7564],[37.01984,48.75608],[37.01963,48.75556],[37.02044,48.75541],[37.02076,48.75527],[37.02125,48.7552],[37.02157,48.75505],[37.02165,48.7547],[37.02225,48.75416],[37.02274,48.75406],[37.02324,48.75385],[37.02377,48.75337],[37.02454,48.75349],[37.02499,48.75339],[37.02562,48.75284],[37.02612,48.75192],[37.0269,48.75173],[37.02717,48.75181],[37.02764,48.75167],[37.02792,48.75139],[37.02881,48.75126],[37.02973,48.75096],[37.03034,48.75059],[37.03074,48.75001],[37.03134,48.74949],[37.0317,48.74914],[37.03296,48.7481],[37.03408,48.7473],[37.03415,48.7471],[37.03448,48.74665],[37.03538,48.74602],[37.03575,48.74601],[37.03586,48.74625],[37.03799,48.75185],[37.03929,48.75545],[37.03942,48.75574],[37.04,48.75709],[37.04055,48.75854],[37.04106,48.76017],[37.04132,48.76102],[37.04199,48.7629],[37.04257,48.7645],[37.04312,48.76618],[37.04273,48.76624],[37.03099,48.76701],[37.02294,48.76747],[37.02285,48.76771],[37.02294,48.76926],[37.0234,48.77165],[37.02303,48.77279],[37.02295,48.77387],[37.02304,48.77484],[37.01921,48.77636],[37.01933,48.77664],[37.01575,48.7782],[37.01516,48.77843],[37.00502,48.78286],[37.00287,48.7838],[36.99859,48.78581],[36.99492,48.78737],[36.99495,48.7874],[36.99795,48.79028],[36.99988,48.79215],[37.00085,48.79312],[37.00355,48.79556],[37.00494,48.79688],[37.00541,48.79732],[37.0055,48.79777],[37.00634,48.80008],[37.00728,48.80305],[37.00738,48.80333],[37.01136,48.80295],[37.01392,48.80276],[37.016,48.80248],[37.01875,48.80172],[37.01997,48.80672],[37.02033,48.80719],[37.0206,48.80794],[37.02116,48.81],[37.02246,48.81389],[37.02376,48.81789],[37.02756,48.81736],[37.03096,48.81687],[37.03144,48.81691],[37.0324,48.8165],[37.03385,48.81615],[37.03827,48.81585],[37.03915,48.8158],[37.04278,48.81521],[37.04354,48.81499],[37.05478,48.81442],[37.06073,48.81406],[37.06603,48.81392],[37.06608,48.81405],[37.06739,48.81744],[37.07836,48.8177],[37.08006,48.81979],[37.08061,48.82082],[37.08213,48.82371],[37.08416,48.82711],[37.08582,48.82979],[37.08966,48.83597],[37.09005,48.83695],[37.0943,48.84347],[37.09526,48.84502],[37.09881,48.85079],[37.10378,48.84978],[37.10675,48.84919],[37.10912,48.84871],[37.10938,48.84861],[37.10989,48.84844],[37.11188,48.84786],[37.12275,48.8453],[37.12666,48.84436],[37.12796,48.84404],[37.12998,48.8435],[37.1354,48.84216],[37.13812,48.84399],[37.14568,48.84208],[37.14465,48.83898],[37.1423,48.83691],[37.14156,48.83553],[37.14054,48.83511],[37.13868,48.83176],[37.14071,48.83261],[37.15113,48.83242],[37.15723,48.8245],[37.16463,48.82294],[37.16673,48.82229],[37.16944,48.82146],[37.17029,48.82124],[37.17548,48.81971],[37.17625,48.81948],[37.18046,48.81825],[37.18711,48.81621],[37.19214,48.81463],[37.1921,48.81448],[37.19216,48.81458],[37.19247,48.81762],[37.19279,48.82046],[37.193,48.82207],[37.19297,48.82285],[37.19325,48.82617],[37.19343,48.82845],[37.19363,48.83042],[37.19421,48.83735],[37.19488,48.84545],[37.19501,48.84687],[37.1951,48.84853],[37.19486,48.8501],[37.1938,48.85466],[37.19334,48.8565],[37.19212,48.86142],[37.19163,48.86353],[37.19144,48.86454],[37.19114,48.86551],[37.19107,48.866],[37.19068,48.86773],[37.19042,48.86898],[37.1905,48.86916],[37.19056,48.86922],[37.19072,48.86983],[37.19101,48.87248],[37.19096,48.87266],[37.19108,48.87276],[37.19102,48.87317],[37.1911,48.8734],[37.19131,48.87347],[37.19207,48.87357],[37.19234,48.87337],[37.19274,48.87324],[37.19315,48.87322],[37.19356,48.87341],[37.19384,48.87362],[37.19376,48.8741],[37.19344,48.87446],[37.19265,48.87493],[37.19249,48.87498],[37.19247,48.87508],[37.19249,48.87528],[37.1923,48.87549],[37.1922,48.87575],[37.19262,48.87697],[37.19251,48.878],[37.1926,48.87855],[37.19345,48.88039],[37.19314,48.88073],[37.19315,48.88114],[37.1936,48.8817],[37.194,48.88236],[37.19441,48.88249],[37.19463,48.88248],[37.19491,48.88232],[37.19522,48.88232],[37.1955,48.88247],[37.19612,48.88238],[37.19664,48.8816],[37.1972,48.88125],[37.19787,48.88133],[37.19818,48.88157],[37.19817,48.88182],[37.1983,48.88213],[37.19878,48.88264],[37.19907,48.88266],[37.19942,48.88247],[37.20022,48.88254],[37.20054,48.88287],[37.20063,48.88321],[37.20049,48.88358],[37.20061,48.88372],[37.20147,48.884],[37.20156,48.88443],[37.20212,48.88453],[37.20303,48.88454],[37.204,48.88417],[37.20477,48.88434],[37.2051,48.88472],[37.20486,48.88513],[37.20488,48.88532],[37.20529,48.88547],[37.20627,48.88517],[37.20693,48.88541],[37.20892,48.88647],[37.20994,48.8867],[37.21159,48.88722],[37.21188,48.88742],[37.21231,48.88801],[37.21342,48.88877],[37.21566,48.88964],[37.21539,48.89038],[37.21495,48.89235],[37.21662,48.8946],[37.21714,48.89501],[37.2173,48.89568],[37.21755,48.8961],[37.21793,48.89631],[37.21845,48.89631],[37.21979,48.89771],[37.21987,48.89989],[37.22026,48.90031],[37.22084,48.90072],[37.22139,48.90197],[37.22292,48.90314],[37.22318,48.90344],[37.22375,48.9038],[37.22408,48.90425],[37.22404,48.90454],[37.22384,48.90489],[37.22348,48.90521],[37.22321,48.90588],[37.22351,48.90712],[37.22298,48.90759],[37.22291,48.90775],[37.22294,48.90804],[37.22276,48.90831],[37.22267,48.90874],[37.22372,48.90888],[37.22957,48.90825],[37.23251,48.90788],[37.24048,48.90697],[37.24448,48.90647],[37.2446,48.90679],[37.24474,48.90766],[37.24502,48.90863],[37.2451,48.90873],[37.24849,48.9084],[37.2491,48.90847],[37.25053,48.90832],[37.25291,48.90809],[37.25497,48.90782],[37.25771,48.90754],[37.26657,48.90641],[37.26653,48.90671],[37.26684,48.90829],[37.26694,48.9085],[37.26749,48.91173],[37.268,48.91384],[37.26896,48.91948],[37.26941,48.9226],[37.28425,48.92297],[37.29,48.92294],[37.29546,48.92296],[37.29916,48.92292],[37.29907,48.92152],[37.29884,48.92115],[37.29924,48.91954],[37.30122,48.91964],[37.30214,48.91952],[37.30283,48.91991],[37.30331,48.92003],[37.30397,48.9204],[37.30484,48.92043],[37.30609,48.9206],[37.30872,48.92167],[37.31233,48.92266],[37.31376,48.9229],[37.31545,48.92275],[37.31892,48.92247],[37.32139,48.92228],[37.32192,48.92212],[37.32604,48.9218],[37.32653,48.92177],[37.32704,48.92175],[37.32743,48.92179],[37.32796,48.92192],[37.32834,48.92215],[37.32905,48.925],[37.33225,48.93478],[37.33092,48.93472],[37.32884,48.93474],[37.32829,48.93477],[37.32795,48.93497],[37.32765,48.9352],[37.32729,48.93525],[37.32742,48.93567],[37.32775,48.93632],[37.32806,48.93695],[37.32801,48.93745],[37.32598,48.93752],[37.32521,48.93761],[37.32409,48.93751],[37.32205,48.93811],[37.32099,48.93827],[37.31922,48.93808],[37.31767,48.93868],[37.31687,48.93892],[37.31557,48.93931],[37.31478,48.93986],[37.31462,48.94037],[37.31477,48.94121],[37.31427,48.94173],[37.31101,48.94185],[37.30967,48.94296],[37.30866,48.94466],[37.30815,48.94498],[37.30731,48.94697],[37.30726,48.94748],[37.30983,48.9504],[37.31128,48.95205],[37.31238,48.95172],[37.31381,48.95173],[37.31544,48.95192],[37.31643,48.95226],[37.31878,48.9524],[37.32022,48.9535],[37.32019,48.95459],[37.32039,48.95521],[37.32082,48.95653],[37.31963,48.95688],[37.31671,48.95676],[37.31259,48.95659],[37.31087,48.95689],[37.31094,48.95788],[37.31063,48.95834],[37.31013,48.95853],[37.30982,48.9588],[37.30993,48.95897],[37.31034,48.95921],[37.31035,48.95958],[37.30918,48.95988],[37.30882,48.96036],[37.30798,48.96085],[37.30726,48.96097],[37.30496,48.96114],[37.30472,48.9615],[37.30432,48.9628],[37.30496,48.96333],[37.30477,48.96415],[37.30547,48.96494],[37.30591,48.96532],[37.30718,48.96524],[37.30918,48.96565],[37.30988,48.96548],[37.31031,48.96561],[37.31082,48.96635],[37.31008,48.96656],[37.30812,48.96829],[37.30757,48.96809],[37.30396,48.96721],[37.30252,48.9667],[37.30213,48.9668],[37.30211,48.96736],[37.3017,48.96729],[37.3014,48.96701],[37.30041,48.9667],[37.29947,48.96683],[37.29907,48.96668],[37.29796,48.96676],[37.29663,48.96718],[37.29546,48.96813],[37.29495,48.9689],[37.29463,48.96965],[37.29463,48.97044],[37.29471,48.97079],[37.2951,48.97148],[37.29548,48.97193],[37.2959,48.97209],[37.29629,48.97207],[37.29732,48.97193],[37.29787,48.97166],[37.29866,48.97214],[37.29925,48.97277],[37.29912,48.97303],[37.29856,48.9737],[37.29825,48.97398],[37.298,48.97449],[37.29787,48.97498],[37.29788,48.97535],[37.29806,48.97557],[37.29889,48.97613],[37.29958,48.97582],[37.30111,48.97539],[37.30148,48.97558],[37.30189,48.97603],[37.30214,48.9761],[37.30266,48.97655],[37.30283,48.97721],[37.30311,48.97809],[37.30311,48.97868],[37.30324,48.97884],[37.30415,48.97912],[37.30502,48.97956],[37.30807,48.98102],[37.30882,48.98051],[37.30907,48.98007],[37.30944,48.97974],[37.31033,48.97957],[37.31103,48.97961],[37.31171,48.97984],[37.31325,48.98003],[37.31415,48.98002],[37.31448,48.97932],[37.3146,48.97879],[37.31414,48.97813],[37.31388,48.97762],[37.31411,48.97744],[37.31437,48.9773],[37.31505,48.9772],[37.31548,48.97735],[37.31574,48.97742],[37.31683,48.97762],[37.31637,48.98014],[37.31607,48.98172],[37.31613,48.98225],[37.31657,48.98273],[37.31699,48.98297],[37.31756,48.98308],[37.31846,48.983],[37.31949,48.98287],[37.32008,48.98264],[37.32087,48.98249],[37.32221,48.9825],[37.32388,48.98276],[37.32461,48.98279],[37.32394,48.98342],[37.32376,48.9839],[37.32371,48.98517],[37.32255,48.98519],[37.3211,48.9852],[37.31904,48.98489],[37.31545,48.98567],[37.31341,48.98591],[37.3124,48.98573],[37.30995,48.98731],[37.31011,48.98822],[37.31048,48.98931],[37.31093,48.98965],[37.31122,48.98984],[37.31138,48.99003],[37.31746,48.9914],[37.32084,48.99141],[37.32427,48.99141],[37.32903,48.99275],[37.33009,48.99306],[37.33088,48.99341],[37.33259,48.9942],[37.3366,48.995],[37.33757,48.99545],[37.33948,48.99629],[37.33962,48.99644],[37.34009,48.99747],[37.34296,49.00151],[37.34423,49.00344],[37.3444,49.0035],[37.34782,49.00254],[37.34946,49.00199],[37.35162,49.00072],[37.35257,49.00045],[37.35388,49],[37.35569,48.99952],[37.35701,48.99919],[37.35985,48.99863],[37.35824,48.99173],[37.36096,48.99176],[37.36326,48.99177],[37.36374,48.99163],[37.36692,48.99167],[37.36732,48.99323],[37.36832,48.99408],[37.36786,48.99518],[37.37011,48.99557],[37.37208,48.99576],[37.3732,48.99619],[37.37287,48.99765],[37.3727,48.99792],[37.3723,48.99927],[37.37214,48.99958],[37.37137,49.00157],[37.3707,49.00353],[37.37075,49.00443],[37.37094,49.00505],[37.37112,49.00652],[37.37135,49.00874],[37.37128,49.00878],[37.37138,49.0098],[37.37168,49.01213],[37.3719,49.01354],[37.37202,49.01403],[37.37206,49.01513],[37.37204,49.01537],[37.37206,49.0163],[37.37212,49.01685],[37.37236,49.01739],[37.37297,49.01917],[37.37327,49.01961],[37.37447,49.02351],[37.37522,49.02588],[37.37535,49.02627],[37.38498,49.02506],[37.38566,49.02512],[37.38602,49.02512],[37.38651,49.02457],[37.38711,49.02474],[37.38924,49.02518],[37.39011,49.02491],[37.39081,49.02485],[37.39191,49.02506],[37.39151,49.02813],[37.39002,49.02872],[37.388,49.03015],[37.38643,49.03126],[37.38567,49.03388],[37.38533,49.03433],[37.38527,49.03527],[37.38522,49.0361],[37.38555,49.03644],[37.38604,49.03664],[37.38665,49.03682],[37.38687,49.0374],[37.38785,49.03828],[37.3887,49.03865],[37.38706,49.04098],[37.38424,49.04456],[37.38455,49.04474],[37.38428,49.04503],[37.38394,49.04656],[37.38404,49.04713],[37.38461,49.04792],[37.38527,49.04834],[37.39046,49.04989],[37.3911,49.04996],[37.39403,49.05057],[37.39771,49.05086],[37.4048,49.05159],[37.40705,49.05166],[37.40811,49.05195],[37.4094,49.05259],[37.41023,49.05369],[37.41145,49.05473],[37.41378,49.05604],[37.41469,49.05777],[37.41745,49.06132],[37.41919,49.06127],[37.41989,49.0611],[37.42296,49.06115],[37.43199,49.05926],[37.43274,49.0603],[37.43598,49.06076],[37.43862,49.06181],[37.44066,49.05902],[37.44298,49.05749],[37.4454,49.05819],[37.44621,49.05897],[37.44955,49.06138],[37.45053,49.06043],[37.45031,49.05824],[37.45042,49.05636],[37.44932,49.05526],[37.45052,49.05374],[37.45158,49.05322],[37.4527,49.05389],[37.45431,49.05446],[37.45491,49.05488],[37.45735,49.05657],[37.45884,49.05604],[37.4605,49.05761],[37.46122,49.05761],[37.46808,49.05703],[37.46934,49.05757],[37.47013,49.05524],[37.47528,49.05667],[37.47493,49.05732],[37.47513,49.0579],[37.47568,49.05825],[37.47678,49.05824],[37.4779,49.05787],[37.47933,49.05746],[37.4812,49.05766],[37.48151,49.05817],[37.48078,49.05882],[37.4812,49.05905],[37.4898,49.06278],[37.4912,49.06269],[37.49248,49.06555],[37.49669,49.06815],[37.49858,49.06871],[37.50212,49.06948],[37.50589,49.07018],[37.50607,49.07193],[37.5059,49.07347],[37.50651,49.07589],[37.50687,49.07817],[37.50632,49.07983],[37.50576,49.08145],[37.50338,49.08355],[37.50079,49.08583],[37.4981,49.08891],[37.50043,49.09137],[37.50027,49.09152],[37.49642,49.09275],[37.49215,49.09367],[37.49233,49.09428],[37.4925,49.09566],[37.48852,49.09823],[37.48605,49.09972],[37.4856,49.1],[37.48699,49.10114],[37.48734,49.10176],[37.48906,49.10261],[37.49018,49.10274],[37.49342,49.10317],[37.49511,49.10347],[37.49705,49.1038],[37.50205,49.10471],[37.52075,49.10788],[37.53003,49.10946],[37.53561,49.11047],[37.54231,49.11155],[37.54648,49.11222],[37.55703,49.11621],[37.56126,49.11778],[37.57751,49.12366],[37.58029,49.12454],[37.5849,49.12601],[37.58476,49.12615],[37.58386,49.12667],[37.58344,49.12734],[37.58218,49.12849],[37.58065,49.12949],[37.57947,49.13028],[37.57819,49.13114],[37.57564,49.13293],[37.57341,49.13456],[37.57134,49.13589],[37.57105,49.13595],[37.57096,49.1358],[37.57061,49.13577],[37.57005,49.13596],[37.56893,49.13531],[37.56804,49.13585],[37.56733,49.13566],[37.56695,49.13533],[37.56597,49.13533],[37.56567,49.13493],[37.5634,49.13403],[37.56102,49.13426],[37.56145,49.13457],[37.56135,49.13493],[37.5619,49.13496],[37.56214,49.13518],[37.56214,49.13564],[37.56288,49.1358],[37.5638,49.13675],[37.56329,49.13685],[37.5626,49.13688],[37.56266,49.13659],[37.56237,49.13651],[37.56206,49.13662],[37.56175,49.13678],[37.56122,49.13692],[37.56059,49.13697],[37.55963,49.13702],[37.55933,49.13715],[37.55913,49.1374],[37.55787,49.13778],[37.5567,49.13865],[37.55645,49.13877],[37.55649,49.13887],[37.55596,49.13922],[37.55586,49.14002],[37.55498,49.14034],[37.5521,49.14086],[37.54906,49.14244],[37.54805,49.14278],[37.5452,49.14304],[37.54367,49.14375],[37.54263,49.1449],[37.54148,49.14499],[37.54093,49.14566],[37.54196,49.14578],[37.54527,49.14554],[37.54661,49.14556],[37.54772,49.14565],[37.54824,49.14569],[37.54835,49.14579],[37.54769,49.14638],[37.54934,49.14734],[37.5497,49.14763],[37.55028,49.14798],[37.55145,49.14755],[37.55169,49.14755],[37.55343,49.14699],[37.5544,49.14653],[37.55455,49.14619],[37.55417,49.14548],[37.55475,49.14465],[37.55648,49.14327],[37.55898,49.14284],[37.55861,49.14215],[37.55764,49.1417],[37.55756,49.14126],[37.55808,49.14096],[37.55863,49.14072],[37.55927,49.14068],[37.55985,49.14059],[37.55991,49.14064],[37.56023,49.14053],[37.56064,49.13981],[37.56095,49.13965],[37.56152,49.13953],[37.56272,49.1396],[37.56426,49.13998],[37.56447,49.14035],[37.56417,49.14131],[37.56392,49.14158],[37.56313,49.14161],[37.56295,49.14196],[37.56303,49.14222],[37.56303,49.14233],[37.56284,49.14301],[37.56276,49.14339],[37.56274,49.14366],[37.56372,49.14597],[37.56438,49.14752],[37.55954,49.15426],[37.55885,49.15617],[37.55777,49.15907],[37.55678,49.16256],[37.55656,49.16303],[37.55426,49.16628],[37.55371,49.16685],[37.55282,49.16735],[37.55072,49.16823],[37.54856,49.16879],[37.54752,49.16867],[37.54684,49.16871],[37.54558,49.16904],[37.54249,49.17008],[37.53931,49.17105],[37.53881,49.17154],[37.53862,49.17167],[37.53841,49.17175],[37.53826,49.17184],[37.53813,49.17186],[37.53815,49.17219],[37.53791,49.17238],[37.53729,49.17257],[37.53692,49.17272],[37.53659,49.17282],[37.53613,49.17304],[37.53471,49.17349],[37.53418,49.17376],[37.5339,49.17385],[37.53342,49.17441],[37.53343,49.17478],[37.53188,49.17528],[37.53047,49.17587],[37.52948,49.17525],[37.52914,49.17521],[37.5264,49.17605],[37.52504,49.17599],[37.52232,49.17632],[37.51866,49.17762],[37.51704,49.17788],[37.51671,49.17847],[37.5162,49.17869],[37.51428,49.17883],[37.51348,49.17869],[37.51272,49.17937],[37.51193,49.17882],[37.5111,49.17882],[37.51046,49.17904],[37.51019,49.17916],[37.51011,49.17916],[37.50964,49.1793],[37.50965,49.17965],[37.51012,49.17985],[37.51091,49.18026],[37.51273,49.18107],[37.51202,49.18179],[37.51122,49.18152],[37.51041,49.18302],[37.51006,49.18277],[37.50798,49.18316],[37.50726,49.18353],[37.50738,49.18371],[37.50713,49.18384],[37.5067,49.18402],[37.50585,49.18396],[37.50578,49.18407],[37.50582,49.18417],[37.50588,49.18452],[37.50612,49.18459],[37.50609,49.18484],[37.50632,49.18495],[37.50635,49.18507],[37.50642,49.18513],[37.506,49.18513],[37.50592,49.18508],[37.50581,49.18505],[37.50524,49.18513],[37.50503,49.18519],[37.50476,49.1861],[37.50455,49.18595],[37.50434,49.18592],[37.50353,49.18608],[37.50299,49.18627],[37.50257,49.18648],[37.50244,49.18703],[37.50764,49.19148],[37.51222,49.19819],[37.51297,49.19929],[37.52308,49.204],[37.5287,49.20685],[37.54845,49.21289],[37.56101,49.22804],[37.56847,49.2314],[37.57857,49.2313],[37.58334,49.23094],[37.59061,49.23042],[37.59117,49.23037],[37.59443,49.23023],[37.59583,49.23016],[37.59713,49.23003],[37.60059,49.23063],[37.60425,49.23136],[37.61427,49.23313],[37.62223,49.23213],[37.62626,49.23159],[37.62624,49.23147],[37.63118,49.23078],[37.63842,49.22978],[37.63847,49.2299],[37.64385,49.22912],[37.6485,49.22856],[37.6486,49.22843],[37.65202,49.22794],[37.6604,49.22679],[37.66664,49.22601],[37.67136,49.22539],[37.68162,49.22402],[37.6901,49.22293],[37.69425,49.22235],[37.69755,49.22189],[37.70049,49.22148],[37.70486,49.22091],[37.71188,49.21998],[37.74565,49.21298],[37.74637,49.21316],[37.74879,49.21259],[37.75107,49.21193],[37.75402,49.21137],[37.75658,49.21077],[37.75981,49.21003],[37.76127,49.20974],[37.766,49.2088],[37.76954,49.20808],[37.77611,49.20671],[37.78044,49.20578],[37.78452,49.20497],[37.79753,49.2023],[37.79799,49.20511],[37.7983,49.20883],[37.80528,49.20791],[37.80543,49.20736],[37.81031,49.20691],[37.81213,49.20662],[37.81512,49.2066],[37.8246,49.20646],[37.82461,49.20266],[37.82756,49.20248],[37.83559,49.20215],[37.84153,49.20157],[37.84351,49.20134],[37.84423,49.20498],[37.84659,49.20486],[37.84814,49.21166],[37.84918,49.21613],[37.85049,49.22206],[37.85192,49.22206],[37.85323,49.22361],[37.85412,49.22602],[37.85524,49.22717],[37.85668,49.22864],[37.85871,49.23046],[37.86036,49.23196],[37.86087,49.23251],[37.8655,49.23296],[37.87451,49.234],[37.87221,49.23784],[37.8721,49.23801],[37.87199,49.23816],[37.86916,49.24229],[37.86629,49.24637],[37.86674,49.24653],[37.87428,49.24758],[37.87601,49.24768],[37.8821,49.24898],[37.8858,49.25003],[37.88709,49.25092],[37.88873,49.2514],[37.89059,49.25183],[37.89261,49.25199],[37.89398,49.25208],[37.8965,49.25231],[37.89782,49.25261],[37.8958,49.25587],[37.89798,49.2569],[37.90746,49.25914],[37.91079,49.25939],[37.91136,49.25943],[37.91178,49.2595],[37.91135,49.25995],[37.91007,49.2609],[37.9089,49.26188],[37.9064,49.26409],[37.90613,49.2643],[37.89887,49.27029],[37.90352,49.27268],[37.90504,49.27341],[37.90521,49.27344],[37.90733,49.27454],[37.90922,49.27551],[37.91054,49.27617],[37.91276,49.27727],[37.91371,49.27772],[37.91811,49.27844],[37.92348,49.27952],[37.92393,49.27951],[37.92748,49.28018],[37.93811,49.28037],[37.93885,49.28048],[37.93881,49.28061],[37.94015,49.2809],[37.94267,49.28125],[37.94493,49.28159],[37.94718,49.28189],[37.94811,49.28198],[37.94937,49.28201],[37.9512,49.2825],[37.95173,49.28247],[37.95267,49.28265],[37.95374,49.28306],[37.95841,49.28516],[37.95779,49.28585],[37.95438,49.28957],[37.95312,49.29114],[37.95231,49.29223],[37.95193,49.29278],[37.94973,49.29596],[37.94786,49.29865],[37.94832,49.30319],[37.9484,49.30351],[37.94855,49.30363],[37.94743,49.30361],[37.94585,49.30371],[37.94506,49.3038],[37.94411,49.30402],[37.94356,49.30422],[37.94079,49.30473],[37.93917,49.30517],[37.93654,49.30577],[37.93628,49.30582],[37.9313,49.30673],[37.9278,49.30748],[37.9247,49.30811],[37.92316,49.30846],[37.91717,49.30844],[37.90156,49.31082],[37.89543,49.31145],[37.88346,49.31269],[37.88342,49.31348],[37.88342,49.31414],[37.88347,49.31488],[37.88372,49.31659],[37.88408,49.31664],[37.88436,49.31698],[37.88412,49.3173],[37.88373,49.31739],[37.88255,49.31756],[37.88193,49.31751],[37.88211,49.31823],[37.88214,49.31894],[37.88277,49.31888],[37.88299,49.31953],[37.8822,49.32097],[37.88218,49.32119],[37.87954,49.32505],[37.87721,49.32829],[37.87708,49.32836],[37.87692,49.32873],[37.87785,49.32955],[37.87872,49.33052],[37.87972,49.33123],[37.87914,49.33181],[37.88282,49.33768],[37.88309,49.33861],[37.88366,49.34086],[37.88468,49.3413],[37.88593,49.34152],[37.88647,49.34172],[37.88649,49.34314],[37.88659,49.3446],[37.8856,49.34804],[37.8851,49.34958],[37.88509,49.35002],[37.88538,49.35141],[37.88567,49.35282],[37.88571,49.35333],[37.88683,49.35807],[37.88852,49.36312],[37.88897,49.36487],[37.88933,49.36631],[37.88942,49.36693],[37.88971,49.36898],[37.89,49.37087],[37.89015,49.37177],[37.89044,49.373],[37.89085,49.37474],[37.89107,49.37564],[37.89188,49.37899],[37.89201,49.37959],[37.89205,49.38007],[37.89309,49.38494],[37.89421,49.39084],[37.89504,49.39472],[37.89534,49.39717],[37.89556,49.39739],[37.89567,49.39839],[37.89627,49.40349],[37.89367,49.40545],[37.89316,49.40586],[37.89112,49.40748],[37.88928,49.40885],[37.88655,49.41097],[37.88342,49.41341],[37.88103,49.41527],[37.88087,49.41505],[37.87916,49.41341],[37.87834,49.41347],[37.87892,49.41418],[37.87941,49.41488],[37.88039,49.41597],[37.88047,49.41632],[37.88033,49.4166],[37.87986,49.41682],[37.87928,49.41698],[37.87678,49.41717],[37.87697,49.4188],[37.87765,49.41879],[37.87851,49.42672],[37.87906,49.43108],[37.87981,49.43581],[37.87949,49.43576],[37.87721,49.43614],[37.87585,49.43632],[37.87451,49.43652],[37.87467,49.43768],[37.875,49.44015],[37.87516,49.44232],[37.87537,49.4446],[37.87559,49.44675],[37.87354,49.44669],[37.86871,49.44647],[37.86463,49.44625],[37.86317,49.44612],[37.85851,49.44589],[37.844,49.44523],[37.84492,49.45055],[37.84619,49.4574],[37.84648,49.45818],[37.84671,49.45866],[37.84686,49.45916],[37.84708,49.45948],[37.84706,49.45989],[37.84724,49.46041],[37.84759,49.46102],[37.847,49.46266],[37.8473,49.46456],[37.84861,49.47186],[37.84877,49.47282],[37.84924,49.47581],[37.8495,49.47743],[37.84966,49.47843],[37.84994,49.48079],[37.84985,49.48118],[37.85023,49.48351],[37.85064,49.48614],[37.8509,49.48771],[37.84804,49.48947],[37.84647,49.49014],[37.84351,49.49117],[37.83848,49.49205],[37.8371,49.49231],[37.83679,49.49243],[37.83667,49.49268],[37.8385,49.49463],[37.84092,49.49619],[37.84261,49.49727],[37.8428,49.49789],[37.84363,49.49884],[37.84474,49.49987],[37.84536,49.50124],[37.84411,49.5028],[37.84345,49.50445],[37.84335,49.50497],[37.84315,49.50534],[37.84292,49.50619],[37.84241,49.50719],[37.8423,49.50747],[37.84201,49.50772],[37.8421,49.50786],[37.84293,49.50968],[37.8448,49.51372],[37.84557,49.51473],[37.84558,49.51504],[37.84573,49.5158],[37.84588,49.51616],[37.84618,49.51758],[37.84665,49.51943],[37.84662,49.51969],[37.84682,49.52062],[37.86916,49.51966],[37.87816,49.51921],[37.88577,49.51886],[37.88675,49.51963],[37.89024,49.52205],[37.8929,49.52388],[37.89405,49.52458],[37.90257,49.5281],[37.90435,49.52875],[37.90555,49.52915],[37.9081,49.53023],[37.91748,49.53403],[37.92123,49.53744],[37.92176,49.53785],[37.92596,49.54163],[37.92643,49.54269],[37.92726,49.54786],[37.91013,49.54838],[37.89153,49.54899],[37.89069,49.54884],[37.88643,49.54914],[37.88635,49.54995],[37.88643,49.55038],[37.8872,49.55181],[37.89139,49.55844],[37.89902,49.56989],[37.90117,49.57417],[37.9032,49.57376],[37.90388,49.57323],[37.90571,49.5724],[37.90619,49.57138],[37.91064,49.57073],[37.91422,49.5692],[37.91769,49.56801],[37.92177,49.56706],[37.92426,49.5666],[37.92375,49.57013],[37.93586,49.56989],[37.93761,49.5697],[37.94242,49.56954],[37.94464,49.56943],[37.94464,49.56949],[37.95134,49.5686],[37.95148,49.56865],[37.95232,49.56855],[37.95282,49.56955],[37.95292,49.57029],[37.95293,49.57114],[37.95266,49.57236],[37.95235,49.57322],[37.95108,49.57445],[37.95024,49.57501],[37.94919,49.57556],[37.94806,49.57612],[37.9465,49.5769],[37.94356,49.57895],[37.93978,49.58172],[37.93794,49.58319],[37.93721,49.58407],[37.9354,49.58675],[37.93476,49.58761],[37.93435,49.58859],[37.93409,49.58948],[37.93395,49.59055],[37.93395,49.59184],[37.93403,49.59398],[37.93551,49.59397],[37.93605,49.59391],[37.93894,49.5939],[37.94168,49.59387],[37.94206,49.59398],[37.9422,49.5941],[37.94232,49.59481],[37.94219,49.59473],[37.94292,49.59939],[37.94346,49.60223],[37.94364,49.60377],[37.94354,49.60424],[37.94369,49.60511],[37.94411,49.60923],[37.94422,49.61088],[37.94431,49.61129],[37.94481,49.61138],[37.94812,49.61127],[37.95558,49.61177],[37.9596,49.61211],[37.96192,49.61219],[37.97483,49.6116],[37.9744,49.61491],[37.97438,49.61517],[37.97442,49.61545],[37.97433,49.61777],[37.97436,49.61903],[37.97443,49.62017],[37.97616,49.6218],[37.97762,49.62309],[37.98036,49.62547],[37.98052,49.62606],[37.98191,49.62613],[37.99077,49.62735],[37.99225,49.62756],[37.99481,49.62796],[37.99577,49.62863],[37.99539,49.62985],[37.99482,49.63053],[37.99305,49.63149],[37.99044,49.63504],[37.98711,49.64184],[37.98778,49.64217],[37.98923,49.64305],[37.99093,49.64428],[37.99593,49.64779],[38.00752,49.65003],[38.01125,49.65074],[38.01127,49.65066],[38.01599,49.65143],[38.01613,49.6515],[38.03318,49.65472],[38.03396,49.65498],[38.04111,49.65646],[38.04442,49.65708],[38.04501,49.65719],[38.04571,49.65738],[38.04579,49.65751],[38.04583,49.65767],[38.04536,49.65793],[38.04441,49.65841],[38.04385,49.65862],[38.04032,49.66023],[38.03845,49.66119],[38.03624,49.66264],[38.03489,49.66019],[38.03372,49.65974],[38.03226,49.65948],[38.02894,49.66157],[38.02651,49.66308],[38.03012,49.66484],[38.03204,49.6668],[38.03078,49.66817],[38.02728,49.6691],[38.0261,49.66963],[38.02522,49.67006],[38.02351,49.67159],[38.02104,49.6739],[38.0209,49.67406],[38.01943,49.67529],[38.02036,49.67724],[38.01367,49.67736],[38.0116,49.67743],[38.01127,49.67744],[38.01116,49.6781],[38.01458,49.67885],[38.01469,49.67892],[38.01459,49.68024],[38.01435,49.68312],[38.01235,49.68329],[38.01127,49.68457],[38.01227,49.68547],[38.01438,49.68543],[38.01335,49.68726],[38.01338,49.68839],[38.01337,49.68936],[38.01335,49.69254],[38.01338,49.69542],[38.00628,49.69522],[37.99865,49.70038],[38.00336,49.70187],[38.00345,49.70176],[38.00513,49.70223],[38.00506,49.70233],[38.0052,49.70241],[38.01759,49.70624],[38.01693,49.71209],[38.01671,49.71292],[38.01014,49.71422],[38.00846,49.71404],[38.00392,49.71356],[38.00344,49.71354],[38.00042,49.71363],[38.00004,49.71357],[37.99705,49.71344],[37.99578,49.7139],[37.99077,49.71571],[37.99042,49.71564],[37.9875,49.71429],[37.9835,49.71254],[37.98357,49.71247],[37.97471,49.70848],[37.97292,49.70963],[37.9708,49.71095],[37.96603,49.71408],[37.96255,49.7164],[37.95986,49.71824],[37.95972,49.71837],[37.95951,49.71869],[37.95928,49.719],[37.95827,49.72034],[37.95745,49.72155],[37.95546,49.7245],[37.95438,49.72587],[37.95398,49.7266],[37.95293,49.72819],[37.9519,49.72958],[37.95144,49.73036],[37.95119,49.73052],[37.95137,49.73067],[37.95144,49.73077],[37.95151,49.73092],[37.95151,49.73103],[37.95143,49.73166],[37.95213,49.7329],[37.95334,49.73494],[37.95513,49.738],[37.95644,49.7402],[37.95879,49.74403],[37.96051,49.7471],[37.96192,49.74932],[37.96331,49.75146],[37.96407,49.75283],[37.96475,49.75394],[37.96623,49.75623],[37.96784,49.75871],[37.96831,49.75932],[37.96928,49.76038],[37.97027,49.76138],[37.97367,49.76472],[37.97562,49.76661],[37.97668,49.7678],[37.97695,49.76756],[37.97724,49.76734],[37.97735,49.76728],[37.97757,49.7672],[37.97811,49.7671],[37.97823,49.76692],[37.97835,49.76676],[37.97897,49.76642],[37.9791,49.76619],[37.97912,49.76591],[37.97922,49.76579],[37.97914,49.76563],[37.97903,49.76557],[37.97878,49.76523],[37.9788,49.76516],[37.97917,49.76507],[37.97987,49.76487],[37.98069,49.76184],[37.98208,49.75682],[37.98253,49.75684],[37.98272,49.75693],[37.98309,49.75693],[37.98338,49.75696],[37.98373,49.75676],[37.9837,49.75657],[37.98369,49.75636],[37.98354,49.75631],[37.98331,49.75631],[37.98283,49.75613],[37.98257,49.7561],[37.9824,49.756],[37.98232,49.75578],[37.98243,49.7556],[37.98251,49.75547],[37.98255,49.75536],[37.98256,49.75523],[37.98267,49.75516],[37.98301,49.75513],[37.9833,49.7552],[37.98354,49.7555],[37.98375,49.75558],[37.98386,49.75557],[37.98404,49.75537],[37.98418,49.7552],[37.98423,49.75507],[37.98423,49.75498],[37.98418,49.75482],[37.98405,49.75451],[37.98408,49.75438],[37.98425,49.75422],[37.98486,49.75393],[37.9854,49.75381],[37.98593,49.75373],[37.9863,49.75377],[37.98721,49.75336],[37.98721,49.75319],[37.98728,49.75301],[37.98741,49.75292],[37.98756,49.75284],[37.98802,49.75262],[37.9883,49.75252],[37.98882,49.75238],[37.9893,49.75227],[37.98985,49.75278],[37.99004,49.75275],[37.99034,49.75276],[37.99391,49.75295],[37.99671,49.75313],[37.99748,49.75321],[37.99867,49.75329],[37.99885,49.75325],[38.00505,49.75545],[38.00823,49.75672],[38.00883,49.75706],[38.00924,49.75735],[38.00938,49.75766],[38.00964,49.75914],[38.00986,49.7614],[38.01019,49.76519],[38.01148,49.76571],[38.0129,49.76634],[38.01441,49.76718],[38.01894,49.76977],[38.02367,49.77227],[38.02306,49.77427],[38.02707,49.77553],[38.02882,49.77605],[38.03358,49.77743],[38.0366,49.77847],[38.03722,49.78039],[38.03795,49.78278],[38.04882,49.78316],[38.04899,49.78351],[38.05042,49.78336],[38.05252,49.78345],[38.05273,49.78426],[38.05313,49.78565],[38.05405,49.78872],[38.05444,49.78996],[38.05488,49.79151],[38.0509,49.79252],[38.04931,49.79289],[38.04836,49.7931],[38.04815,49.79308],[38.0478,49.7929],[38.04741,49.79277],[38.04668,49.7928],[38.03961,49.79489],[38.03721,49.7969],[38.03446,49.79921],[38.03153,49.80121],[38.03021,49.8021],[38.0276,49.8035],[38.02519,49.80474],[38.01918,49.80781],[38.01223,49.81138],[38.00957,49.81279],[38.01039,49.81427],[38.01153,49.81671],[38.01175,49.81715],[38.01281,49.81977],[38.01398,49.82221],[38.01459,49.82356],[38.01621,49.82707],[38.01761,49.82994],[38.01901,49.83307],[38.01967,49.83453],[38.0195,49.83476],[38.01928,49.83491],[38.01911,49.8351],[38.01879,49.83551],[38.01836,49.83613],[38.0182,49.83645],[38.01808,49.8367],[38.01786,49.83699],[38.01771,49.83708],[38.01795,49.83722],[38.01822,49.83733],[38.01852,49.8374],[38.01881,49.83741],[38.02137,49.83758],[38.02458,49.83783],[38.02986,49.83819],[38.03148,49.83829],[38.0334,49.83835],[38.03419,49.83848],[38.03526,49.83858],[38.04211,49.83894],[38.0428,49.83898],[38.04511,49.83897],[38.04847,49.83888],[38.04881,49.83904],[38.05201,49.8381],[38.05331,49.83776],[38.05525,49.83723],[38.0597,49.83688],[38.06173,49.83665],[38.06603,49.8363],[38.06662,49.83624],[38.06772,49.83618],[38.06887,49.83601],[38.06929,49.83599],[38.07177,49.83598],[38.07368,49.83601],[38.0782,49.83713],[38.0795,49.83768],[38.07998,49.83794],[38.08084,49.83841],[38.08253,49.83948],[38.08379,49.84024],[38.08501,49.84092],[38.08613,49.84154],[38.09188,49.84496],[38.0931,49.84567],[38.09353,49.84608],[38.09326,49.84618],[38.09077,49.84787],[38.08795,49.84991],[38.08579,49.85137],[38.08178,49.85429],[38.07952,49.8559],[38.07581,49.85857],[38.07118,49.86194],[38.0678,49.86448],[38.06661,49.86548],[38.06477,49.86712],[38.05977,49.87168],[38.05689,49.874],[38.04957,49.88005],[38.04626,49.88277],[38.04392,49.88601],[38.04143,49.88955],[38.03948,49.89293],[38.03928,49.89332],[38.03905,49.89384],[38.03209,49.89966],[38.03294,49.90039]]}},{"type":"Feature","properties":{"kind":"mask"},"geometry":{"type":"LineString","coordinates":[[38.03294,49.90039],[38.03659,49.90405],[38.03667,49.90414],[38.0374,49.90506],[38.03805,49.90593],[38.03845,49.90644],[38.03912,49.90718],[38.03979,49.90796],[38.04015,49.90838],[38.04071,49.90917],[38.04096,49.90955],[38.0411,49.9098],[38.04127,49.90999],[38.04174,49.91039],[38.04188,49.91052],[38.04204,49.91071],[38.04247,49.9112],[38.04273,49.91148],[38.04317,49.91194],[38.0437,49.91249],[38.04441,49.91329],[38.04522,49.91418],[38.04585,49.91486],[38.04635,49.91527],[38.04687,49.91563],[38.04781,49.91631],[38.04895,49.91717],[38.05014,49.91813],[38.0513,49.91906],[38.05261,49.92009],[38.05315,49.92052],[38.05368,49.92102],[38.05457,49.92173],[38.05627,49.92295],[38.05667,49.92318],[38.05707,49.92336],[38.05794,49.92367],[38.05891,49.92398],[38.06,49.92431],[38.0614,49.92471],[38.0623,49.92497],[38.06281,49.92513],[38.06383,49.92544],[38.06412,49.92553],[38.06455,49.92564],[38.06476,49.92566],[38.06552,49.92582],[38.06594,49.92593],[38.06681,49.92617],[38.06794,49.9265],[38.06881,49.92674],[38.06967,49.92699],[38.07051,49.92721],[38.07103,49.92736],[38.07162,49.92753],[38.07236,49.92774],[38.07341,49.92804],[38.07451,49.92835],[38.07558,49.92867],[38.077,49.9291],[38.07884,49.92963],[38.07942,49.92979],[38.08024,49.93007],[38.08146,49.93043],[38.08258,49.93074],[38.08369,49.93109],[38.08539,49.93156],[38.08732,49.93211],[38.08827,49.93239],[38.08878,49.93254],[38.08906,49.93262],[38.08935,49.93269],[38.0898,49.93283],[38.09126,49.93329],[38.09172,49.9334],[38.09509,49.93431],[38.097,49.93482],[38.09855,49.93524],[38.10038,49.93571],[38.10184,49.93612],[38.10388,49.93665],[38.10418,49.93675],[38.10459,49.93688],[38.10537,49.93716],[38.10681,49.9375],[38.10729,49.9376],[38.10752,49.93766],[38.1077,49.9377],[38.10973,49.9382],[38.11205,49.93883],[38.1141,49.93939],[38.115,49.93962],[38.11675,49.94011],[38.11948,49.94086],[38.1217,49.94148],[38.12346,49.94197],[38.12452,49.94226],[38.1246,49.94227],[38.12464,49.94227],[38.1247,49.94224],[38.1248,49.94218],[38.12488,49.94205],[38.12562,49.94014],[38.12595,49.93937],[38.12597,49.93903],[38.12598,49.93889],[38.12605,49.93853],[38.12624,49.938],[38.12637,49.9377],[38.12651,49.9374],[38.12674,49.93683],[38.12694,49.93633],[38.12706,49.93601],[38.12724,49.93556],[38.12735,49.93523],[38.1276,49.93454],[38.1278,49.93387],[38.12794,49.93353],[38.1285,49.93192],[38.12873,49.93091],[38.12877,49.93065],[38.12877,49.93034],[38.12875,49.92967],[38.1285,49.92876],[38.12815,49.9275],[38.1279,49.92661],[38.12765,49.92586],[38.12731,49.92495],[38.1269,49.92383],[38.12668,49.92304],[38.12653,49.92231],[38.12654,49.9222],[38.12659,49.92212],[38.12667,49.92208],[38.12673,49.92207],[38.1268,49.92207],[38.12688,49.92208],[38.12704,49.92213],[38.12914,49.92295],[38.12982,49.92328],[38.13066,49.9237],[38.13117,49.92392],[38.13196,49.9243],[38.13237,49.92451],[38.13298,49.92483],[38.13361,49.92515],[38.13442,49.92556],[38.13491,49.92581],[38.13532,49.92601],[38.13622,49.92649],[38.13665,49.92673],[38.13728,49.92701],[38.13797,49.92736],[38.13884,49.92781],[38.13977,49.9283],[38.14011,49.92844],[38.14057,49.92873],[38.14109,49.92902],[38.14177,49.92945],[38.14208,49.92966],[38.14232,49.92981],[38.14259,49.92996],[38.14322,49.93024],[38.1442,49.93067],[38.14493,49.93101],[38.14615,49.93158],[38.14733,49.93213],[38.14874,49.93275],[38.15005,49.93332],[38.1515,49.93398],[38.15257,49.93445],[38.15644,49.93608],[38.15814,49.9368],[38.15934,49.93728],[38.16011,49.93761],[38.16083,49.9379],[38.1614,49.93812],[38.16201,49.93832],[38.16538,49.93955],[38.16764,49.94035],[38.16858,49.9407],[38.16955,49.94106],[38.17031,49.94133],[38.1706,49.94145],[38.17085,49.9416],[38.17103,49.94171],[38.17116,49.9418],[38.17124,49.94185],[38.17131,49.94189],[38.17133,49.94193],[38.17136,49.94198],[38.17135,49.94203],[38.1713,49.94209],[38.17118,49.94222],[38.17068,49.94262],[38.17006,49.9432],[38.16963,49.9436],[38.16953,49.94375],[38.16946,49.94386],[38.16908,49.94426],[38.16863,49.94474],[38.16768,49.94579],[38.16684,49.94668],[38.16588,49.94771],[38.16496,49.94868],[38.16405,49.94966],[38.16349,49.95027],[38.16328,49.95045],[38.16291,49.95083],[38.16275,49.951],[38.16265,49.95115],[38.16261,49.95127],[38.1626,49.95136],[38.16263,49.95144],[38.16268,49.95151],[38.16276,49.95156],[38.16299,49.95164],[38.16351,49.95182],[38.16516,49.95241],[38.16608,49.95273],[38.16722,49.95313],[38.16836,49.95351],[38.1697,49.95394],[38.17028,49.95412],[38.17048,49.95418],[38.17058,49.9542],[38.1707,49.9542],[38.1708,49.9542],[38.17089,49.95419],[38.17104,49.95413],[38.17113,49.95407],[38.17147,49.95387],[38.17156,49.95384],[38.17161,49.95383],[38.1717,49.95386],[38.17184,49.95391],[38.17225,49.95402],[38.17274,49.95416],[38.17341,49.95435],[38.17423,49.9546],[38.17516,49.95487],[38.17571,49.95505],[38.17633,49.95523],[38.17733,49.95553],[38.17835,49.95585],[38.17973,49.95629],[38.18089,49.95665],[38.18175,49.95692],[38.18303,49.95734],[38.18387,49.95762],[38.1849,49.95798],[38.18592,49.95831],[38.18722,49.95872],[38.18811,49.959],[38.18998,49.95958],[38.19199,49.96021],[38.19363,49.96072],[38.19647,49.96164],[38.19796,49.96212],[38.19801,49.96215],[38.19805,49.96217],[38.19807,49.96219],[38.19565,49.96893],[38.19566,49.96911],[38.19566,49.96924],[38.19567,49.96931],[38.19574,49.96936],[38.19591,49.96943],[38.19623,49.96957],[38.19751,49.97009],[38.20044,49.9713],[38.20141,49.97172],[38.20263,49.97224],[38.2035,49.97263],[38.2048,49.97317],[38.20761,49.97435],[38.20862,49.97479],[38.20878,49.97485],[38.21423,49.97678],[38.22181,49.97919],[38.21895,49.98194],[38.21906,49.98322],[38.21708,49.98325],[38.2171,49.98329],[38.21711,49.98332],[38.21708,49.9834],[38.21709,49.98347],[38.21709,49.98351],[38.2171,49.98354],[38.21724,49.98363],[38.21733,49.98367],[38.21738,49.98369],[38.21754,49.98381],[38.21762,49.98393],[38.21766,49.984],[38.2177,49.98405],[38.2177,49.9841],[38.21768,49.98414],[38.21761,49.98425],[38.21753,49.98438],[38.21747,49.98443],[38.21744,49.98449],[38.21734,49.9846],[38.21726,49.98466],[38.21718,49.98472],[38.21714,49.98475],[38.21708,49.98483],[38.21699,49.98489],[38.21687,49.98495],[38.21678,49.98503],[38.21673,49.98509],[38.21671,49.98518],[38.21668,49.98527],[38.21667,49.98537],[38.21669,49.98545],[38.21677,49.98556],[38.21688,49.98563],[38.21699,49.98571],[38.21711,49.98579],[38.21717,49.98585],[38.21725,49.98593],[38.21732,49.98601],[38.21733,49.98608],[38.21733,49.98615],[38.21731,49.98623],[38.21726,49.98632],[38.2172,49.9864],[38.21714,49.98651],[38.2171,49.98665],[38.21708,49.98682],[38.21707,49.98686],[38.21703,49.98691],[38.21693,49.98699],[38.21691,49.98704],[38.21685,49.98708],[38.21675,49.98714],[38.21667,49.98721],[38.21664,49.98727],[38.21662,49.98734],[38.21663,49.98742],[38.21664,49.98746],[38.21663,49.98752],[38.21651,49.98761],[38.21632,49.98773],[38.21609,49.98791],[38.21593,49.98803],[38.21587,49.9881],[38.21574,49.9882],[38.21561,49.98828],[38.21546,49.98834],[38.21515,49.98843],[38.21488,49.9885],[38.21454,49.98859],[38.21409,49.98868],[38.21085,49.99283],[38.20991,49.99234],[38.20475,49.9988],[38.20481,49.999],[38.20487,49.9992],[38.20492,49.99935],[38.20494,49.99944],[38.20499,49.9995],[38.20501,49.99961],[38.20504,49.99966],[38.20505,49.99972],[38.20505,49.99975],[38.20507,49.99985],[38.20506,49.9999],[38.20509,49.99994],[38.20509,50.00001],[38.20507,50.00008],[38.20506,50.00014],[38.20508,50.00019],[38.20509,50.00031],[38.20512,50.00039],[38.20513,50.00046],[38.20516,50.00063],[38.20518,50.00074],[38.20518,50.00088],[38.20513,50.001],[38.20513,50.00104],[38.2051,50.00105],[38.205,50.00109],[38.20492,50.00111],[38.20484,50.00113],[38.20477,50.00112],[38.20466,50.00112],[38.20436,50.00117],[38.20427,50.00121],[38.20417,50.00122],[38.20403,50.00126],[38.20374,50.00136],[38.20353,50.00144],[38.20332,50.00151],[38.20308,50.00161],[38.20287,50.00173],[38.20271,50.00181],[38.20254,50.00194],[38.20239,50.00207],[38.20226,50.00221],[38.20224,50.00228],[38.20224,50.00236],[38.20219,50.00244],[38.20208,50.00252],[38.20197,50.00258],[38.20188,50.00263],[38.20178,50.00271],[38.20157,50.00298],[38.20156,50.00303],[38.20153,50.00307],[38.20144,50.00313],[38.20137,50.0032],[38.20129,50.00325],[38.20121,50.00332],[38.20111,50.00337],[38.201,50.00342],[38.20096,50.00341],[38.20091,50.00341],[38.20089,50.00344],[38.20087,50.00348],[38.20081,50.00354],[38.20077,50.00357],[38.20074,50.00361],[38.20075,50.00364],[38.20077,50.00366],[38.20079,50.00367],[38.20084,50.00368],[38.20088,50.0037],[38.20086,50.00375],[38.20084,50.00382],[38.20079,50.0039],[38.20079,50.004],[38.20079,50.00411],[38.20081,50.00421],[38.20086,50.00442],[38.20086,50.0045],[38.20087,50.00455],[38.19979,50.00584],[38.18592,50.02262],[38.18598,50.02273],[38.18602,50.02279],[38.18607,50.02285],[38.18611,50.02289],[38.18619,50.02292],[38.18631,50.02296],[38.18635,50.02299],[38.18641,50.02302],[38.1865,50.02307],[38.18655,50.02308],[38.18661,50.02309],[38.18665,50.0231],[38.18683,50.02317],[38.18711,50.02329],[38.18722,50.02332],[38.18728,50.02333],[38.18737,50.02335],[38.18746,50.02338],[38.18756,50.02339],[38.18766,50.02342],[38.18771,50.02344],[38.18776,50.02347],[38.18783,50.0235],[38.18798,50.02352],[38.18818,50.02357],[38.18843,50.02362],[38.1887,50.02366],[38.18899,50.02369],[38.18904,50.02372],[38.18911,50.02375],[38.18759,50.03848],[38.18734,50.04088],[38.1873,50.04097],[38.18724,50.04105],[38.18702,50.04135],[38.1866,50.0418],[38.18634,50.04207],[38.1863,50.04219],[38.18624,50.04229],[38.18596,50.04269],[38.18516,50.04374],[38.185,50.04396],[38.18488,50.04406],[38.1848,50.04418],[38.18472,50.04432],[38.18437,50.04478],[38.18407,50.04518],[38.18398,50.04534],[38.1839,50.04542],[38.18376,50.04561],[38.18365,50.04587],[38.18357,50.04613],[38.18353,50.04622],[38.18347,50.04644],[38.18342,50.04682],[38.18341,50.04691],[38.18343,50.04716],[38.18349,50.04742],[38.18357,50.04777],[38.18366,50.0483],[38.18374,50.04882],[38.18384,50.04943],[38.18406,50.05051],[38.18416,50.05075],[38.18429,50.05097],[38.18439,50.05102],[38.18446,50.05114],[38.18448,50.0512],[38.18448,50.05123],[38.18446,50.05129],[38.18438,50.05133],[38.18431,50.05136],[38.18416,50.05144],[38.18408,50.05149],[38.18404,50.05154],[38.18405,50.05166],[38.1841,50.05171],[38.1842,50.05172],[38.18435,50.05173],[38.18449,50.05175],[38.18453,50.05178],[38.18458,50.05188],[38.18459,50.05237],[38.1846,50.05243],[38.18461,50.05248],[38.18462,50.05251],[38.18457,50.05257],[38.18455,50.05265],[38.18453,50.05277],[38.18458,50.05288],[38.18459,50.05305],[38.1846,50.05314],[38.18463,50.05335],[38.18469,50.05355],[38.18471,50.05396],[38.18478,50.05445],[38.18484,50.05491],[38.18493,50.05536],[38.18496,50.05571],[38.18494,50.05584],[38.18483,50.05618],[38.18473,50.05637],[38.18468,50.05652],[38.18467,50.05655],[38.18458,50.05675],[38.18453,50.05699],[38.18434,50.05759],[38.18433,50.05771],[38.18435,50.05786],[38.18439,50.05798],[38.18441,50.05816],[38.18437,50.0584],[38.18428,50.05878],[38.18419,50.0593],[38.18406,50.05974],[38.184,50.05998],[38.1839,50.06026],[38.18384,50.06058],[38.18376,50.06093],[38.18368,50.06118],[38.18355,50.06159],[38.18337,50.06224],[38.18324,50.06267],[38.18313,50.06302],[38.18303,50.06341],[38.18294,50.06373],[38.18283,50.06402],[38.18269,50.06444],[38.18252,50.06489],[38.18228,50.0653],[38.18205,50.06586],[38.18201,50.06606],[38.18196,50.06618],[38.18183,50.06623],[38.18172,50.06624],[38.18158,50.06626],[38.18149,50.06629],[38.18143,50.06635],[38.1814,50.06645],[38.1814,50.06655],[38.18141,50.06664],[38.18144,50.06675],[38.18149,50.06683],[38.18158,50.067],[38.18174,50.06738],[38.18178,50.06752],[38.18177,50.06765],[38.18174,50.06784],[38.18163,50.06821],[38.1815,50.06868],[38.18067,50.07138],[38.18046,50.07213],[38.18035,50.07249],[38.18017,50.07302],[38.18003,50.07343],[38.17987,50.07421],[38.17971,50.07466],[38.17932,50.07611],[38.17915,50.07677],[38.17907,50.07714],[38.17902,50.07722],[38.17898,50.07728],[38.17898,50.0773],[38.17901,50.07737],[38.17902,50.07741],[38.17902,50.07746],[38.17877,50.07993],[38.24042,50.07379],[38.25574,50.07251],[38.277,50.07366],[38.29175,50.07966],[38.30046,50.0868],[38.31315,50.08845],[38.3293,50.08544],[38.33016,50.08113],[38.33135,50.07512],[38.33305,50.06652],[38.33283,50.06282],[38.3328,50.06243],[38.3326,50.05828],[38.33258,50.05801],[38.33397,50.05822],[38.33837,50.05321],[38.34257,50.04595],[38.34512,50.04295],[38.35119,50.03579],[38.35125,50.03559],[38.35137,50.03495],[38.35146,50.03437],[38.35153,50.03389],[38.35161,50.03339],[38.35169,50.03287],[38.35176,50.03245],[38.3518,50.03218],[38.35182,50.03205],[38.35188,50.0316],[38.35196,50.0312],[38.35205,50.03065],[38.35212,50.03013],[38.35225,50.02926],[38.35254,50.02746],[38.35266,50.02687],[38.35271,50.02664],[38.35273,50.02649],[38.35275,50.02634],[38.35282,50.02594],[38.35287,50.02567],[38.35301,50.02533],[38.35304,50.02526],[38.35314,50.02514],[38.35327,50.02506],[38.35339,50.02498],[38.35346,50.0249],[38.35354,50.02475],[38.35356,50.02455],[38.35352,50.02441],[38.35349,50.02426],[38.35336,50.02394],[38.35329,50.02388],[38.35322,50.02387],[38.35315,50.02387],[38.35307,50.02386],[38.353,50.02384],[38.35295,50.02372],[38.35312,50.02239],[38.35345,50.01973],[38.35355,50.01868],[38.35352,50.01844],[38.35334,50.01778],[38.35296,50.01665],[38.35269,50.01586],[38.35248,50.01498],[38.35224,50.0141],[38.35196,50.01329],[38.35178,50.01268],[38.35156,50.01177],[38.35149,50.01151],[38.3514,50.01137],[38.35128,50.01118],[38.35113,50.01096],[38.35039,50.0102],[38.35029,50.01016],[38.34921,50.00898],[38.34924,50.00891],[38.34937,50.00879],[38.34967,50.00867],[38.34991,50.00861],[38.35008,50.00858],[38.35016,50.00855],[38.35019,50.00851],[38.35023,50.00843],[38.35023,50.00832],[38.35017,50.00803],[38.35004,50.00762],[38.34998,50.00743],[38.3499,50.00718],[38.34985,50.00698],[38.35032,50.00686],[38.35038,50.00681],[38.35066,50.0067],[38.35135,50.00648],[38.35473,50.00537],[38.35507,50.00523],[38.35567,50.00505],[38.36017,50.00353],[38.36028,50.00349],[38.36235,50.00286],[38.36441,50.00213],[38.36578,50.00162],[38.36719,50.00116],[38.36831,50.0008],[38.36986,50.00026],[38.37042,50.00006],[38.37088,49.99992],[38.37151,49.99978],[38.37337,49.99921],[38.3751,49.99869],[38.37805,49.99781],[38.3819,49.99667],[38.38451,49.99578],[38.38784,49.99472],[38.38927,49.99424],[38.392,49.99338],[38.39312,49.99302],[38.39369,49.99285],[38.39418,49.99266],[38.39567,49.99214],[38.39662,49.99182],[38.39723,49.99158],[38.39772,49.99142],[38.39824,49.99127],[38.39853,49.99118],[38.39875,49.99109],[38.39891,49.99098],[38.39939,49.9907],[38.40061,49.99001],[38.40073,49.98996],[38.40091,49.98994],[38.40106,49.98991],[38.4011,49.9899],[38.40114,49.98985],[38.40119,49.98979],[38.40125,49.98971],[38.40145,49.98959],[38.40169,49.98947],[38.4028,49.98885],[38.40365,49.98838],[38.40465,49.98784],[38.40547,49.98743],[38.40803,49.98607],[38.41039,49.98485],[38.41192,49.98404],[38.41337,49.98328],[38.41497,49.98238],[38.41545,49.98214],[38.41603,49.98177],[38.41622,49.9817],[38.41632,49.98169],[38.41638,49.98169],[38.41643,49.98171],[38.41648,49.98175],[38.41656,49.98186],[38.4168,49.98216],[38.4172,49.98266],[38.41753,49.98305],[38.41801,49.98365],[38.41851,49.98425],[38.41894,49.9848],[38.41937,49.98534],[38.41971,49.98578],[38.42007,49.98623],[38.42062,49.98691],[38.42116,49.98753],[38.42148,49.98792],[38.42178,49.98829],[38.42214,49.98871],[38.42248,49.98913],[38.42305,49.98981],[38.42349,49.9903],[38.42412,49.99105],[38.42449,49.99149],[38.4249,49.99198],[38.42548,49.99266],[38.42608,49.99337],[38.42673,49.99414],[38.42724,49.99472],[38.42794,49.99552],[38.42843,49.99608],[38.42869,49.99636],[38.43357,50.00126],[38.4372,50.00084],[38.43757,50.0008],[38.43816,50.00072],[38.43893,50.00061],[38.43937,50.00055],[38.43973,50.00048],[38.44014,50.0004],[38.44044,50.0003],[38.44068,50.00023],[38.44097,50.00017],[38.4414,50.00008],[38.44174,50.00002],[38.44271,49.99985],[38.44301,49.99978],[38.44362,49.99969],[38.4447,49.99951],[38.4459,49.99931],[38.44702,49.99913],[38.44849,49.99892],[38.44985,49.99874],[38.45096,49.99856],[38.45109,49.99848],[38.45148,49.99838],[38.45194,49.99833],[38.45298,49.99817],[38.4548,49.99785],[38.45622,49.99762],[38.45738,49.99741],[38.45835,49.99724],[38.45942,49.99706],[38.46002,49.99695],[38.46044,49.99682],[38.4607,49.99669],[38.46089,49.99661],[38.46118,49.99656],[38.46161,49.99652],[38.46192,49.99646],[38.46902,49.9953],[38.46497,49.98332],[38.47843,49.98328],[38.47952,49.97756],[38.48426,49.9771],[38.48434,49.97691],[38.48445,49.97667],[38.48447,49.97651],[38.4844,49.97636],[38.48428,49.97626],[38.48409,49.97619],[38.48383,49.97615],[38.48371,49.97611],[38.48368,49.97601],[38.48366,49.97584],[38.48369,49.97547],[38.48374,49.97474],[38.48378,49.97461],[38.48377,49.97449],[38.48376,49.97425],[38.48376,49.97334],[38.48378,49.97288],[38.48378,49.97264],[38.48378,49.97224],[38.48379,49.97184],[38.4838,49.9716],[38.4838,49.97138],[38.4838,49.97119],[38.48378,49.971],[38.48379,49.97086],[38.48386,49.97045],[38.48394,49.97023],[38.48406,49.96989],[38.48414,49.96972],[38.48423,49.96959],[38.48462,49.96905],[38.48508,49.96844],[38.48542,49.96795],[38.48591,49.96732],[38.48643,49.96662],[38.48686,49.96609],[38.48726,49.9655],[38.48745,49.96524],[38.4877,49.96495],[38.488,49.96461],[38.48824,49.96424],[38.48852,49.96386],[38.48859,49.96382],[38.48868,49.96377],[38.4888,49.96374],[38.48891,49.96374],[38.50951,49.96333],[38.51006,49.9631],[38.51026,49.96304],[38.51044,49.96302],[38.51067,49.96297],[38.51231,49.96251],[38.51416,49.96201],[38.51562,49.9616],[38.51736,49.96114],[38.51813,49.96091],[38.51903,49.96067],[38.52012,49.9604],[38.52151,49.96001],[38.52226,49.95978],[38.52245,49.95977],[38.52262,49.95979],[38.52276,49.95978],[38.523,49.95976],[38.52325,49.95972],[38.52343,49.95967],[38.52413,49.95948],[38.5256,49.95908],[38.52703,49.9587],[38.52718,49.95869],[38.52735,49.9587],[38.52764,49.95874],[38.52787,49.95879],[38.52854,49.95898],[38.52975,49.95934],[38.53034,49.95954],[38.53104,49.95976],[38.53195,49.96006],[38.53312,49.96045],[38.53363,49.96064],[38.53418,49.96081],[38.53491,49.96103],[38.53588,49.96134],[38.53675,49.96161],[38.53754,49.96188],[38.53807,49.96208],[38.53837,49.96218],[38.53947,49.96253],[38.53996,49.96268],[38.54039,49.96278],[38.54117,49.963],[38.54215,49.96327],[38.54296,49.96354],[38.54317,49.96364],[38.54333,49.96376],[38.54357,49.96398],[38.5439,49.9643],[38.54411,49.96447],[38.54443,49.96465],[38.54507,49.96493],[38.54567,49.9652],[38.54626,49.96549],[38.54695,49.96586],[38.54737,49.96611],[38.5475,49.96627],[38.54755,49.96637],[38.55084,49.96634],[38.55159,49.96657],[38.55315,49.9671],[38.55516,49.96775],[38.5562,49.96813],[38.55718,49.96851],[38.55819,49.96878],[38.55905,49.969],[38.56005,49.96913],[38.56065,49.96922],[38.56083,49.96928],[38.56096,49.96932],[38.56373,49.96977],[38.56392,49.96989],[38.564,49.97002],[38.56402,49.9702],[38.56408,49.97037],[38.56416,49.97061],[38.56421,49.97074],[38.56425,49.9708],[38.56433,49.97083],[38.56443,49.97081],[38.56448,49.9708],[38.56457,49.97085],[38.56462,49.97091],[38.56468,49.97097],[38.56476,49.97106],[38.56482,49.97109],[38.56497,49.97112],[38.56523,49.97115],[38.56555,49.97124],[38.56584,49.97131],[38.56639,49.97145],[38.56723,49.97169],[38.5682,49.972],[38.56851,49.97216],[38.56875,49.97228],[38.56902,49.9724],[38.57027,49.97288],[38.57124,49.97325],[38.57235,49.97365],[38.57286,49.97387],[38.5743,49.97448],[38.57618,49.97528],[38.57731,49.97575],[38.57769,49.97588],[38.57816,49.97603],[38.57852,49.97614],[38.57876,49.97624],[38.57968,49.97658],[38.58097,49.97705],[38.5813,49.9772],[38.58156,49.97734],[38.58176,49.97748],[38.58191,49.97753],[38.58215,49.97758],[38.5825,49.9776],[38.58294,49.97762],[38.58326,49.97765],[38.58355,49.97765],[38.58451,49.97758],[38.58597,49.97748],[38.58764,49.97737],[38.5893,49.97725],[38.59033,49.97716],[38.5905,49.97713],[38.59073,49.9771],[38.59089,49.97709],[38.59103,49.9771],[38.59117,49.97716],[38.59133,49.97722],[38.5915,49.97726],[38.59177,49.97726],[38.5928,49.9772],[38.59393,49.9771],[38.59535,49.97702],[38.59683,49.9769],[38.59838,49.97678],[38.59981,49.97665],[38.60113,49.97653],[38.60244,49.97643],[38.60407,49.97631],[38.60492,49.97625],[38.60567,49.97621],[38.60707,49.9761],[38.60866,49.97598],[38.61013,49.97587],[38.61054,49.97585],[38.61095,49.97584],[38.61111,49.97584],[38.61126,49.97579],[38.61141,49.97575],[38.61177,49.97574],[38.61227,49.97574],[38.61261,49.97572],[38.61303,49.97565],[38.61389,49.97541],[38.61421,49.97533],[38.6159,49.97494],[38.61621,49.97486],[38.61646,49.97478],[38.61665,49.97467],[38.61687,49.97449],[38.61702,49.97434],[38.61795,49.97376],[38.61853,49.97346],[38.61927,49.97308],[38.6203,49.97256],[38.62092,49.97218],[38.62207,49.97153],[38.62261,49.97127],[38.62288,49.97112],[38.62382,49.97052],[38.62518,49.96972],[38.62641,49.96897],[38.6281,49.968],[38.62982,49.96694],[38.63031,49.96662],[38.63059,49.96653],[38.63076,49.96649],[38.63094,49.96645],[38.63126,49.96627],[38.63282,49.96522],[38.63444,49.96419],[38.63586,49.96332],[38.63785,49.96211],[38.63924,49.96125],[38.64047,49.96044],[38.64217,49.95935],[38.64377,49.95834],[38.64542,49.95728],[38.64656,49.95652],[38.64681,49.95635],[38.64711,49.95599],[38.64748,49.95623],[38.64835,49.95694],[38.64972,49.95804],[38.65076,49.95888],[38.65206,49.95995],[38.65319,49.96089],[38.65377,49.96133],[38.65416,49.96157],[38.65485,49.962],[38.6564,49.96307],[38.657,49.96358],[38.65761,49.96414],[38.65821,49.9647],[38.65888,49.96527],[38.65967,49.96597],[38.66015,49.96637],[38.66088,49.96708],[38.66163,49.96783],[38.66251,49.96848],[38.66311,49.9689],[38.6636,49.96926],[38.66431,49.96976],[38.66512,49.97034],[38.66615,49.97107],[38.66715,49.97178],[38.66739,49.97192],[38.66769,49.97202],[38.66797,49.97206],[38.66843,49.9721],[38.66893,49.97213],[38.66932,49.97212],[38.66968,49.97208],[38.67031,49.97197],[38.67067,49.97191],[38.67161,49.97185],[38.67226,49.9718],[38.67259,49.97182],[38.67285,49.97188],[38.67313,49.97196],[38.6735,49.97207],[38.67372,49.97214],[38.67419,49.97241],[38.6745,49.97253],[38.67464,49.97255],[38.67486,49.97257],[38.67521,49.97255],[38.67547,49.97254],[38.67561,49.97255],[38.67592,49.97266],[38.67615,49.97272],[38.67646,49.97275],[38.67686,49.97281],[38.67713,49.97287],[38.67742,49.97297],[38.67776,49.97311],[38.67855,49.97343],[38.67905,49.97363],[38.67984,49.97394],[38.68017,49.97409],[38.68046,49.97425],[38.68067,49.97445],[38.68079,49.97462],[38.68082,49.97485],[38.68081,49.97516],[38.6807,49.97547],[38.6805,49.97579],[38.68028,49.97634],[38.6802,49.97648],[38.68023,49.97682],[38.68032,49.97767],[38.68036,49.97805],[38.68037,49.9783],[38.68034,49.97853],[38.67926,49.98342],[38.67732,49.99196],[38.67707,49.99216],[38.67701,49.99228],[38.67703,49.99249],[38.67704,49.99319],[38.67713,49.99432],[38.67727,49.99493],[38.67737,49.9951],[38.67744,49.99537],[38.67757,49.99577],[38.67765,49.99636],[38.67775,49.99696],[38.67795,49.99741],[38.67796,49.99777],[38.67796,49.99827],[38.67799,49.99875],[38.67808,49.99918],[38.67817,49.99986],[38.67826,50.00036],[38.67833,50.00086],[38.67835,50.00104],[38.67839,50.0013],[38.67854,50.00216],[38.67917,50.00597],[38.68405,50.00774],[38.68421,50.00772],[38.68437,50.00769],[38.6846,50.00766],[38.68479,50.00768],[38.68503,50.00771],[38.68517,50.0077],[38.68528,50.00768],[38.68547,50.00762],[38.68584,50.00752],[38.68621,50.00741],[38.68649,50.00732],[38.68682,50.0072],[38.68709,50.0071],[38.68717,50.00704],[38.68729,50.00695],[38.68738,50.00687],[38.68742,50.00682],[38.68742,50.00679],[38.68747,50.00677],[38.68752,50.00667],[38.68755,50.00664],[38.68754,50.00655],[38.68754,50.00648],[38.6876,50.00644],[38.68761,50.00634],[38.68763,50.00622],[38.68771,50.00619],[38.68778,50.00614],[38.68795,50.00605],[38.68802,50.00598],[38.68806,50.00592],[38.68813,50.00583],[38.68818,50.00579],[38.68828,50.00576],[38.68835,50.00571],[38.68844,50.00568],[38.68854,50.00567],[38.68859,50.00567],[38.6887,50.00567],[38.68879,50.00569],[38.68887,50.0057],[38.68892,50.00568],[38.68898,50.00567],[38.68905,50.00565],[38.68912,50.0056],[38.68921,50.00552],[38.68931,50.00546],[38.68942,50.00543],[38.68951,50.00542],[38.68961,50.00541],[38.6897,50.0054],[38.68986,50.00537],[38.68995,50.00537],[38.69005,50.00535],[38.69012,50.00535],[38.69022,50.00532],[38.69031,50.00532],[38.69036,50.0053],[38.69043,50.00529],[38.69051,50.00529],[38.69057,50.00526],[38.69066,50.00526],[38.69076,50.00523],[38.69086,50.0052],[38.69097,50.00519],[38.69106,50.00517],[38.69114,50.00513],[38.6912,50.00511],[38.69122,50.00508],[38.69127,50.00508],[38.69132,50.00505],[38.69137,50.00502],[38.69143,50.00499],[38.69147,50.00498],[38.69149,50.00496],[38.6915,50.00492],[38.69154,50.0049],[38.69155,50.00485],[38.69159,50.00482],[38.69164,50.00475],[38.69168,50.00467],[38.69176,50.00456],[38.69183,50.00448],[38.69189,50.00438],[38.69196,50.00427],[38.69202,50.00422],[38.69209,50.00414],[38.69214,50.00406],[38.69217,50.004],[38.69218,50.00395],[38.69224,50.00386],[38.69227,50.00378],[38.69233,50.0037],[38.69238,50.00362],[38.69242,50.00355],[38.69248,50.00348],[38.6925,50.00342],[38.69253,50.00333],[38.69258,50.00324],[38.69264,50.00314],[38.69268,50.00307],[38.69273,50.00299],[38.69278,50.00294],[38.69285,50.00289],[38.69294,50.00287],[38.69304,50.00287],[38.69316,50.00287],[38.69323,50.00287],[38.69333,50.00285],[38.69342,50.00283],[38.69347,50.00283],[38.69354,50.00281],[38.69366,50.00281],[38.69372,50.00281],[38.69382,50.00281],[38.6939,50.0028],[38.694,50.0028],[38.69414,50.00275],[38.69425,50.00279],[38.69434,50.00275],[38.69449,50.00275],[38.69492,50.00273],[38.69523,50.00271],[38.69543,50.00269],[38.69553,50.00271],[38.69563,50.00271],[38.69574,50.0027],[38.69584,50.00268],[38.69593,50.00262],[38.69594,50.00258],[38.69597,50.00253],[38.69614,50.00245],[38.69628,50.00238],[38.69641,50.00232],[38.69647,50.00229],[38.69648,50.00222],[38.6965,50.00217],[38.6966,50.00213],[38.69665,50.0021],[38.69675,50.0021],[38.69681,50.00208],[38.69695,50.00202],[38.69704,50.00197],[38.69715,50.00193],[38.69728,50.00185],[38.69737,50.00179],[38.69745,50.00179],[38.69752,50.00177],[38.69762,50.00176],[38.69773,50.00173],[38.69783,50.00166],[38.69791,50.00159],[38.69795,50.00152],[38.69798,50.00146],[38.69801,50.0014],[38.69811,50.00132],[38.69822,50.00127],[38.69823,50.00127],[38.69838,50.00117],[38.69846,50.00112],[38.69851,50.00105],[38.69849,50.00097],[38.69845,50.00089],[38.69837,50.00078],[38.69952,49.99972],[38.6996,49.99967],[38.69958,49.99957],[38.69964,49.99947],[38.69972,49.99935],[38.70013,49.99905],[38.7006,49.9987],[38.70083,49.99854],[38.701,49.99836],[38.70117,49.99816],[38.70134,49.99784],[38.7014,49.99762],[38.70152,49.99752],[38.70164,49.99743],[38.70173,49.99743],[38.70175,49.99743],[38.70183,49.99741],[38.70184,49.99736],[38.70194,49.99734],[38.70221,49.99726],[38.70235,49.99721],[38.70241,49.99712],[38.70257,49.99706],[38.7027,49.99704],[38.70286,49.99703],[38.70298,49.99699],[38.70306,49.99692],[38.70308,49.99684],[38.70309,49.9968],[38.70324,49.99675],[38.70329,49.99672],[38.70334,49.99667],[38.70335,49.99662],[38.70343,49.99657],[38.70351,49.99651],[38.70359,49.99648],[38.70368,49.99647],[38.70375,49.99644],[38.70375,49.99638],[38.70376,49.99633],[38.70383,49.99628],[38.70397,49.99617],[38.70404,49.99607],[38.70406,49.99601],[38.70416,49.9959],[38.70422,49.99586],[38.7043,49.9958],[38.70439,49.9957],[38.70445,49.99567],[38.70451,49.99558],[38.70465,49.99545],[38.70481,49.99533],[38.70501,49.99517],[38.70519,49.995],[38.70517,49.99497],[38.7052,49.99493],[38.70524,49.9949],[38.70527,49.99488],[38.70532,49.99487],[38.70536,49.99485],[38.70558,49.99461],[38.70563,49.99455],[38.70566,49.99452],[38.70584,49.99439],[38.706,49.99424],[38.706,49.99419],[38.7061,49.99415],[38.70619,49.99406],[38.70632,49.99392],[38.70647,49.99382],[38.70679,49.99357],[38.70699,49.99343],[38.70703,49.99339],[38.70705,49.99334],[38.70714,49.99329],[38.7072,49.99321],[38.70735,49.99306],[38.70759,49.9928],[38.7077,49.99266],[38.70776,49.99258],[38.70793,49.99236],[38.70806,49.99224],[38.70813,49.99213],[38.70817,49.99205],[38.7083,49.99192],[38.70834,49.99185],[38.70841,49.99176],[38.70849,49.99169],[38.70853,49.99162],[38.7086,49.99154],[38.70868,49.99147],[38.70877,49.99138],[38.70881,49.99134],[38.70886,49.99125],[38.70896,49.99114],[38.70902,49.99108],[38.70905,49.99103],[38.70907,49.99098],[38.7091,49.99096],[38.70915,49.99094],[38.70923,49.99093],[38.70929,49.99092],[38.7093,49.9909],[38.70927,49.99086],[38.70928,49.99082],[38.70932,49.9908],[38.70945,49.99082],[38.70949,49.9908],[38.70953,49.99076],[38.70957,49.99072],[38.70963,49.99069],[38.7097,49.99068],[38.70974,49.99064],[38.70975,49.9906],[38.70975,49.99055],[38.70976,49.99051],[38.70976,49.99047],[38.70975,49.99042],[38.70976,49.99039],[38.70979,49.99036],[38.70976,49.99032],[38.70973,49.99029],[38.70975,49.99026],[38.70977,49.99026],[38.70981,49.99027],[38.70983,49.99023],[38.70988,49.99017],[38.70992,49.99015],[38.71001,49.99011],[38.71003,49.99007],[38.71002,49.99004],[38.71004,49.98998],[38.71013,49.98996],[38.71022,49.98993],[38.71031,49.98988],[38.71034,49.98981],[38.7104,49.98977],[38.71049,49.98973],[38.71056,49.98969],[38.71064,49.98967],[38.71073,49.98964],[38.71078,49.98959],[38.71082,49.98955],[38.71087,49.98954],[38.71098,49.98955],[38.71107,49.9896],[38.71121,49.98963],[38.71138,49.98967],[38.71152,49.98969],[38.71167,49.98964],[38.71179,49.98957],[38.71194,49.98947],[38.71205,49.98939],[38.71209,49.98928],[38.71227,49.98917],[38.71243,49.98901],[38.7125,49.98891],[38.71259,49.9888],[38.71266,49.98872],[38.71279,49.98858],[38.71284,49.98853],[38.71288,49.98846],[38.71291,49.98838],[38.71298,49.98832],[38.71304,49.98826],[38.71299,49.98819],[38.71299,49.98812],[38.71303,49.98804],[38.71316,49.988],[38.71327,49.98797],[38.71334,49.98793],[38.71346,49.98789],[38.71364,49.98787],[38.71376,49.98786],[38.71399,49.98781],[38.71402,49.98779],[38.71402,49.98774],[38.71407,49.98768],[38.71411,49.98762],[38.71415,49.98757],[38.71418,49.98753],[38.71423,49.98747],[38.71427,49.98744],[38.7143,49.98746],[38.7144,49.98751],[38.71446,49.98754],[38.71451,49.9876],[38.7146,49.98767],[38.71467,49.98772],[38.71471,49.98774],[38.71476,49.98771],[38.71481,49.98764],[38.71493,49.98763],[38.71502,49.98759],[38.71511,49.98749],[38.71513,49.98747],[38.71527,49.98748],[38.71534,49.9875],[38.71541,49.98746],[38.71548,49.98741],[38.71555,49.98738],[38.71565,49.98732],[38.71572,49.98726],[38.71579,49.98723],[38.71588,49.98717],[38.71597,49.98714],[38.71603,49.9871],[38.71604,49.98707],[38.71607,49.98701],[38.7161,49.98698],[38.71614,49.98697],[38.71622,49.98696],[38.71628,49.98696],[38.71635,49.98694],[38.7164,49.9869],[38.71641,49.98685],[38.71639,49.9868],[38.71632,49.98673],[38.71624,49.98669],[38.71614,49.98664],[38.71607,49.98658],[38.71599,49.98652],[38.71594,49.98649],[38.71591,49.98645],[38.71601,49.98641],[38.71607,49.98638],[38.71612,49.98632],[38.71614,49.98625],[38.71618,49.98619],[38.71621,49.98612],[38.71627,49.98606],[38.71635,49.98601],[38.71642,49.98601],[38.71652,49.98602],[38.71658,49.98603],[38.71661,49.98601],[38.71662,49.98594],[38.71661,49.98589],[38.71663,49.98582],[38.71668,49.98575],[38.71674,49.98571],[38.7168,49.98569],[38.71689,49.98568],[38.71697,49.98565],[38.71709,49.98563],[38.71711,49.9856],[38.71723,49.98552],[38.71733,49.98546],[38.71736,49.98541],[38.71738,49.98532],[38.71741,49.98525],[38.71746,49.98521],[38.71749,49.98516],[38.71748,49.98501],[38.71754,49.98467],[38.71767,49.98455],[38.7178,49.9845],[38.71796,49.98449],[38.71811,49.98449],[38.71822,49.98448],[38.71823,49.98431],[38.71822,49.98419],[38.71828,49.98377],[38.71825,49.98358],[38.71831,49.98341],[38.71855,49.98319],[38.71801,49.983],[38.71754,49.98282],[38.7106,49.98088],[38.69011,49.96581],[38.68597,49.96213],[38.69224,49.93975],[38.69205,49.93962],[38.69193,49.93949],[38.69169,49.93923],[38.69158,49.93904],[38.69145,49.93875],[38.69143,49.93852],[38.69156,49.93816],[38.69205,49.93702],[38.69228,49.93681],[38.69256,49.93664],[38.69407,49.9348],[38.72394,49.92711],[38.72488,49.92501],[38.72975,49.91416],[38.73303,49.90685],[38.73303,49.90675],[38.73303,49.9067],[38.73312,49.90657],[38.73322,49.90651],[38.73324,49.90636],[38.73325,49.90624],[38.73331,49.90609],[38.7335,49.90579],[38.73384,49.90539],[38.73401,49.90518],[38.73427,49.90479],[38.7346,49.90448],[38.73486,49.90429],[38.73538,49.90393],[38.73599,49.90363],[38.73684,49.90312],[38.73765,49.90261],[38.73885,49.9018],[38.73948,49.90136],[38.74031,49.90074],[38.74071,49.90044],[38.74124,49.89995],[38.74185,49.89942],[38.74274,49.89878],[38.74363,49.89818],[38.74382,49.89804],[38.74438,49.89757],[38.74463,49.89737],[38.74472,49.8973],[38.7448,49.89725],[38.74488,49.89724],[38.74497,49.89728],[38.74502,49.89732],[38.74508,49.89735],[38.74515,49.89736],[38.7453,49.89733],[38.74544,49.8973],[38.7456,49.8973],[38.74581,49.8973],[38.74605,49.89729],[38.74624,49.89731],[38.74634,49.89734],[38.74656,49.89738],[38.74676,49.89742],[38.74695,49.89743],[38.74717,49.89736],[38.74735,49.89731],[38.74758,49.89727],[38.7479,49.89725],[38.74818,49.89723],[38.74845,49.89722],[38.74865,49.89727],[38.75207,49.89692],[38.75374,49.89681],[38.75534,49.89675],[38.7589,49.89659],[38.76108,49.89647],[38.76493,49.89618],[38.76775,49.89596],[38.76853,49.89586],[38.76872,49.89578],[38.7689,49.89559],[38.76927,49.8951],[38.77012,49.89404],[38.77103,49.89298],[38.77225,49.89165],[38.77338,49.89035],[38.77435,49.88926],[38.77544,49.88804],[38.77647,49.88679],[38.77769,49.88545],[38.77857,49.88457],[38.78077,49.88234],[38.79096,49.87827],[38.79562,49.88336],[38.8247,49.87869],[38.83079,49.87546],[38.83291,49.87302],[38.83488,49.87074],[38.83598,49.86767],[38.83709,49.86706],[38.84224,49.86546],[38.84517,49.86688],[38.84578,49.86766],[38.8473,49.8676],[38.84763,49.86682],[38.84751,49.86571],[38.84756,49.86551],[38.84769,49.86429],[38.84937,49.86471],[38.8516,49.86471],[38.85125,49.8659],[38.85134,49.86591],[38.85142,49.86592],[38.85154,49.86596],[38.85156,49.86599],[38.85162,49.86603],[38.85177,49.86608],[38.8519,49.86612],[38.85196,49.86616],[38.85204,49.86618],[38.85233,49.86633],[38.85246,49.86642],[38.85255,49.86646],[38.85272,49.86655],[38.85283,49.86657],[38.85292,49.8666],[38.853,49.86667],[38.8531,49.86667],[38.85317,49.86668],[38.85324,49.86671],[38.85337,49.86675],[38.85347,49.86675],[38.85358,49.8668],[38.85362,49.86685],[38.85369,49.8669],[38.85379,49.86693],[38.85385,49.86697],[38.85395,49.86698],[38.85402,49.86701],[38.85411,49.867],[38.85425,49.86703],[38.85431,49.8671],[38.85438,49.86713],[38.85444,49.86714],[38.85452,49.86718],[38.8546,49.86722],[38.85467,49.86726],[38.85474,49.86734],[38.8548,49.86741],[38.85483,49.86747],[38.85483,49.86752],[38.85485,49.86756],[38.85482,49.86763],[38.8548,49.86776],[38.8548,49.86787],[38.85487,49.86794],[38.85494,49.86799],[38.85501,49.86804],[38.85508,49.86816],[38.85513,49.86823],[38.85518,49.86828],[38.85529,49.86831],[38.85538,49.86839],[38.85546,49.86845],[38.85563,49.86854],[38.85581,49.86864],[38.85591,49.86865],[38.85619,49.86883],[38.85625,49.86885],[38.85632,49.86886],[38.8564,49.86886],[38.85653,49.86884],[38.85662,49.86884],[38.8567,49.86886],[38.85679,49.86888],[38.85686,49.86886],[38.85703,49.86879],[38.85717,49.86874],[38.85725,49.86869],[38.85731,49.86865],[38.85736,49.86861],[38.8574,49.86857],[38.85742,49.86852],[38.85744,49.86847],[38.85749,49.86842],[38.8575,49.86838],[38.8575,49.86836],[38.85749,49.86832],[38.85747,49.8683],[38.85744,49.8683],[38.85741,49.86829],[38.85739,49.86827],[38.8574,49.86823],[38.85745,49.8682],[38.85753,49.8682],[38.8576,49.86819],[38.85768,49.86819],[38.85777,49.86816],[38.85777,49.86814],[38.85783,49.8681],[38.85786,49.86803],[38.85795,49.86788],[38.85798,49.86785],[38.85806,49.86783],[38.85812,49.86782],[38.85819,49.8678],[38.85824,49.86777],[38.85834,49.86771],[38.85839,49.86769],[38.85842,49.86766],[38.85849,49.86758],[38.85854,49.86752],[38.8586,49.86749],[38.85865,49.86748],[38.85867,49.86747],[38.85869,49.86745],[38.85876,49.8674],[38.85879,49.86736],[38.85885,49.86731],[38.85896,49.86725],[38.85907,49.8672],[38.85913,49.8672],[38.85928,49.86713],[38.85939,49.86711],[38.85949,49.86711],[38.85957,49.86709],[38.85971,49.86702],[38.85981,49.86698],[38.8599,49.86694],[38.85999,49.86693],[38.86009,49.86691],[38.86019,49.86692],[38.86027,49.86692],[38.8603,49.86692],[38.86034,49.8669],[38.86039,49.86688],[38.86046,49.86685],[38.86051,49.86682],[38.86057,49.86677],[38.86069,49.86674],[38.86072,49.86677],[38.86079,49.86679],[38.86088,49.86678],[38.86095,49.86675],[38.86099,49.86672],[38.86102,49.86669],[38.86108,49.86666],[38.86116,49.86663],[38.86126,49.86663],[38.86137,49.86659],[38.86146,49.86655],[38.86156,49.8665],[38.86171,49.86646],[38.86183,49.86646],[38.8621,49.86647],[38.86218,49.86646],[38.86224,49.86645],[38.86233,49.86646],[38.86244,49.86646],[38.8626,49.86642],[38.86264,49.8664],[38.86267,49.86637],[38.86266,49.86632],[38.86268,49.86626],[38.86271,49.8662],[38.86279,49.86615],[38.8629,49.86611],[38.86302,49.86606],[38.86317,49.86599],[38.86327,49.86595],[38.86332,49.8659],[38.86337,49.86591],[38.86342,49.86592],[38.86353,49.86593],[38.86361,49.86594],[38.86375,49.86596],[38.86383,49.86596],[38.86392,49.86597],[38.86398,49.86599],[38.86401,49.86603],[38.8641,49.86603],[38.86415,49.866],[38.86419,49.866],[38.86433,49.866],[38.8644,49.86601],[38.86446,49.86603],[38.8645,49.86606],[38.86456,49.86609],[38.86466,49.86607],[38.8648,49.86608],[38.86497,49.86609],[38.86509,49.8661],[38.86516,49.86607],[38.86528,49.86608],[38.86535,49.86605],[38.86547,49.86606],[38.86687,49.86649],[38.8702,49.86663],[38.87287,49.8674],[38.87303,49.86685],[38.87352,49.86642],[38.87546,49.86832],[38.87558,49.8684],[38.87567,49.8685],[38.87575,49.86855],[38.87583,49.86862],[38.87588,49.86865],[38.87592,49.86865],[38.87596,49.86866],[38.87597,49.86868],[38.87601,49.86873],[38.87606,49.86874],[38.87606,49.86877],[38.87603,49.8688],[38.87606,49.86883],[38.8761,49.86885],[38.87617,49.8689],[38.87623,49.86891],[38.8763,49.86895],[38.87634,49.86898],[38.87639,49.86902],[38.87653,49.86907],[38.87659,49.86909],[38.87673,49.86919],[38.87676,49.86925],[38.87679,49.86929],[38.87682,49.8693],[38.8769,49.86931],[38.87704,49.86933],[38.87712,49.86934],[38.87721,49.86937],[38.87728,49.86939],[38.87736,49.8694],[38.87746,49.8694],[38.87752,49.86942],[38.87763,49.86946],[38.87772,49.86946],[38.87784,49.86945],[38.87797,49.86943],[38.87823,49.86943],[38.87839,49.86946],[38.87849,49.86946],[38.87856,49.86945],[38.87862,49.86946],[38.87871,49.86949],[38.87878,49.86953],[38.87882,49.86956],[38.87889,49.86962],[38.87896,49.86963],[38.87903,49.86967],[38.8791,49.86969],[38.87922,49.86971],[38.87931,49.86974],[38.87938,49.86976],[38.8794,49.86977],[38.87945,49.86977],[38.87952,49.86977],[38.87955,49.86976],[38.87956,49.86973],[38.87959,49.86971],[38.87964,49.86973],[38.87967,49.86971],[38.8797,49.86974],[38.87972,49.86975],[38.87976,49.86975],[38.87984,49.86974],[38.87991,49.86971],[38.87996,49.86967],[38.87999,49.86963],[38.88,49.86959],[38.88004,49.86956],[38.88016,49.86952],[38.8802,49.8695],[38.88028,49.86948],[38.88037,49.86947],[38.88048,49.86944],[38.88058,49.86942],[38.88076,49.86935],[38.8809,49.86932],[38.88098,49.86928],[38.88103,49.86923],[38.88107,49.86918],[38.88112,49.86913],[38.88126,49.8691],[38.88135,49.86906],[38.88149,49.86906],[38.88158,49.86906],[38.88165,49.86904],[38.88174,49.86902],[38.88182,49.869],[38.8819,49.86899],[38.88202,49.86899],[38.88212,49.86901],[38.88219,49.86904],[38.88234,49.86908],[38.88351,49.86741],[38.88567,49.86779],[38.88694,49.86738],[38.88774,49.86914],[38.88788,49.86922],[38.88795,49.86929],[38.8881,49.86937],[38.8882,49.8694],[38.88827,49.86942],[38.88832,49.86943],[38.88838,49.86944],[38.88846,49.86942],[38.88854,49.86943],[38.88864,49.86953],[38.88869,49.86959],[38.88874,49.86962],[38.88888,49.86966],[38.88899,49.86969],[38.88907,49.86972],[38.88921,49.86972],[38.88945,49.86973],[38.88954,49.86975],[38.88958,49.86977],[38.88959,49.86982],[38.8896,49.86987],[38.88959,49.86997],[38.88958,49.87],[38.8896,49.87006],[38.88964,49.8701],[38.8897,49.87015],[38.88973,49.87017],[38.88979,49.87018],[38.88985,49.87016],[38.88993,49.87018],[38.88997,49.87021],[38.89007,49.87021],[38.89021,49.87022],[38.89037,49.8702],[38.89044,49.87018],[38.89051,49.87014],[38.8906,49.87011],[38.8907,49.87008],[38.89085,49.87007],[38.89099,49.87007],[38.89108,49.87009],[38.89118,49.87011],[38.89132,49.87014],[38.89148,49.87011],[38.89163,49.87008],[38.89173,49.87001],[38.89181,49.86994],[38.89186,49.86986],[38.89194,49.86978],[38.89209,49.86966],[38.89221,49.86952],[38.89244,49.86946],[38.89263,49.86939],[38.89285,49.86941],[38.89293,49.86943],[38.893,49.86945],[38.89309,49.86948],[38.89319,49.86949],[38.89333,49.86946],[38.89354,49.86949],[38.89381,49.86961],[38.8939,49.86972],[38.89407,49.86986],[38.89424,49.87004],[38.8945,49.87023],[38.89466,49.87031],[38.89482,49.87041],[38.89514,49.87047],[38.89534,49.87046],[38.89546,49.87044],[38.89561,49.87043],[38.89583,49.87044],[38.89607,49.87043],[38.89621,49.87046],[38.89639,49.87052],[38.89645,49.87054],[38.89657,49.87051],[38.89662,49.87048],[38.89667,49.87044],[38.89671,49.87038],[38.8968,49.87029],[38.89689,49.87026],[38.89694,49.87026],[38.89703,49.87028],[38.89712,49.87034],[38.89724,49.87032],[38.89739,49.87027],[38.89751,49.87025],[38.89756,49.87025],[38.89772,49.87025],[38.89788,49.87025],[38.89801,49.87021],[38.89812,49.87023],[38.89824,49.87021],[38.89841,49.87023],[38.89854,49.87026],[38.89866,49.87029],[38.8987,49.87027],[38.89874,49.87023],[38.89879,49.87017],[38.89891,49.87008],[38.89894,49.87008],[38.89907,49.87009],[38.8992,49.87004],[38.89934,49.86996],[38.89955,49.86988],[38.89969,49.86986],[38.89984,49.86985],[38.89994,49.86984],[38.9,49.86981],[38.90004,49.86976],[38.90022,49.86963],[38.9004,49.86955],[38.90062,49.86949],[38.90076,49.86949],[38.90082,49.86951],[38.9009,49.86951],[38.90095,49.8695],[38.90106,49.86943],[38.9013,49.86939],[38.90123,49.86911],[38.90122,49.86894],[38.90129,49.8688],[38.90132,49.86864],[38.90135,49.86848],[38.90135,49.86842],[38.90135,49.86831],[38.90143,49.86805],[38.90148,49.86791],[38.90156,49.86778],[38.90167,49.86764],[38.90175,49.86757],[38.90175,49.86751],[38.90183,49.86742],[38.902,49.86737],[38.90207,49.86736],[38.9022,49.86737],[38.90226,49.86734],[38.90226,49.86729],[38.90222,49.86721],[38.90222,49.86713],[38.90227,49.86708],[38.90237,49.86704],[38.90247,49.86697],[38.90253,49.86687],[38.9026,49.8667],[38.90261,49.86664],[38.90267,49.86655],[38.90273,49.86649],[38.90281,49.86643],[38.90281,49.86638],[38.90285,49.86631],[38.90291,49.86628],[38.90292,49.86623],[38.90294,49.8661],[38.90289,49.86594],[38.90287,49.86579],[38.90288,49.86572],[38.90301,49.86562],[38.9031,49.8656],[38.90323,49.86553],[38.90335,49.86545],[38.90343,49.86539],[38.90352,49.86529],[38.9036,49.86518],[38.90395,49.86493],[38.90499,49.86433],[38.90529,49.86416],[38.90551,49.864],[38.90574,49.86383],[38.90589,49.86369],[38.90606,49.86351],[38.90631,49.86322],[38.90655,49.86296],[38.90674,49.86283],[38.90683,49.86279],[38.90686,49.86274],[38.90695,49.86262],[38.90705,49.86239],[38.90721,49.86204],[38.9073,49.86195],[38.90741,49.8619],[38.90754,49.86178],[38.90764,49.86165],[38.90769,49.86155],[38.90767,49.86147],[38.90764,49.8614],[38.90767,49.86129],[38.90773,49.86113],[38.90773,49.86105],[38.90774,49.86097],[38.9077,49.86088],[38.90772,49.86083],[38.90781,49.86076],[38.90795,49.86068],[38.90803,49.86059],[38.90808,49.8605],[38.90814,49.86036],[38.90819,49.8602],[38.90827,49.86008],[38.90832,49.86005],[38.90843,49.85999],[38.90857,49.85991],[38.90875,49.85984],[38.90901,49.8598],[38.90938,49.85968],[38.90954,49.85965],[38.90966,49.8596],[38.90973,49.85956],[38.90982,49.85958],[38.90999,49.85955],[38.91008,49.85952],[38.91015,49.85949],[38.91023,49.85943],[38.9103,49.85941],[38.91039,49.85937],[38.91048,49.85931],[38.91057,49.85923],[38.91064,49.85921],[38.91079,49.85918],[38.91094,49.85913],[38.91107,49.85913],[38.91118,49.85913],[38.91126,49.85917],[38.91134,49.85921],[38.91141,49.85925],[38.91145,49.85928],[38.91146,49.85934],[38.91155,49.85942],[38.91165,49.85949],[38.91168,49.8595],[38.91177,49.85949],[38.91187,49.85946],[38.91199,49.8595],[38.91219,49.85958],[38.9123,49.8596],[38.91248,49.85966],[38.91263,49.8597],[38.91275,49.85976],[38.91293,49.85986],[38.91319,49.85994],[38.91342,49.85995],[38.9136,49.85993],[38.91372,49.85994],[38.91384,49.8599],[38.91393,49.85984],[38.91402,49.85978],[38.91416,49.85975],[38.9143,49.85974],[38.91451,49.85975],[38.91477,49.85977],[38.91499,49.8598],[38.91518,49.85981],[38.91546,49.85982],[38.91583,49.8598],[38.91591,49.8598],[38.91602,49.85981],[38.91615,49.85985],[38.9162,49.85988],[38.91634,49.8599],[38.91645,49.85991],[38.91656,49.8599],[38.9167,49.85986],[38.91685,49.8598],[38.91692,49.85977],[38.91699,49.85971],[38.91711,49.85966],[38.91721,49.8596],[38.91737,49.85953],[38.91747,49.85948],[38.91753,49.85941],[38.91764,49.85927],[38.91777,49.85921],[38.91778,49.85917],[38.91802,49.85904],[38.91814,49.85893],[38.91825,49.85882],[38.91834,49.85877],[38.91842,49.85869],[38.91845,49.85861],[38.91842,49.85851],[38.91837,49.85846],[38.91831,49.85841],[38.91831,49.85834],[38.91835,49.85822],[38.91835,49.85812],[38.91833,49.85802],[38.91823,49.85791],[38.91814,49.85781],[38.91797,49.85771],[38.91784,49.85763],[38.91773,49.85747],[38.9176,49.85733],[38.91742,49.85711],[38.91725,49.85693],[38.91713,49.85684],[38.91712,49.85677],[38.91701,49.85672],[38.91685,49.85667],[38.91666,49.8565],[38.91638,49.85633],[38.91631,49.85626],[38.91619,49.85616],[38.91607,49.85607],[38.91604,49.85602],[38.91595,49.85593],[38.91585,49.85591],[38.91578,49.85591],[38.91565,49.85595],[38.91553,49.85596],[38.91543,49.85595],[38.91524,49.85591],[38.91507,49.85594],[38.91497,49.85597],[38.91499,49.856],[38.915,49.85606],[38.91496,49.85609],[38.9149,49.85613],[38.91479,49.85623],[38.91468,49.85626],[38.9145,49.85628],[38.91431,49.85625],[38.91411,49.85623],[38.91398,49.85622],[38.91385,49.85627],[38.9138,49.8563],[38.91368,49.85633],[38.91357,49.85636],[38.91344,49.85637],[38.9133,49.85635],[38.91317,49.85633],[38.91295,49.85634],[38.91284,49.85636],[38.91267,49.8564],[38.91238,49.85642],[38.91222,49.85642],[38.91215,49.8564],[38.91196,49.85633],[38.91181,49.85628],[38.91167,49.85619],[38.91159,49.85612],[38.91145,49.85596],[38.91136,49.85579],[38.91128,49.85568],[38.91114,49.85554],[38.91102,49.85542],[38.91095,49.85537],[38.91091,49.8553],[38.91089,49.8552],[38.91085,49.85507],[38.91085,49.85494],[38.91086,49.85485],[38.91089,49.85477],[38.91089,49.85466],[38.9109,49.85457],[38.911,49.85442],[38.91116,49.85425],[38.91133,49.85411],[38.91142,49.85404],[38.91148,49.85394],[38.91152,49.85379],[38.91152,49.85356],[38.9115,49.85338],[38.9115,49.8533],[38.9115,49.85314],[38.91145,49.85302],[38.91139,49.85295],[38.91132,49.85285],[38.91124,49.85277],[38.91114,49.85265],[38.91103,49.85257],[38.91092,49.85247],[38.91081,49.85242],[38.91074,49.85236],[38.91068,49.8523],[38.91062,49.85226],[38.91058,49.85219],[38.91052,49.85209],[38.91047,49.85203],[38.91036,49.85187],[38.91032,49.85183],[38.91022,49.85175],[38.9101,49.85167],[38.91,49.85162],[38.90988,49.85155],[38.90969,49.8514],[38.90941,49.85119],[38.90929,49.85108],[38.90924,49.851],[38.90916,49.85092],[38.90903,49.85085],[38.90891,49.85077],[38.90881,49.85072],[38.90866,49.85068],[38.90847,49.85065],[38.90833,49.85066],[38.90815,49.85065],[38.90798,49.85064],[38.90777,49.85064],[38.90727,49.85065],[38.90701,49.85062],[38.90659,49.85054],[38.90618,49.85042],[38.90583,49.85027],[38.90559,49.85013],[38.90532,49.84993],[38.90494,49.84959],[38.90471,49.84938],[38.90458,49.84918],[38.90449,49.84894],[38.90444,49.84864],[38.9045,49.84836],[38.90461,49.84817],[38.90486,49.84755],[38.90494,49.84744],[38.90502,49.84719],[38.90507,49.84689],[38.90509,49.84664],[38.90512,49.8464],[38.90515,49.84621],[38.90521,49.84609],[38.90533,49.84601],[38.90551,49.84587],[38.90568,49.84568],[38.90585,49.84557],[38.90605,49.84544],[38.90651,49.84515],[38.90697,49.84489],[38.90715,49.84482],[38.90742,49.84475],[38.90779,49.84469],[38.90814,49.84466],[38.90847,49.84464],[38.90888,49.84464],[38.90976,49.84458],[38.91052,49.84449],[38.91086,49.84445],[38.91112,49.8444],[38.91137,49.84432],[38.9116,49.84425],[38.91184,49.84414],[38.91208,49.844],[38.91217,49.84393],[38.9122,49.84382],[38.91221,49.8437],[38.91217,49.84362],[38.91209,49.84352],[38.91204,49.84339],[38.91201,49.84321],[38.91204,49.84305],[38.91198,49.84289],[38.91194,49.84279],[38.91196,49.84273],[38.91199,49.84265],[38.91199,49.84258],[38.91204,49.84248],[38.91217,49.84229],[38.91222,49.84215],[38.91228,49.84207],[38.9123,49.84188],[38.91228,49.84174],[38.91231,49.84167],[38.91237,49.8416],[38.91242,49.84154],[38.91246,49.84144],[38.91259,49.84089],[38.91292,49.84006],[38.91304,49.83971],[38.91307,49.83954],[38.9131,49.83936],[38.91311,49.83922],[38.91314,49.83911],[38.9132,49.83903],[38.91322,49.83893],[38.91319,49.83884],[38.91317,49.83873],[38.91318,49.83867],[38.91321,49.83861],[38.91321,49.83854],[38.91316,49.83843],[38.91312,49.83833],[38.91311,49.83816],[38.91312,49.83804],[38.91317,49.83787],[38.91324,49.83767],[38.91333,49.83741],[38.91344,49.8372],[38.91355,49.8371],[38.91358,49.83702],[38.9136,49.83692],[38.9136,49.83679],[38.91361,49.83669],[38.91363,49.83648],[38.91363,49.83642],[38.91362,49.83632],[38.91363,49.83624],[38.91355,49.83612],[38.9135,49.83597],[38.91345,49.83586],[38.91338,49.83576],[38.91326,49.83561],[38.9132,49.8355],[38.91318,49.83539],[38.91308,49.83532],[38.91297,49.83526],[38.91283,49.83522],[38.91259,49.8352],[38.91234,49.83519],[38.91174,49.83509],[38.91149,49.83504],[38.91127,49.83498],[38.91114,49.83492],[38.91107,49.83485],[38.91099,49.83475],[38.91091,49.83466],[38.91084,49.83456],[38.91093,49.834],[38.91114,49.83351],[38.91133,49.83326],[38.91158,49.83303],[38.91194,49.83283],[38.91235,49.83271],[38.91314,49.83256],[38.91352,49.83242],[38.91375,49.83231],[38.91387,49.83218],[38.91401,49.83194],[38.91404,49.83175],[38.91409,49.83157],[38.91413,49.83129],[38.91415,49.83112],[38.91415,49.83094],[38.91403,49.83073],[38.91389,49.83051],[38.9138,49.83036],[38.91372,49.83021],[38.91363,49.83004],[38.91356,49.82992],[38.91349,49.82974],[38.91338,49.82953],[38.9133,49.82935],[38.91312,49.82918],[38.9129,49.82901],[38.91273,49.82887],[38.91254,49.82876],[38.91229,49.82865],[38.91211,49.82858],[38.91199,49.82851],[38.91185,49.82842],[38.91178,49.82839],[38.91161,49.82836],[38.91141,49.82836],[38.91109,49.8284],[38.91077,49.82846],[38.91048,49.82845],[38.91028,49.82843],[38.91008,49.82843],[38.90993,49.82847],[38.90982,49.82853],[38.90968,49.82866],[38.90946,49.82867],[38.90929,49.82871],[38.90913,49.82876],[38.90898,49.82884],[38.90882,49.82885],[38.90862,49.82881],[38.90843,49.82875],[38.90815,49.82875],[38.90795,49.82875],[38.90762,49.82874],[38.90736,49.8287],[38.90718,49.82863],[38.90704,49.82856],[38.907,49.82848],[38.90698,49.82838],[38.90701,49.82829],[38.90706,49.82819],[38.90711,49.82808],[38.9071,49.82797],[38.90705,49.82767],[38.90698,49.82747],[38.90689,49.82738],[38.90684,49.82721],[38.9068,49.82708],[38.90674,49.82688],[38.9067,49.8268],[38.90673,49.82675],[38.90682,49.82669],[38.90695,49.8265],[38.90702,49.82633],[38.90709,49.82606],[38.90717,49.82585],[38.90716,49.82574],[38.90716,49.82568],[38.9073,49.82556],[38.90738,49.82552],[38.90741,49.82547],[38.90744,49.82536],[38.90747,49.82523],[38.90755,49.82514],[38.90763,49.82502],[38.90774,49.82491],[38.90783,49.82481],[38.90789,49.82472],[38.90793,49.82464],[38.90799,49.82458],[38.9081,49.82448],[38.90828,49.82417],[38.9084,49.82398],[38.90847,49.82372],[38.90863,49.82342],[38.90873,49.82312],[38.90878,49.8229],[38.90879,49.82267],[38.90875,49.82238],[38.90872,49.82217],[38.90877,49.82196],[38.9089,49.82172],[38.90895,49.82151],[38.90896,49.82129],[38.90903,49.82099],[38.90912,49.82082],[38.90922,49.82052],[38.90927,49.82019],[38.90925,49.82002],[38.90923,49.81991],[38.90929,49.81969],[38.90934,49.8193],[38.90938,49.81914],[38.90946,49.81901],[38.90967,49.81884],[38.90974,49.81877],[38.90988,49.81874],[38.91008,49.8187],[38.91017,49.81863],[38.91019,49.81857],[38.9102,49.8185],[38.91031,49.81848],[38.91042,49.81845],[38.91051,49.81845],[38.91066,49.81849],[38.91085,49.81848],[38.91117,49.81846],[38.9116,49.81841],[38.91216,49.81834],[38.91251,49.81809],[38.91247,49.81801],[38.91262,49.81795],[38.91286,49.81787],[38.91312,49.8178],[38.91331,49.81774],[38.91347,49.81774],[38.9135,49.81772],[38.91356,49.81766],[38.91371,49.81758],[38.91374,49.81749],[38.91385,49.8174],[38.91385,49.81732],[38.91396,49.8172],[38.91405,49.8171],[38.91422,49.81705],[38.91441,49.81703],[38.9146,49.81696],[38.91479,49.81688],[38.91495,49.81681],[38.91501,49.81673],[38.91506,49.81663],[38.91518,49.81652],[38.9152,49.81645],[38.91531,49.81636],[38.91538,49.81628],[38.91545,49.81619],[38.9156,49.81611],[38.91561,49.81601],[38.91568,49.81593],[38.91581,49.81584],[38.91592,49.81575],[38.91599,49.81569],[38.91609,49.81564],[38.91613,49.81555],[38.91621,49.81553],[38.91632,49.81548],[38.9164,49.81541],[38.91651,49.81537],[38.91662,49.81535],[38.91677,49.81533],[38.91694,49.81534],[38.91707,49.81534],[38.91721,49.81531],[38.91738,49.81522],[38.91758,49.8152],[38.91772,49.81516],[38.91785,49.81508],[38.91798,49.81498],[38.91817,49.81484],[38.91832,49.81471],[38.91847,49.81443],[38.91849,49.81432],[38.9185,49.81423],[38.91848,49.81414],[38.91835,49.81404],[38.91813,49.81396],[38.91795,49.81384],[38.91769,49.8137],[38.91743,49.81361],[38.91728,49.81351],[38.91693,49.81337],[38.9167,49.81329],[38.9165,49.81324],[38.91637,49.81318],[38.91629,49.81311],[38.91617,49.81303],[38.91603,49.81294],[38.91596,49.81289],[38.91592,49.81283],[38.91591,49.81269],[38.91593,49.81256],[38.91599,49.81247],[38.91613,49.81233],[38.91614,49.81226],[38.91623,49.81214],[38.91642,49.81195],[38.91653,49.8118],[38.91659,49.81171],[38.91669,49.8116],[38.91674,49.81151],[38.91688,49.81137],[38.91702,49.81118],[38.91713,49.81109],[38.91725,49.81106],[38.91735,49.81101],[38.9174,49.81094],[38.91743,49.81084],[38.91754,49.81071],[38.91769,49.81063],[38.91787,49.81054],[38.91803,49.81046],[38.91828,49.8103],[38.91853,49.81008],[38.91882,49.80991],[38.91904,49.80975],[38.91918,49.80964],[38.91925,49.80946],[38.91933,49.80918],[38.9193,49.80896],[38.91931,49.80883],[38.91935,49.80856],[38.91943,49.80829],[38.91953,49.80803],[38.91963,49.80782],[38.91981,49.80763],[38.91993,49.80745],[38.92005,49.80726],[38.92018,49.80704],[38.92027,49.80679],[38.92033,49.80655],[38.92036,49.80639],[38.92038,49.80616],[38.9204,49.80602],[38.92038,49.8058],[38.92039,49.80554],[38.92041,49.80538],[38.92048,49.80525],[38.92052,49.80509],[38.92061,49.80496],[38.92075,49.80482],[38.92093,49.80471],[38.92115,49.8046],[38.92139,49.80451],[38.92163,49.80441],[38.92189,49.80428],[38.92222,49.8042],[38.92238,49.80417],[38.92252,49.80414],[38.92284,49.80411],[38.92309,49.80409],[38.92321,49.80408],[38.9233,49.80403],[38.92346,49.80401],[38.92368,49.80401],[38.92388,49.80399],[38.92404,49.80399],[38.92413,49.80401],[38.92416,49.80406],[38.92418,49.80412],[38.92427,49.80417],[38.9244,49.80419],[38.92452,49.80422],[38.92457,49.80427],[38.92464,49.80433],[38.92467,49.80436],[38.92477,49.80439],[38.92493,49.80439],[38.92509,49.80443],[38.92529,49.80449],[38.92547,49.80452],[38.92574,49.80454],[38.92588,49.80453],[38.92597,49.80456],[38.92606,49.80458],[38.92624,49.80455],[38.9265,49.80449],[38.92666,49.80451],[38.92678,49.80451],[38.92689,49.8045],[38.92701,49.80444],[38.92734,49.80437],[38.92752,49.80432],[38.92765,49.80427],[38.92774,49.80415],[38.92788,49.80407],[38.928,49.80401],[38.92812,49.80391],[38.92816,49.80385],[38.92818,49.80377],[38.92817,49.80362],[38.92814,49.80355],[38.92816,49.80348],[38.92827,49.80342],[38.92833,49.80337],[38.92837,49.8033],[38.92839,49.80321],[38.92834,49.80311],[38.92826,49.80303],[38.92817,49.803],[38.92806,49.80298],[38.928,49.80294],[38.92798,49.80288],[38.92799,49.80283],[38.92798,49.80273],[38.92798,49.80265],[38.92792,49.80259],[38.92791,49.80248],[38.92787,49.80244],[38.92781,49.80237],[38.92773,49.80232],[38.92762,49.80226],[38.92748,49.80217],[38.92738,49.80208],[38.92735,49.80204],[38.92735,49.80197],[38.92735,49.80185],[38.92734,49.80173],[38.92727,49.80164],[38.92726,49.8016],[38.92715,49.80154],[38.92703,49.80147],[38.92691,49.80138],[38.92682,49.80123],[38.92681,49.8012],[38.92676,49.80114],[38.92673,49.80105],[38.92674,49.80089],[38.92679,49.80078],[38.92692,49.80048],[38.92699,49.80039],[38.92711,49.80026],[38.92723,49.8001],[38.92725,49.80002],[38.92722,49.7999],[38.9273,49.79981],[38.92744,49.79966],[38.92752,49.79957],[38.9276,49.79949],[38.92772,49.7994],[38.92781,49.79932],[38.92778,49.79923],[38.9277,49.79917],[38.9277,49.79909],[38.92782,49.79903],[38.928,49.79898],[38.9281,49.79891],[38.92809,49.79883],[38.92818,49.79878],[38.92835,49.79874],[38.92844,49.79866],[38.92866,49.79853],[38.92896,49.79842],[38.9293,49.79834],[38.92948,49.79828],[38.92957,49.79823],[38.92959,49.79818],[38.92962,49.79811],[38.92963,49.79802],[38.92965,49.79789],[38.92968,49.7978],[38.92966,49.79772],[38.92965,49.79758],[38.92967,49.7974],[38.92971,49.79731],[38.92978,49.79725],[38.92992,49.79709],[38.93003,49.79701],[38.93024,49.79691],[38.93037,49.79688],[38.93055,49.79685],[38.93072,49.79682],[38.93091,49.79683],[38.9311,49.79686],[38.93129,49.79689],[38.9315,49.79686],[38.93163,49.79685],[38.93188,49.79688],[38.93203,49.79692],[38.93222,49.79696],[38.93238,49.797],[38.9325,49.79705],[38.93256,49.79709],[38.93262,49.79714],[38.93269,49.79719],[38.93281,49.79721],[38.93294,49.79722],[38.93308,49.79726],[38.93329,49.79737],[38.93342,49.79744],[38.93349,49.7975],[38.93355,49.79756],[38.93361,49.79764],[38.93369,49.79772],[38.93375,49.79779],[38.93377,49.79787],[38.93381,49.79802],[38.93378,49.79811],[38.93372,49.79823],[38.93364,49.79833],[38.93353,49.79848],[38.93347,49.79856],[38.93346,49.7987],[38.93344,49.79888],[38.9335,49.79898],[38.93353,49.79906],[38.93353,49.79922],[38.93354,49.79933],[38.93362,49.79945],[38.93369,49.79954],[38.93374,49.79957],[38.93403,49.79964],[38.93447,49.79972],[38.93469,49.79978],[38.93496,49.79979],[38.93519,49.79981],[38.93538,49.79982],[38.93559,49.79982],[38.93579,49.79987],[38.93602,49.79992],[38.93616,49.79996],[38.93633,49.80003],[38.93656,49.8001],[38.93671,49.80014],[38.93694,49.80023],[38.93715,49.80033],[38.93726,49.80037],[38.93745,49.8004],[38.93757,49.80045],[38.93766,49.80052],[38.93781,49.80056],[38.93807,49.80061],[38.93822,49.80064],[38.9383,49.80067],[38.93833,49.80069],[38.93847,49.80076],[38.93856,49.80077],[38.9387,49.80077],[38.93892,49.80079],[38.93915,49.80081],[38.93965,49.80076],[38.94005,49.8007],[38.94055,49.8006],[38.94107,49.80052],[38.94151,49.80038],[38.94165,49.80031],[38.94205,49.80013],[38.94231,49.8],[38.94259,49.79988],[38.94279,49.79985],[38.94366,49.79956],[38.94384,49.79948],[38.94397,49.79939],[38.94422,49.79923],[38.94477,49.79895],[38.94506,49.79882],[38.94538,49.79865],[38.94567,49.79853],[38.94572,49.79845],[38.94581,49.79837],[38.94606,49.79827],[38.9464,49.79808],[38.94667,49.79793],[38.94691,49.79774],[38.94705,49.79767],[38.94719,49.79761],[38.94733,49.79748],[38.94745,49.79736],[38.94761,49.7972],[38.94773,49.79712],[38.94789,49.79698],[38.94804,49.79688],[38.95268,49.79769],[38.95715,49.80019],[38.96573,49.80499],[38.98599,49.80836],[38.99083,49.81012],[38.99182,49.81049],[38.99281,49.81083],[38.99316,49.8109],[38.99346,49.81099],[38.99415,49.81118],[38.99487,49.81146],[38.99561,49.81176],[38.99664,49.81216],[38.9973,49.8124],[38.99803,49.81266],[38.99925,49.81313],[38.99983,49.81335],[39.00017,49.81344],[39.0005,49.81355],[39.00126,49.81383],[39.00223,49.81417],[39.00314,49.81451],[39.00401,49.81484],[39.00548,49.81541],[39.00657,49.81581],[39.00711,49.81601],[39.00778,49.81628],[39.0083,49.8165],[39.00921,49.81684],[39.0095,49.81702],[39.01068,49.81746],[39.01134,49.81772],[39.01178,49.81787],[39.01206,49.81807],[39.01221,49.81828],[39.01287,49.81853],[39.01329,49.81862],[39.01361,49.81868],[39.01369,49.81863],[39.01505,49.81917],[39.01547,49.81937],[39.01652,49.81982],[39.01694,49.82009],[39.02656,49.82197],[39.02703,49.82205],[39.02854,49.82225],[39.02953,49.82236],[39.02989,49.8224],[39.03005,49.82242],[39.03019,49.82247],[39.03024,49.82249],[39.03043,49.82253],[39.0305,49.82255],[39.03055,49.82255],[39.03061,49.82253],[39.03069,49.82249],[39.03079,49.82247],[39.03093,49.82247],[39.03107,49.82247],[39.03122,49.82248],[39.03139,49.82252],[39.03174,49.82258],[39.03192,49.82259],[39.03205,49.82259],[39.03218,49.82259],[39.03232,49.82258],[39.03298,49.82247],[39.03373,49.82234],[39.0342,49.82228],[39.03436,49.82227],[39.03444,49.82226],[39.03458,49.82223],[39.03546,49.82197],[39.03683,49.8216],[39.03794,49.82128],[39.04206,49.8201],[39.04258,49.81997],[39.0438,49.81966],[39.04521,49.81929],[39.04639,49.81895],[39.04753,49.81863],[39.04773,49.81857],[39.04784,49.81857],[39.04796,49.81858],[39.04803,49.81859],[39.04814,49.81858],[39.0484,49.81849],[39.04857,49.81843],[39.04879,49.81836],[39.04909,49.81826],[39.04929,49.81821],[39.04976,49.8181],[39.05001,49.81803],[39.05009,49.81798],[39.05014,49.81794],[39.05019,49.81792],[39.05059,49.81785],[39.05096,49.81777],[39.05121,49.81771],[39.05175,49.81762],[39.05298,49.81746],[39.05391,49.81734],[39.05435,49.81729],[39.05449,49.8173],[39.05463,49.81729],[39.05495,49.81723],[39.05539,49.81715],[39.05615,49.817],[39.05722,49.81684],[39.05754,49.81679],[39.05764,49.81682],[39.05774,49.81682],[39.05793,49.81681],[39.05796,49.8168],[39.05903,49.81665],[39.06074,49.81642],[39.06169,49.8163],[39.06304,49.81611],[39.06461,49.8159],[39.06608,49.81568],[39.06689,49.81557],[39.06708,49.81566],[39.07037,49.81903],[39.0773,49.82239],[39.07959,49.82345],[39.08067,49.82392],[39.08294,49.82495],[39.08374,49.82531],[39.08445,49.82564],[39.08534,49.82607],[39.08572,49.82628],[39.08654,49.82663],[39.08729,49.82699],[39.08756,49.82712],[39.08764,49.82717],[39.09254,49.82947],[39.0928,49.8295],[39.09338,49.82969],[39.09397,49.82993],[39.09471,49.83029],[39.09495,49.83043],[39.09535,49.83064],[39.09553,49.83066],[39.09629,49.83101],[39.0969,49.83132],[39.09718,49.83143],[39.09736,49.83147],[39.09816,49.83191],[39.09866,49.83215],[39.09905,49.83233],[39.09949,49.83252],[39.09999,49.83274],[39.10056,49.83303],[39.10114,49.83328],[39.10214,49.83372],[39.10279,49.83404],[39.10367,49.83446],[39.10648,49.83576],[39.10756,49.83626],[39.10791,49.83638],[39.10867,49.83678],[39.10932,49.83712],[39.10985,49.83742],[39.11055,49.83791],[39.11471,49.84153],[39.11607,49.84269],[39.1164,49.84292],[39.11663,49.84311],[39.11717,49.84384],[39.11757,49.84441],[39.11789,49.84491],[39.11826,49.84538],[39.11856,49.84574],[39.11919,49.8465],[39.11985,49.8473],[39.12027,49.84794],[39.12086,49.84876],[39.12117,49.84917],[39.12172,49.84987],[39.12244,49.85077],[39.12307,49.85159],[39.12368,49.85236],[39.12423,49.8531],[39.12478,49.85373],[39.12528,49.85437],[39.12578,49.85498],[39.12611,49.8554],[39.12641,49.85581],[39.12673,49.85621],[39.12691,49.85653],[39.12743,49.85719],[39.12796,49.85779],[39.12829,49.8583],[39.12921,49.85948],[39.13007,49.86062],[39.13071,49.86136],[39.13092,49.8615],[39.13259,49.86235],[39.13367,49.86296],[39.13518,49.86385],[39.13595,49.86432],[39.17992,49.88872],[39.18849,49.88514],[39.19568,49.87295],[39.20226,49.87022],[39.20908,49.85947],[39.22622,49.84004],[39.22819,49.81649],[39.2304,49.81298],[39.23044,49.81114],[39.22989,49.80918],[39.22917,49.80859],[39.22759,49.80731],[39.23854,49.79852],[39.24127,49.7924],[39.24374,49.78712],[39.24874,49.78151],[39.25136,49.77639],[39.26021,49.77054],[39.26599,49.76774],[39.27429,49.76829],[39.27705,49.76508],[39.28559,49.75518],[39.30889,49.75287],[39.31185,49.7521],[39.31375,49.75167],[39.31493,49.7514],[39.3162,49.75105],[39.31642,49.75099],[39.31662,49.75097],[39.31692,49.75098],[39.31714,49.75095],[39.3175,49.75091],[39.31949,49.75042],[39.31983,49.75028],[39.3204,49.75013],[39.32084,49.75008],[39.32136,49.74999],[39.32477,49.74919],[39.32566,49.74902],[39.32623,49.74892],[39.32668,49.74885],[39.3272,49.74878],[39.32846,49.74853],[39.33091,49.74796],[39.33317,49.74745],[39.33544,49.74691],[39.33691,49.74653],[39.34048,49.74566],[39.34157,49.74542],[39.34203,49.74534],[39.34387,49.74484],[39.34562,49.74444],[39.34593,49.74436],[39.34641,49.74422],[39.34711,49.74407],[39.34782,49.7439],[39.3496,49.74355],[39.35042,49.74336],[39.35099,49.74323],[39.35295,49.74275],[39.35464,49.74234],[39.35663,49.74188],[39.35808,49.74154],[39.36084,49.74097],[39.36201,49.74072],[39.3634,49.74044],[39.36422,49.74032],[39.3654,49.74021],[39.36649,49.74009],[39.36671,49.74009],[39.36702,49.74014],[39.36752,49.74018],[39.36812,49.74018],[39.36913,49.74016],[39.37034,49.7401],[39.37115,49.74008],[39.37164,49.74004],[39.37274,49.73985],[39.37446,49.73953],[39.37604,49.73926],[39.3767,49.73916],[39.3774,49.73905],[39.37771,49.73896],[39.37792,49.73888],[39.37816,49.73881],[39.37833,49.7388],[39.37848,49.73883],[39.37876,49.73895],[39.3789,49.73898],[39.37897,49.73899],[39.37902,49.73898],[39.37917,49.73899],[39.38075,49.73962],[39.38212,49.74022],[39.38276,49.74056],[39.38334,49.74083],[39.3841,49.74114],[39.38456,49.74133],[39.38517,49.74163],[39.3863,49.74213],[39.38767,49.74274],[39.38933,49.74348],[39.39026,49.74391],[39.39213,49.74479],[39.3933,49.74531],[39.3949,49.74603],[39.39674,49.74687],[39.39878,49.74777],[39.40046,49.74851],[39.40246,49.74935],[39.40266,49.74945],[39.40274,49.74954],[39.4028,49.74964],[39.40285,49.74969],[39.40295,49.74977],[39.40316,49.74991],[39.40341,49.75003],[39.40467,49.75054],[39.40577,49.75102],[39.40669,49.75143],[39.40757,49.75182],[39.4078,49.75197],[39.40807,49.75217],[39.40865,49.75244],[39.40898,49.75258],[39.41034,49.75306],[39.41075,49.75317],[39.41092,49.75324],[39.41107,49.75328],[39.41122,49.75338],[39.41138,49.75349],[39.41147,49.75356],[39.41177,49.75368],[39.41234,49.75387],[39.41298,49.75407],[39.41386,49.75434],[39.41438,49.7545],[39.41525,49.75474],[39.41584,49.7549],[39.41708,49.75525],[39.41813,49.75549],[39.41949,49.75581],[39.42042,49.75604],[39.42114,49.75621],[39.42205,49.75642],[39.42268,49.75658],[39.42322,49.75671],[39.42379,49.75686],[39.42413,49.75692],[39.42443,49.75702],[39.42453,49.75707],[39.42458,49.7571],[39.42475,49.75712],[39.4249,49.75714],[39.425,49.75712],[39.42508,49.75708],[39.42513,49.75703],[39.42521,49.75692],[39.42529,49.75687],[39.42541,49.75686],[39.42551,49.75685],[39.42562,49.75689],[39.42569,49.75693],[39.42581,49.75706],[39.4259,49.75717],[39.426,49.75732],[39.42604,49.75739],[39.42609,49.75744],[39.42617,49.75748],[39.42631,49.75748],[39.42646,49.75748],[39.42667,49.75747],[39.42679,49.75749],[39.42713,49.75763],[39.42732,49.75768],[39.42747,49.75772],[39.42758,49.75779],[39.42768,49.75787],[39.42782,49.75798],[39.42801,49.75808],[39.42838,49.75823],[39.42867,49.75834],[39.42888,49.75842],[39.42917,49.7585],[39.42958,49.7586],[39.42983,49.75866],[39.43015,49.75874],[39.43085,49.75895],[39.43144,49.75912],[39.43185,49.75925],[39.43309,49.7596],[39.43404,49.75981],[39.43478,49.75987],[39.43551,49.75996],[39.43627,49.76005],[39.43675,49.76011],[39.43742,49.76016],[39.43773,49.76019],[39.43843,49.7602],[39.4389,49.76015],[39.4392,49.76013],[39.43954,49.76014],[39.44011,49.76019],[39.44072,49.76022],[39.44149,49.76028],[39.44176,49.7603],[39.44233,49.76033],[39.4426,49.76035],[39.4427,49.76036],[39.44277,49.76037],[39.44282,49.76037],[39.44289,49.76036],[39.44299,49.76031],[39.44312,49.76022],[39.44328,49.76014],[39.44346,49.7601],[39.44432,49.75999],[39.44968,49.75968],[39.46681,49.75738],[39.46752,49.75731],[39.46816,49.75727],[39.46933,49.75722],[39.47033,49.75717],[39.47127,49.75711],[39.47194,49.75706],[39.47221,49.75702],[39.47306,49.75696],[39.47483,49.75684],[39.47652,49.75669],[39.47776,49.75658],[39.47868,49.75649],[39.47927,49.75642],[39.47981,49.75631],[39.48048,49.75614],[39.48123,49.75592],[39.48233,49.75559],[39.483,49.7554],[39.48355,49.75526],[39.48439,49.75508],[39.48473,49.75503],[39.4851,49.75493],[39.4857,49.75478],[39.4867,49.75452],[39.48793,49.75419],[39.48907,49.75387],[39.49009,49.75358],[39.49149,49.75319],[39.49249,49.75288],[39.49278,49.75278],[39.49437,49.75233],[39.49637,49.75178],[39.49826,49.75116],[39.49916,49.75088],[39.4995,49.75078],[39.49987,49.75071],[39.5003,49.75055],[39.50059,49.75046],[39.50147,49.75023],[39.50451,49.74939],[39.50605,49.74896],[39.5077,49.74844],[39.5084,49.74822],[39.50971,49.74777],[39.51015,49.74765],[39.51095,49.74748],[39.51257,49.74706],[39.51359,49.74681],[39.51463,49.74652],[39.51686,49.74587],[39.51899,49.74523],[39.52049,49.74476],[39.521,49.7446],[39.52159,49.74444],[39.52322,49.744],[39.52353,49.74394],[39.52386,49.74382],[39.52711,49.74285],[39.52948,49.74212],[39.53104,49.74165],[39.53177,49.74143],[39.53289,49.74118],[39.53348,49.74106],[39.53413,49.74094],[39.5362,49.74058],[39.53837,49.74019],[39.53973,49.73999],[39.54099,49.73984],[39.54139,49.73986],[39.5423,49.73975],[39.54485,49.73943],[39.5452,49.73937],[39.54773,49.739],[39.55057,49.73858],[39.5517,49.73843],[39.55223,49.73836],[39.55263,49.73832],[39.55438,49.73809],[39.55858,49.73746],[39.55994,49.73727],[39.56067,49.73719],[39.56182,49.73705],[39.56292,49.73693],[39.56358,49.73686],[39.56407,49.73682],[39.5649,49.73677],[39.56529,49.73674],[39.56563,49.73674],[39.56585,49.73676],[39.56623,49.73688],[39.56658,49.73689],[39.56689,49.73689],[39.56709,49.73686],[39.56735,49.73679],[39.56847,49.7367],[39.56939,49.73661],[39.5709,49.7365],[39.57235,49.73637],[39.57283,49.7363],[39.5734,49.73623],[39.61068,49.73364],[39.61059,49.7336],[39.61032,49.7335],[39.61004,49.73338],[39.60968,49.73318],[39.60928,49.73294],[39.60897,49.73271],[39.60846,49.73236],[39.60787,49.73189],[39.60693,49.73117],[39.60624,49.73061],[39.60592,49.73037],[39.60571,49.73022],[39.60552,49.73004],[39.60544,49.72992],[39.60515,49.72957],[39.60496,49.72935],[39.60477,49.72914],[39.60446,49.72888],[39.60408,49.72862],[39.60338,49.72809],[39.60242,49.72741],[39.60186,49.72705],[39.60135,49.72664],[39.60109,49.72635],[39.60053,49.7259],[39.60013,49.72559],[39.5995,49.72511],[39.5989,49.72466],[39.59808,49.72408],[39.59734,49.72355],[39.59698,49.72331],[39.59687,49.72324],[39.59679,49.72313],[39.5967,49.72305],[39.59594,49.72249],[39.59526,49.72194],[39.59466,49.72148],[39.59391,49.72088],[39.59334,49.72047],[39.59217,49.7197],[39.59163,49.71929],[39.59151,49.71916],[39.59146,49.71909],[39.59146,49.71898],[39.59152,49.71884],[39.59166,49.71861],[39.5919,49.71824],[39.59244,49.7176],[39.59321,49.71672],[39.59386,49.71584],[39.59509,49.71429],[39.59561,49.71369],[39.59607,49.71306],[39.59634,49.71276],[39.59658,49.71253],[39.59672,49.71239],[39.59682,49.71225],[39.5972,49.71177],[39.59765,49.71119],[39.59814,49.71062],[39.59841,49.71027],[39.59857,49.71],[39.59863,49.70987],[39.59873,49.70977],[39.5988,49.70971],[39.59889,49.70963],[39.59921,49.70927],[39.59968,49.70869],[39.60015,49.70806],[39.60109,49.70684],[39.60197,49.7057],[39.60301,49.70431],[39.6044,49.70261],[39.60467,49.70226],[39.60505,49.7018],[39.6054,49.70139],[39.60628,49.70033],[39.60661,49.69997],[39.60681,49.69977],[39.60739,49.6991],[39.60802,49.69835],[39.60874,49.69742],[39.60947,49.69649],[39.60973,49.69618],[39.61052,49.69516],[39.61118,49.69434],[39.61125,49.69427],[39.61135,49.69421],[39.61141,49.69417],[39.61149,49.69408],[39.61155,49.69395],[39.61163,49.6938],[39.61246,49.69266],[39.613,49.69192],[39.61325,49.69154],[39.61341,49.69127],[39.61355,49.69094],[39.61366,49.69061],[39.61378,49.69025],[39.61379,49.69018],[39.61385,49.69011],[39.61388,49.68986],[39.61399,49.68965],[39.61411,49.68954],[39.61418,49.68947],[39.61424,49.68937],[39.61451,49.68885],[39.61465,49.68854],[39.61479,49.68817],[39.61514,49.68749],[39.61526,49.68722],[39.61531,49.68709],[39.61533,49.68697],[39.61541,49.68682],[39.61546,49.68675],[39.6155,49.6867],[39.6156,49.68655],[39.61574,49.68637],[39.61589,49.68611],[39.616,49.68584],[39.6162,49.68545],[39.61632,49.68517],[39.61665,49.68445],[39.6169,49.68394],[39.61722,49.68339],[39.61752,49.68279],[39.61775,49.68229],[39.61798,49.68169],[39.61815,49.68132],[39.61826,49.68107],[39.6183,49.68092],[39.61838,49.68055],[39.61861,49.68007],[39.61898,49.67934],[39.61913,49.67912],[39.61931,49.67879],[39.61961,49.67837],[39.61969,49.67823],[39.61987,49.67786],[39.62009,49.67741],[39.62028,49.677],[39.62058,49.67637],[39.62083,49.67583],[39.62112,49.67513],[39.62136,49.67456],[39.62163,49.67391],[39.6219,49.67336],[39.6221,49.67291],[39.6224,49.67225],[39.62268,49.67162],[39.62298,49.67086],[39.62338,49.67005],[39.62362,49.66949],[39.62391,49.66894],[39.62406,49.6687],[39.6242,49.66843],[39.62439,49.66796],[39.62466,49.66739],[39.62489,49.66687],[39.62519,49.66615],[39.6255,49.66559],[39.62579,49.66494],[39.62611,49.66422],[39.62633,49.66369],[39.62651,49.66338],[39.62675,49.6629],[39.62727,49.66182],[39.62877,49.65859],[39.62926,49.6575],[39.62939,49.65724],[39.62943,49.65717],[39.62952,49.65705],[39.62963,49.65696],[39.62973,49.65663],[39.6299,49.65628],[39.63008,49.6561],[39.6302,49.6558],[39.63022,49.65547],[39.63034,49.65528],[39.6305,49.65518],[39.63059,49.65505],[39.63065,49.65491],[39.63078,49.65465],[39.63089,49.65457],[39.63105,49.65419],[39.63106,49.65413],[39.631,49.65406],[39.63098,49.65397],[39.63101,49.65379],[39.63119,49.65336],[39.6314,49.65293],[39.63163,49.65244],[39.63176,49.65214],[39.63241,49.65057],[39.63258,49.65029],[39.6327,49.65002],[39.63309,49.64919],[39.63335,49.64874],[39.63351,49.64833],[39.63363,49.64808],[39.6338,49.64774],[39.63392,49.64745],[39.63415,49.64707],[39.63425,49.6469],[39.63433,49.64668],[39.6345,49.64633],[39.63465,49.646],[39.63475,49.64576],[39.63483,49.6456],[39.63488,49.64555],[39.63495,49.6455],[39.63502,49.64547],[39.6351,49.64542],[39.63513,49.6454],[39.63515,49.6453],[39.63514,49.64503],[39.63514,49.645],[39.63519,49.64476],[39.63527,49.64446],[39.63539,49.6442],[39.6356,49.64372],[39.63574,49.64332],[39.63589,49.64284],[39.63598,49.64267],[39.63614,49.64247],[39.63629,49.64209],[39.63659,49.64121],[39.63692,49.64031],[39.63717,49.63984],[39.63733,49.63953],[39.63742,49.6394],[39.63749,49.63936],[39.63761,49.63926],[39.63768,49.63916],[39.63773,49.63908],[39.63776,49.63893],[39.63776,49.63881],[39.6377,49.63863],[39.6377,49.63852],[39.63782,49.63804],[39.63786,49.63783],[39.63802,49.63744],[39.63825,49.63676],[39.6384,49.63631],[39.63868,49.6355],[39.63881,49.6351],[39.63887,49.63485],[39.63896,49.63464],[39.63947,49.63414],[39.63994,49.63372],[39.64085,49.6328],[39.64122,49.63246],[39.64185,49.63187],[39.64224,49.63149],[39.64247,49.63122],[39.64276,49.63098],[39.64362,49.63017],[39.64422,49.62962],[39.64462,49.62935],[39.64494,49.62913],[39.64506,49.62903],[39.64517,49.62891],[39.64563,49.6284],[39.64592,49.62806],[39.64628,49.62772],[39.64671,49.62741],[39.64717,49.6271],[39.64736,49.62693],[39.6475,49.62679],[39.64769,49.62657],[39.64797,49.62629],[39.64826,49.62601],[39.64845,49.62584],[39.64865,49.62563],[39.64884,49.62541],[39.64918,49.62507],[39.64951,49.62477],[39.64993,49.62446],[39.65018,49.62426],[39.65049,49.62398],[39.65065,49.62378],[39.65095,49.62346],[39.65131,49.62316],[39.65161,49.62282],[39.65177,49.62266],[39.6524,49.62209],[39.65296,49.62158],[39.65367,49.6209],[39.65419,49.62036],[39.65423,49.62033],[39.65475,49.61984],[39.65543,49.61921],[39.65597,49.61868],[39.65644,49.61825],[39.65697,49.61776],[39.65746,49.61727],[39.65799,49.61676],[39.65821,49.61655],[39.65871,49.61607],[39.65951,49.61537],[39.65993,49.61507],[39.66002,49.61503],[39.66008,49.61501],[39.66017,49.61499],[39.67541,49.61332],[39.67759,49.6131],[39.68,49.61286],[39.68221,49.61264],[39.68437,49.61242],[39.68611,49.61225],[39.68637,49.61221],[39.68657,49.61212],[39.68695,49.61187],[39.6873,49.61166],[39.68824,49.61097],[39.68977,49.60982],[39.69044,49.60937],[39.69062,49.60927],[39.69078,49.60914],[39.69199,49.60823],[39.69307,49.60742],[39.69371,49.60694],[39.69455,49.60624],[39.69487,49.60602],[39.69527,49.60578],[39.69572,49.60544],[39.69615,49.60517],[39.69646,49.60505],[39.69678,49.60496],[39.69704,49.60493],[39.6974,49.6049],[39.6979,49.60491],[39.69835,49.60495],[39.69875,49.60499],[39.69916,49.6051],[39.69941,49.60512],[39.70152,49.60534],[39.70308,49.60549],[39.70478,49.60563],[39.7053,49.60568],[39.70621,49.60583],[39.70644,49.60587],[39.70658,49.60585],[39.70681,49.60585],[39.70698,49.60584],[39.70714,49.60579],[39.70731,49.60573],[39.70752,49.60569],[39.7078,49.60567],[39.7081,49.60566],[39.70871,49.60572],[39.70902,49.6058],[39.70912,49.60586],[39.70918,49.60591],[39.70939,49.60609],[39.70976,49.60609],[39.71036,49.60615],[39.71262,49.60636],[39.71423,49.60652],[39.7144,49.60652],[39.71472,49.60645],[39.71595,49.60622],[39.71656,49.60608],[39.71718,49.60599],[39.71771,49.60589],[39.71817,49.60577],[39.71896,49.60556],[39.71993,49.60533],[39.72113,49.60504],[39.72226,49.60476],[39.72358,49.60446],[39.72467,49.60418],[39.72558,49.60395],[39.72705,49.6036],[39.72878,49.60318],[39.73013,49.60286],[39.73058,49.60274],[39.73069,49.60266],[39.73075,49.60259],[39.73088,49.60251],[39.731,49.60245],[39.73144,49.60234],[39.73243,49.60206],[39.73293,49.60188],[39.73327,49.60177],[39.73352,49.60169],[39.73417,49.60156],[39.73566,49.6012],[39.73647,49.60102],[39.73691,49.60091],[39.73767,49.60074],[39.73824,49.60059],[39.74029,49.6],[39.74161,49.59964],[39.74196,49.59954],[39.74226,49.59949],[39.74265,49.59944],[39.74315,49.59932],[39.74511,49.59882],[39.74701,49.59834],[39.74809,49.5981],[39.74894,49.59786],[39.74931,49.59773],[39.74954,49.59762],[39.7497,49.59756],[39.75001,49.59751],[39.7502,49.59747],[39.75031,49.59741],[39.75041,49.59735],[39.75271,49.59561],[39.75362,49.59492],[39.75503,49.59383],[39.75556,49.59341],[39.75638,49.59282],[39.75708,49.59231],[39.75866,49.59115],[39.75957,49.59053],[39.76032,49.59003],[39.76085,49.58971],[39.76115,49.58948],[39.76138,49.58927],[39.76202,49.5888],[39.76257,49.58838],[39.76314,49.58794],[39.76383,49.58742],[39.76455,49.58693],[39.76485,49.58678],[39.76536,49.58656],[39.76596,49.58631],[39.76672,49.58596],[39.76688,49.58588],[39.76703,49.58576],[39.76719,49.58565],[39.76734,49.5855],[39.76743,49.58533],[39.76773,49.58491],[39.76796,49.58463],[39.76812,49.58435],[39.76817,49.58424],[39.76822,49.58409],[39.76832,49.58397],[39.76854,49.58375],[39.7691,49.58335],[39.77006,49.58263],[39.77091,49.58197],[39.77177,49.58136],[39.77229,49.58098],[39.77244,49.58081],[39.77251,49.58067],[39.77265,49.58046],[39.77291,49.58021],[39.77311,49.58004],[39.77431,49.5791],[39.77507,49.57852],[39.77576,49.57803],[39.77632,49.57766],[39.7767,49.57737],[39.77761,49.57679],[39.77812,49.57645],[39.77947,49.57559],[39.77992,49.57531],[39.78012,49.57514],[39.78043,49.57489],[39.78067,49.57469],[39.78168,49.574],[39.78252,49.57345],[39.78332,49.57293],[39.78416,49.57241],[39.78555,49.57145],[39.78601,49.57114],[39.78612,49.57105],[39.78621,49.57098],[39.78651,49.57077],[39.78734,49.57024],[39.78803,49.56979],[39.78848,49.56948],[39.78937,49.56885],[39.7899,49.56849],[39.7904,49.56818],[39.79158,49.56767],[39.79197,49.56753],[39.79228,49.5674],[39.79243,49.56732],[39.7927,49.56713],[39.79356,49.56653],[39.79411,49.56616],[39.79507,49.56553],[39.79661,49.5645],[39.79815,49.56347],[39.79982,49.56239],[39.80125,49.56147],[39.80255,49.56059],[39.80641,49.55813],[39.80894,49.55858],[39.809,49.55863],[39.80915,49.5587],[39.80934,49.55876],[39.80955,49.55884],[39.80978,49.55892],[39.80992,49.55896],[39.81017,49.55897],[39.81042,49.55896],[39.81072,49.55896],[39.81095,49.55897],[39.81136,49.55904],[39.8124,49.55923],[39.81452,49.55961],[39.81551,49.55979],[39.816,49.55988],[39.81665,49.56004],[39.81687,49.56013],[39.81719,49.56024],[39.81751,49.56035],[39.81804,49.56048],[39.81893,49.56067],[39.82001,49.56087],[39.82015,49.56089],[39.82044,49.56095],[39.82135,49.56114],[39.82254,49.56139],[39.82302,49.56149],[39.82409,49.56168],[39.8251,49.56186],[39.82629,49.56206],[39.82711,49.56221],[39.82805,49.56234],[39.82976,49.56257],[39.83002,49.56261],[39.83029,49.5627],[39.83056,49.56278],[39.83118,49.56292],[39.83246,49.56317],[39.83401,49.56347],[39.83438,49.56357],[39.83492,49.56373],[39.83526,49.56382],[39.8354,49.56385],[39.83573,49.56386],[39.83628,49.5639],[39.83684,49.56397],[39.83787,49.56412],[39.83856,49.56424],[39.8388,49.56427],[39.83909,49.56426],[39.83959,49.5642],[39.84044,49.56406],[39.84091,49.56396],[39.84153,49.56384],[39.84222,49.56373],[39.843,49.56362],[39.84518,49.56333],[39.84889,49.5628],[39.84952,49.5627],[39.84995,49.56261],[39.85065,49.56249],[39.85184,49.56233],[39.85311,49.56219],[39.85456,49.56199],[39.85566,49.56185],[39.85729,49.56162],[39.859,49.56137],[39.86026,49.56117],[39.8618,49.56097],[39.86221,49.56092],[39.86368,49.56073],[39.86496,49.56054],[39.86569,49.56043],[39.86713,49.56023],[39.86861,49.56004],[39.86922,49.55999],[39.8697,49.55995],[39.8703,49.55992],[39.87158,49.55989],[39.87297,49.55984],[39.87379,49.55982],[39.87495,49.55975],[39.87828,49.55953],[39.88048,49.55942],[39.88082,49.55938],[39.88262,49.55928],[39.88467,49.55919],[39.88635,49.5591],[39.88852,49.55891],[39.89048,49.55879],[39.89116,49.55878],[39.89143,49.55879],[39.89174,49.55885],[39.89237,49.55903],[39.89455,49.55982],[39.89617,49.56039],[39.89731,49.56079],[39.8975,49.56086],[39.89771,49.56098],[39.89804,49.56111],[39.89865,49.56131],[39.89992,49.56176],[39.90135,49.56228],[39.90341,49.56298],[39.90458,49.56337],[39.90676,49.56408],[39.90782,49.56446],[39.91025,49.56529],[39.91284,49.56618],[39.91422,49.56669],[39.91597,49.56736],[39.91621,49.56749],[39.91656,49.56765],[39.91678,49.56774],[39.917,49.56789],[39.91725,49.56808],[39.91745,49.56827],[39.91752,49.56833],[39.91761,49.56844],[39.91769,49.56855],[39.91775,49.56862],[39.91782,49.56867],[39.91788,49.56869],[39.91811,49.56865],[39.91859,49.56853],[39.9189,49.56848],[39.91913,49.56849],[39.91943,49.56853],[39.91987,49.56869],[39.92053,49.56893],[39.92167,49.56936],[39.92287,49.56979],[39.92457,49.57037],[39.92561,49.57073],[39.92783,49.57148],[39.92921,49.572],[39.93183,49.57288],[39.93214,49.57297],[39.93225,49.573],[39.93247,49.57306],[39.93277,49.5731],[39.93298,49.57317],[39.93322,49.57327],[39.93343,49.57344],[39.93376,49.5737],[39.93403,49.57386],[39.93457,49.57412],[39.93482,49.57429],[39.93509,49.57454],[39.93541,49.57499],[39.9359,49.57563],[39.93635,49.57623],[39.93722,49.57742],[39.93826,49.57886],[39.93925,49.58029],[39.93962,49.58082],[39.93962,49.58091],[39.93963,49.58103],[39.93966,49.58113],[39.93972,49.58121],[39.93987,49.5813],[39.94007,49.58139],[39.94027,49.5815],[39.94045,49.58169],[39.94094,49.58235],[39.94124,49.58272],[39.94138,49.58295],[39.94144,49.58305],[39.94142,49.58313],[39.94136,49.58316],[39.94126,49.58323],[39.94123,49.58331],[39.94132,49.5835],[39.94139,49.58363],[39.94145,49.58367],[39.94154,49.58372],[39.94178,49.58405],[39.9421,49.58455],[39.94269,49.58537],[39.9433,49.58618],[39.94364,49.5866],[39.94389,49.58701],[39.94425,49.5875],[39.94518,49.58879],[39.94569,49.58946],[39.94577,49.58963],[39.94601,49.58995],[39.94628,49.59025],[39.94649,49.59053],[39.94697,49.59118],[39.94756,49.59198],[39.94775,49.5923],[39.94808,49.59274],[39.94832,49.59305],[39.94881,49.59372],[39.94917,49.59426],[39.94942,49.59461],[39.94956,49.59477],[39.94959,49.59486],[39.94958,49.59499],[39.94963,49.59509],[39.94975,49.59514],[39.94992,49.59525],[39.95009,49.59541],[39.95032,49.59581],[39.95081,49.59649],[39.95113,49.59695],[39.95136,49.59732],[39.95154,49.59757],[39.95167,49.59767],[39.99059,49.60108],[39.99072,49.60109],[40.01489,49.6032],[40.05794,49.60697],[40.06498,49.59898],[40.13546,49.61709],[40.13552,49.61702],[40.13556,49.617],[40.1356,49.61699],[40.13569,49.61699],[40.13572,49.61697],[40.13576,49.61694],[40.13574,49.61684],[40.13575,49.61666],[40.13582,49.61637],[40.1359,49.61605],[40.13601,49.61557],[40.13613,49.61503],[40.13624,49.61438],[40.13635,49.61372],[40.13646,49.61314],[40.13656,49.61283],[40.13665,49.61244],[40.13674,49.61193],[40.13687,49.61136],[40.13699,49.61068],[40.13712,49.60996],[40.13727,49.60927],[40.1375,49.60851],[40.13767,49.60786],[40.13779,49.60729],[40.13786,49.60676],[40.13788,49.60615],[40.13794,49.60573],[40.138,49.60553],[40.13804,49.60513],[40.13813,49.60454],[40.13823,49.60393],[40.13836,49.60329],[40.13843,49.6028],[40.1385,49.60241],[40.1386,49.6019],[40.1387,49.60148],[40.13877,49.60095],[40.13883,49.60056],[40.13892,49.60016],[40.139,49.59988],[40.13904,49.59967],[40.13906,49.59937],[40.13914,49.5988],[40.13921,49.59836],[40.1393,49.59784],[40.13938,49.59737],[40.13945,49.59685],[40.13946,49.59654],[40.13947,49.59634],[40.13953,49.59615],[40.13957,49.59607],[40.13962,49.59599],[40.1397,49.59593],[40.13999,49.59573],[40.14019,49.59556],[40.14132,49.5946],[40.14238,49.59363],[40.14327,49.59275],[40.14414,49.59192],[40.14462,49.59142],[40.14515,49.59092],[40.1459,49.59026],[40.14679,49.58943],[40.14761,49.58867],[40.14882,49.58759],[40.14972,49.58679],[40.15062,49.58589],[40.15128,49.58538],[40.15156,49.5852],[40.15185,49.5849],[40.15262,49.58427],[40.1534,49.58358],[40.15422,49.58282],[40.15506,49.58208],[40.15599,49.58125],[40.15675,49.58052],[40.15716,49.58013],[40.15803,49.57937],[40.15844,49.57901],[40.15862,49.57879],[40.15882,49.5786],[40.15902,49.57834],[40.15936,49.57807],[40.15982,49.57766],[40.16031,49.57729],[40.16087,49.57681],[40.1613,49.57643],[40.16156,49.57621],[40.16177,49.57607],[40.16216,49.57574],[40.16257,49.57529],[40.1629,49.575],[40.16333,49.57462],[40.1637,49.57429],[40.16409,49.57393],[40.16447,49.57358],[40.16472,49.57335],[40.16501,49.57313],[40.16511,49.57308],[40.16525,49.57297],[40.16548,49.57275],[40.16597,49.57227],[40.17039,49.56894],[40.16888,49.56846],[40.14973,49.56238],[40.14869,49.56208],[40.14724,49.5616],[40.14673,49.56142],[40.14618,49.56123],[40.146,49.56115],[40.14583,49.56106],[40.14549,49.56088],[40.14519,49.56076],[40.14457,49.56054],[40.14392,49.56034],[40.14328,49.5601],[40.14304,49.55998],[40.14271,49.55988],[40.14207,49.55969],[40.14143,49.55944],[40.14052,49.55912],[40.13979,49.5589],[40.1393,49.5587],[40.13874,49.55855],[40.13826,49.55841],[40.13781,49.55824],[40.1371,49.55793],[40.13659,49.55776],[40.13619,49.55759],[40.13584,49.55749],[40.13532,49.55732],[40.13453,49.55704],[40.04071,49.52126],[40.0406,49.52122],[40.03906,49.52063],[40.03904,49.52056],[40.03902,49.5205],[40.03896,49.52042],[40.03888,49.52033],[40.03884,49.52028],[40.03877,49.52025],[40.03869,49.52021],[40.03863,49.52018],[40.03856,49.52011],[40.03842,49.51998],[40.03836,49.51991],[40.03831,49.51983],[40.03827,49.51973],[40.03816,49.5195],[40.03793,49.51908],[40.03775,49.51874],[40.03768,49.51859],[40.03764,49.51844],[40.03758,49.51823],[40.0375,49.51784],[40.03749,49.51769],[40.0375,49.51744],[40.03752,49.51711],[40.03753,49.51696],[40.03756,49.51676],[40.0376,49.51656],[40.0377,49.51618],[40.03785,49.51582],[40.03802,49.51543],[40.03819,49.51504],[40.03823,49.51486],[40.03832,49.51466],[40.03839,49.51446],[40.03847,49.51421],[40.03861,49.5138],[40.03876,49.51337],[40.03886,49.51304],[40.03889,49.51293],[40.03893,49.51283],[40.03904,49.51245],[40.03909,49.51224],[40.03911,49.51208],[40.03912,49.51159],[40.03912,49.51125],[40.03911,49.51113],[40.03906,49.51097],[40.03896,49.51078],[40.03894,49.51074],[40.03954,49.50856],[40.03957,49.50849],[40.04213,49.49925],[40.03223,49.46353],[40.03222,49.46348],[40.03148,49.46082],[40.02962,49.45409],[40.04488,49.44674],[40.04583,49.44628],[40.04889,49.44364],[40.0608,49.43336],[40.0637,49.43085],[40.07074,49.42077],[40.07829,49.41003],[40.09428,49.39989],[40.09574,49.39897],[40.0991,49.39684],[40.09979,49.3964],[40.10336,49.39414],[40.11015,49.38894],[40.11426,49.38582],[40.11631,49.38531],[40.12086,49.38417],[40.12127,49.38407],[40.12188,49.38392],[40.12368,49.38357],[40.12513,49.38327],[40.12712,49.38287],[40.12814,49.38266],[40.12893,49.38247],[40.1295,49.38233],[40.13055,49.38203],[40.13219,49.38157],[40.1328,49.38139],[40.13503,49.38077],[40.13967,49.37937],[40.14222,49.37858],[40.1427,49.37843],[40.14335,49.37853],[40.1449,49.37776],[40.14507,49.37768],[40.14649,49.37698],[40.14622,49.37673],[40.14668,49.37651],[40.14695,49.37676],[40.14701,49.37682],[40.14705,49.37686],[40.14707,49.37688],[40.14883,49.37608],[40.15386,49.37379],[40.1552,49.37318],[40.15597,49.37283],[40.15578,49.37266],[40.15573,49.37258],[40.15537,49.37229],[40.15529,49.37222],[40.1552,49.37215],[40.15496,49.37225],[40.15473,49.37203],[40.1543,49.37163],[40.1542,49.37155],[40.15411,49.37147],[40.15423,49.37142],[40.15455,49.37127],[40.15472,49.37119],[40.15515,49.37102],[40.15557,49.37083],[40.15625,49.37054],[40.1564,49.37048],[40.15644,49.37046],[40.1565,49.37042],[40.15655,49.3704],[40.15667,49.37033],[40.15669,49.37032],[40.15673,49.3703],[40.15807,49.37122],[40.15811,49.37122],[40.15831,49.37122],[40.15864,49.37101],[40.15934,49.37052],[40.15963,49.37028],[40.16016,49.36983],[40.16049,49.36953],[40.16071,49.36937],[40.16078,49.36931],[40.16126,49.36899],[40.16165,49.36863],[40.16159,49.36859],[40.16184,49.36835],[40.1618,49.36831],[40.16195,49.36817],[40.1619,49.36813],[40.16205,49.36796],[40.16161,49.36778],[40.16166,49.36765],[40.1617,49.36753],[40.16151,49.36743],[40.16168,49.36726],[40.16151,49.36717],[40.16066,49.3667],[40.16094,49.36646],[40.16051,49.36635],[40.16038,49.36631],[40.15918,49.36715],[40.15866,49.36694],[40.16491,49.36103],[40.16928,49.35689],[40.16929,49.35683],[40.16933,49.35675],[40.16945,49.35665],[40.16961,49.35655],[40.16981,49.35645],[40.16997,49.35639],[40.17016,49.35635],[40.17039,49.3563],[40.17057,49.35626],[40.17076,49.35623],[40.171,49.35622],[40.17145,49.35625],[40.17222,49.35628],[40.17368,49.35637],[40.17478,49.35643],[40.17508,49.35644],[40.17552,49.35646],[40.17551,49.35627],[40.17566,49.35619],[40.17574,49.35614],[40.17583,49.35608],[40.17621,49.35578],[40.17657,49.35546],[40.17684,49.35525],[40.17703,49.35509],[40.17739,49.35476],[40.17769,49.35454],[40.178,49.35431],[40.17831,49.35407],[40.17899,49.35349],[40.17911,49.35337],[40.17962,49.353],[40.18004,49.35268],[40.18039,49.35246],[40.18067,49.35231],[40.18128,49.35198],[40.18179,49.35171],[40.18231,49.35145],[40.18275,49.35126],[40.18321,49.35108],[40.18342,49.351],[40.18364,49.35092],[40.18392,49.35083],[40.18445,49.35066],[40.18499,49.3505],[40.18578,49.35021],[40.18667,49.34989],[40.18761,49.34959],[40.18822,49.34937],[40.18928,49.34902],[40.19058,49.3486],[40.19367,49.34772],[40.19378,49.34769],[40.20046,49.34577],[40.19734,49.34088],[40.19709,49.33871],[40.19571,49.33666],[40.19562,49.33653],[40.19277,49.3323],[40.19273,49.33222],[40.19272,49.33213],[40.19274,49.33206],[40.19277,49.33199],[40.19278,49.3319],[40.19277,49.33176],[40.19275,49.33163],[40.19271,49.33137],[40.19265,49.33104],[40.19253,49.33075],[40.19247,49.33051],[40.1924,49.33011],[40.1923,49.32969],[40.1922,49.32937],[40.19215,49.32914],[40.19203,49.32864],[40.19202,49.32846],[40.192,49.32835],[40.19199,49.32825],[40.19196,49.3281],[40.19191,49.32795],[40.19181,49.32756],[40.19172,49.32726],[40.19162,49.32681],[40.19158,49.32669],[40.19157,49.32659],[40.19148,49.32632],[40.19141,49.32607],[40.19131,49.32561],[40.1912,49.32524],[40.19111,49.3249],[40.19101,49.3246],[40.1909,49.32411],[40.19081,49.32386],[40.19073,49.32344],[40.19066,49.3231],[40.19055,49.32271],[40.19047,49.32244],[40.19034,49.32217],[40.1902,49.32181],[40.19008,49.32133],[40.18997,49.32103],[40.18983,49.32059],[40.18977,49.32036],[40.18977,49.32024],[40.18974,49.32012],[40.18963,49.31992],[40.18955,49.31977],[40.18922,49.31872],[40.18911,49.31828],[40.18903,49.31789],[40.18896,49.3175],[40.18883,49.31663],[40.18877,49.31612],[40.18867,49.31539],[40.18859,49.31466],[40.18853,49.31417],[40.18842,49.31338],[40.18836,49.31299],[40.18832,49.31282],[40.18819,49.31223],[40.18809,49.31171],[40.18801,49.31133],[40.18789,49.31089],[40.18784,49.31071],[40.18781,49.31065],[40.18778,49.31056],[40.18779,49.31051],[40.18779,49.31045],[40.1878,49.31036],[40.18779,49.31027],[40.18796,49.31],[40.18781,49.30982],[40.18774,49.30973],[40.18748,49.30883],[40.1865,49.30696],[40.18644,49.3069],[40.18633,49.30687],[40.18621,49.30684],[40.18604,49.30683],[40.18592,49.30675],[40.18577,49.30667],[40.18564,49.30662],[40.18556,49.30653],[40.18537,49.30636],[40.18485,49.30586],[40.18424,49.30528],[40.18355,49.30465],[40.1831,49.30428],[40.18235,49.30365],[40.18228,49.30359],[40.18324,49.30294],[40.18328,49.30291],[40.18426,49.30225],[40.18488,49.29577],[40.18593,49.28468],[40.18593,49.28463],[40.18641,49.2812],[40.21808,49.26531],[40.22781,49.26051],[40.22181,49.2512],[40.2182,49.24852],[40.21572,49.24668],[40.21561,49.2466],[40.21329,49.24487],[40.21311,49.24478],[40.2122,49.24424],[40.21052,49.24329],[40.20895,49.24233],[40.20863,49.24215],[40.20838,49.24202],[40.20811,49.24192],[40.20739,49.24177],[40.20634,49.24159],[40.20543,49.24144],[40.20401,49.24118],[40.20297,49.24104],[40.20235,49.24093],[40.20214,49.24089],[40.20178,49.24084],[40.20135,49.24075],[40.20023,49.24049],[40.19747,49.23998],[40.19592,49.23968],[40.1949,49.23951],[40.19366,49.23927],[40.1923,49.23903],[40.1906,49.2387],[40.18928,49.23844],[40.18833,49.23827],[40.18766,49.23817],[40.18659,49.23805],[40.18546,49.23794],[40.18419,49.2378],[40.1828,49.23766],[40.18155,49.23752],[40.18041,49.23741],[40.17985,49.23737],[40.17949,49.2373],[40.17917,49.23725],[40.17862,49.23723],[40.17757,49.23716],[40.17684,49.23715],[40.17646,49.23715],[40.17601,49.23717],[40.17538,49.23721],[40.17455,49.23726],[40.17378,49.23732],[40.1734,49.23735],[40.17313,49.23737],[40.17284,49.23737],[40.17226,49.23739],[40.17162,49.23745],[40.17098,49.23752],[40.17058,49.2376],[40.17001,49.23768],[40.16942,49.23772],[40.16884,49.23776],[40.16813,49.23777],[40.16739,49.23782],[40.16652,49.23789],[40.16556,49.23791],[40.16409,49.23802],[40.16349,49.23806],[40.16305,49.23809],[40.16255,49.2381],[40.16198,49.23812],[40.1611,49.23817],[40.15978,49.23826],[40.15859,49.23832],[40.15734,49.2384],[40.15659,49.23844],[40.15497,49.23854],[40.15457,49.23854],[40.15355,49.23861],[40.15237,49.23868],[40.15108,49.23876],[40.15021,49.23882],[40.14905,49.23884],[40.14804,49.23891],[40.14763,49.23895],[40.14732,49.23896],[40.14703,49.23899],[40.14688,49.23902],[40.14668,49.2391],[40.14641,49.23923],[40.14622,49.23932],[40.14609,49.23936],[40.1459,49.23938],[40.14552,49.23938],[40.14388,49.23947],[40.14293,49.23954],[40.14249,49.23955],[40.14186,49.2395],[40.14143,49.23948],[40.14094,49.23951],[40.14005,49.23958],[40.13938,49.23959],[40.13859,49.23964],[40.13814,49.23964],[40.13779,49.2396],[40.13742,49.23953],[40.13706,49.23945],[40.1366,49.23927],[40.1357,49.23874],[40.13424,49.23785],[40.13301,49.23706],[40.13198,49.2364],[40.13084,49.23573],[40.12983,49.23509],[40.12866,49.23432],[40.12753,49.23357],[40.12617,49.23275],[40.12561,49.23238],[40.1254,49.23219],[40.12483,49.23183],[40.12399,49.23131],[40.12369,49.2311],[40.12353,49.23095],[40.12339,49.23076],[40.12305,49.23027],[40.1227,49.22984],[40.12236,49.22947],[40.12202,49.22897],[40.12145,49.22818],[40.12096,49.22748],[40.12073,49.22718],[40.12062,49.22699],[40.1206,49.22684],[40.1206,49.2267],[40.12048,49.22654],[40.12031,49.22634],[40.12012,49.22614],[40.1199,49.22597],[40.11966,49.22581],[40.11929,49.22539],[40.11899,49.22502],[40.11862,49.22448],[40.11827,49.22391],[40.11789,49.22343],[40.11738,49.22284],[40.11693,49.22225],[40.11671,49.2219],[40.11643,49.22143],[40.1162,49.22112],[40.1161,49.22099],[40.11606,49.22088],[40.11606,49.2208],[40.11613,49.22048],[40.11616,49.22038],[40.11614,49.22029],[40.11611,49.22024],[40.11598,49.22018],[40.11575,49.22015],[40.11553,49.22008],[40.11541,49.22004],[40.11522,49.21983],[40.11492,49.21937],[40.11475,49.21912],[40.11466,49.21901],[40.11444,49.2188],[40.11408,49.21837],[40.11402,49.21823],[40.11385,49.21791],[40.11374,49.21775],[40.11358,49.21756],[40.11305,49.21689],[40.11285,49.21665],[40.11266,49.21647],[40.11203,49.21573],[40.11098,49.21437],[40.11009,49.21315],[40.1093,49.21213],[40.10892,49.21165],[40.10859,49.21132],[40.10842,49.21115],[40.10814,49.21095],[40.10785,49.21077],[40.10726,49.21046],[40.10634,49.20999],[40.10566,49.20961],[40.10522,49.2094],[40.10469,49.20912],[40.10426,49.20887],[40.1036,49.20851],[40.10294,49.2082],[40.10207,49.20771],[40.10155,49.20743],[40.10109,49.20716],[40.10055,49.20688],[40.10022,49.20668],[40.09956,49.20629],[40.09898,49.206],[40.09826,49.20559],[40.09736,49.20514],[40.09631,49.20461],[40.09577,49.20436],[40.09548,49.20418],[40.09482,49.20374],[40.09404,49.20319],[40.09358,49.20287],[40.09309,49.20243],[40.09256,49.2019],[40.09182,49.20116],[40.09135,49.20071],[40.09097,49.20026],[40.09052,49.19982],[40.08986,49.19921],[40.08913,49.19848],[40.08908,49.19842],[40.08865,49.19798],[40.08823,49.19758],[40.08777,49.19715],[40.08722,49.19658],[40.08656,49.19593],[40.08584,49.19523],[40.08539,49.19475],[40.08521,49.19456],[40.0851,49.1944],[40.085,49.19426],[40.08484,49.19412],[40.08467,49.194],[40.08454,49.19388],[40.08437,49.19368],[40.08427,49.19356],[40.08422,49.19341],[40.08417,49.19327],[40.08401,49.19309],[40.08386,49.19298],[40.08364,49.19288],[40.08343,49.19275],[40.08303,49.19237],[40.08191,49.19125],[40.08054,49.18986],[40.07951,49.18885],[40.07888,49.18821],[40.07836,49.18767],[40.07812,49.18744],[40.07785,49.18719],[40.07763,49.18705],[40.07742,49.18694],[40.07727,49.18687],[40.07705,49.18681],[40.07682,49.18678],[40.07598,49.18667],[40.07464,49.18649],[40.07273,49.18618],[40.07181,49.18606],[40.07028,49.18583],[40.06962,49.18569],[40.06874,49.18553],[40.06824,49.18542],[40.06789,49.18535],[40.0677,49.18534],[40.0674,49.18533],[40.06717,49.18533],[40.06698,49.18531],[40.06673,49.18525],[40.06643,49.18521],[40.06503,49.18499],[40.06383,49.18481],[40.06278,49.1847],[40.0619,49.18457],[40.06113,49.18446],[40.06057,49.18441],[40.06033,49.18436],[40.06009,49.18428],[40.05982,49.18417],[40.0596,49.18406],[40.05936,49.18397],[40.0592,49.18393],[40.05891,49.18391],[40.05869,49.18389],[40.05845,49.18388],[40.05796,49.18385],[40.05723,49.18372],[40.0565,49.18361],[40.05597,49.18355],[40.05569,49.18351],[40.05533,49.18341],[40.05441,49.18322],[40.05384,49.18314],[40.05308,49.18307],[40.05235,49.18298],[40.05169,49.18292],[40.05133,49.18293],[40.05091,49.18287],[40.05057,49.1828],[40.04977,49.18263],[40.04929,49.18254],[40.04893,49.18251],[40.04879,49.1825],[40.0486,49.18246],[40.04807,49.18232],[40.04729,49.18215],[40.04691,49.18209],[40.04652,49.18206],[40.04629,49.18198],[40.04601,49.18191],[40.04575,49.18188],[40.04546,49.18185],[40.04466,49.18175],[40.04349,49.18155],[40.04333,49.18148],[40.04314,49.18134],[40.04282,49.18119],[40.04233,49.18103],[40.0419,49.18094],[40.04164,49.18093],[40.04144,49.18095],[40.04128,49.18101],[40.04117,49.18106],[40.04102,49.18109],[40.04075,49.18108],[40.04039,49.18106],[40.03977,49.18099],[40.03897,49.18087],[40.03713,49.18058],[40.036,49.1804],[40.03508,49.18025],[40.03417,49.18016],[40.03214,49.17985],[40.03175,49.17976],[40.03146,49.17966],[40.03119,49.17955],[40.03102,49.17945],[40.03079,49.17926],[40.03033,49.17883],[40.02948,49.17801],[40.02911,49.17765],[40.02876,49.17726],[40.02744,49.17585],[40.02613,49.1745],[40.025,49.17336],[40.02385,49.17211],[40.02279,49.17104],[40.02178,49.17001],[40.02118,49.16942],[40.02077,49.16906],[40.02012,49.16855],[40.01917,49.16782],[40.01902,49.16767],[40.01891,49.16754],[40.01874,49.16733],[40.01851,49.16715],[40.01772,49.16651],[40.01689,49.16587],[40.01595,49.16513],[40.01534,49.16459],[40.01531,49.16456],[40.01488,49.16415],[40.01435,49.16369],[40.01329,49.16275],[40.01264,49.16224],[40.012,49.16175],[40.01147,49.16131],[40.01118,49.16098],[40.01086,49.16063],[40.0106,49.16041],[40.0103,49.16014],[40.00987,49.15972],[40.00945,49.15921],[40.00892,49.15858],[40.0082,49.15772],[40.00728,49.15663],[40.00644,49.15566],[40.00601,49.15508],[40.00573,49.15478],[40.00555,49.15462],[40.00534,49.15448],[40.005,49.15416],[40.00476,49.15393],[40.0046,49.15365],[40.0041,49.15315],[40.00372,49.1527],[40.00367,49.15261],[40.00349,49.15244],[40.00303,49.15193],[40.00257,49.15137],[40.00239,49.15121],[40.00209,49.15105],[40.00157,49.15081],[40.00034,49.1501],[39.99887,49.14926],[39.99787,49.14866],[39.99734,49.14832],[39.99688,49.14799],[39.99651,49.14771],[39.99599,49.14729],[39.99534,49.14669],[39.99482,49.14619],[39.9943,49.14567],[39.99315,49.14456],[39.99265,49.14407],[39.99213,49.14365],[39.99178,49.14333],[39.9915,49.14299],[39.99092,49.14246],[39.99051,49.14203],[39.98995,49.14154],[39.98952,49.14108],[39.98919,49.14074],[39.98875,49.1403],[39.98845,49.13997],[39.98825,49.13971],[39.98798,49.13941],[39.98783,49.13925],[39.98768,49.1391],[39.98747,49.13899],[39.9872,49.1388],[39.98699,49.13862],[39.98654,49.13819],[39.98597,49.13767],[39.98536,49.13708],[39.9847,49.13648],[39.98387,49.13569],[39.98369,49.13549],[39.98343,49.13524],[39.98308,49.13492],[39.98247,49.13438],[39.98181,49.13377],[39.98159,49.13355],[39.98146,49.13343],[39.98126,49.13323],[39.98108,49.13308],[39.9809,49.13291],[39.98056,49.13259],[39.98009,49.13212],[39.97991,49.13191],[39.9797,49.13168],[39.97952,49.13152],[39.97911,49.13121],[39.97867,49.13081],[39.97809,49.13025],[39.97792,49.13011],[39.9777,49.1299],[39.97728,49.12947],[39.97713,49.12927],[39.9768,49.12891],[39.97664,49.12872],[39.97639,49.12847],[39.97611,49.1282],[39.97603,49.12809],[39.97593,49.12799],[39.97568,49.12773],[39.97525,49.12736],[39.97499,49.12713],[39.97483,49.12695],[39.97461,49.12671],[39.97427,49.12629],[39.97401,49.12601],[39.97362,49.12565],[39.97325,49.1253],[39.97288,49.1249],[39.97253,49.12454],[39.97225,49.12425],[39.97211,49.12408],[39.97202,49.12396],[39.97183,49.12374],[39.97149,49.12332],[39.97134,49.12307],[39.97123,49.12285],[39.97109,49.12262],[39.97092,49.12233],[39.97073,49.12206],[39.9706,49.12187],[39.97044,49.12165],[39.97029,49.12143],[39.9701,49.1212],[39.96989,49.12093],[39.96967,49.12065],[39.96936,49.12027],[39.96912,49.11994],[39.96884,49.11957],[39.96865,49.1193],[39.96849,49.1191],[39.96821,49.11871],[39.968,49.1184],[39.96775,49.11805],[39.96755,49.11778],[39.96718,49.11728],[39.96684,49.11681],[39.96662,49.11649],[39.96636,49.11612],[39.96593,49.11551],[39.96555,49.1149],[39.9654,49.11468],[39.96506,49.11419],[39.96476,49.11375],[39.96437,49.11318],[39.96397,49.11263],[39.96354,49.11204],[39.96326,49.11163],[39.96297,49.11123],[39.96275,49.11087],[39.9625,49.11051],[39.96227,49.1102],[39.96183,49.10964],[39.96155,49.10927],[39.96132,49.10895],[39.96108,49.10859],[39.96081,49.10822],[39.96054,49.10786],[39.96026,49.10747],[39.96,49.10711],[39.95982,49.10684],[39.95965,49.10656],[39.95955,49.10638],[39.95932,49.10604],[39.95919,49.10587],[39.9591,49.10575],[39.95898,49.10564],[39.95877,49.10545],[39.95853,49.10521],[39.95832,49.10497],[39.95798,49.1046],[39.95763,49.10421],[39.95737,49.10393],[39.95711,49.10364],[39.95688,49.10338],[39.95672,49.10318],[39.95651,49.10292],[39.95624,49.10258],[39.95602,49.10235],[39.95578,49.10207],[39.95552,49.10176],[39.95526,49.10148],[39.95487,49.10107],[39.95454,49.10072],[39.95412,49.10026],[39.9538,49.09991],[39.95344,49.09952],[39.953,49.09904],[39.9527,49.09869],[39.9525,49.09845],[39.95225,49.09811],[39.95215,49.09798],[39.95185,49.09762],[39.95061,49.0962],[39.95026,49.09579],[39.94991,49.09536],[39.94975,49.09518],[39.94954,49.09495],[39.94923,49.09459],[39.949,49.09429],[39.94887,49.09415],[39.9486,49.0938],[39.94829,49.09342],[39.94792,49.09296],[39.94749,49.09241],[39.94708,49.09189],[39.94679,49.09153],[39.94665,49.09134],[39.94651,49.09114],[39.94635,49.09085],[39.94614,49.09054],[39.94591,49.09023],[39.94556,49.08984],[39.94541,49.08967],[39.94531,49.08954],[39.9449,49.08912],[39.94443,49.08855],[39.94429,49.08837],[39.94423,49.08831],[39.94392,49.08804],[39.94362,49.08777],[39.94322,49.08738],[39.94246,49.08656],[39.94169,49.08575],[39.94133,49.08536],[39.94116,49.08517],[39.94091,49.0849],[39.94074,49.0847],[39.9406,49.08458],[39.94049,49.0845],[39.94036,49.08444],[39.94015,49.08434],[39.93991,49.08416],[39.93961,49.08388],[39.93927,49.08356],[39.93918,49.08349],[39.93906,49.08338],[39.93879,49.08316],[39.93868,49.08307],[39.93859,49.08294],[39.93854,49.08284],[39.9385,49.08273],[39.9385,49.08259],[39.93853,49.0825],[39.93861,49.0823],[39.9388,49.08198],[39.93894,49.08166],[39.93909,49.08126],[39.9392,49.08098],[39.93939,49.08057],[39.93953,49.08025],[39.93959,49.07993],[39.93964,49.07958],[39.93978,49.07917],[39.93993,49.07881],[39.94004,49.07861],[39.94025,49.07827],[39.94035,49.0781],[39.94042,49.07792],[39.94056,49.07746],[39.94074,49.07694],[39.94087,49.07656],[39.94117,49.07574],[39.94142,49.0751],[39.94159,49.07465],[39.94178,49.07416],[39.94189,49.07382],[39.942,49.0735],[39.94206,49.0733],[39.94217,49.07291],[39.94227,49.07254],[39.94237,49.0722],[39.94245,49.07189],[39.94246,49.07161],[39.94246,49.07139],[39.94247,49.07124],[39.94247,49.07094],[39.94246,49.07059],[39.94245,49.07028],[39.94239,49.06996],[39.94231,49.06959],[39.94219,49.06911],[39.94202,49.06856],[39.94178,49.06773],[39.94166,49.06739],[39.94059,49.06387],[39.94046,49.06341],[39.94029,49.06284],[39.94008,49.0622],[39.93988,49.06169],[39.93972,49.06122],[39.93939,49.06022],[39.93908,49.05931],[39.93865,49.05805],[39.93836,49.05714],[39.93818,49.05674],[39.93807,49.05658],[39.93798,49.05652],[39.93792,49.05644],[39.93789,49.05642],[39.93781,49.05637],[39.93763,49.05632],[39.9374,49.05631],[39.93702,49.05631],[39.93629,49.05636],[39.9352,49.05643],[39.93401,49.0565],[39.93276,49.05657],[39.93175,49.05663],[39.93138,49.0566],[39.93097,49.05656],[39.93054,49.05652],[39.93031,49.05653],[39.93005,49.05657],[39.92975,49.05665],[39.92926,49.05674],[39.92883,49.05678],[39.92837,49.05678],[39.92822,49.05679],[39.92795,49.05681],[39.92753,49.05685],[39.92723,49.05685],[39.92675,49.05684],[39.92603,49.05686],[39.925,49.05692],[39.92379,49.05696],[39.92271,49.05697],[39.92183,49.05704],[39.92075,49.0571],[39.92037,49.05714],[39.91965,49.05715],[39.91817,49.05719],[39.916,49.05721],[39.91419,49.05723],[39.91186,49.05724],[39.91107,49.05725],[39.91026,49.0573],[39.90993,49.05732],[39.90976,49.05735],[39.90957,49.05742],[39.90951,49.05744],[39.90933,49.05751],[39.90887,49.05761],[39.90799,49.05778],[39.9072,49.05796],[39.9064,49.05812],[39.90608,49.05821],[39.90533,49.0584],[39.9041,49.05864],[39.90227,49.05901],[39.90017,49.05945],[39.89856,49.05977],[39.89747,49.05998],[39.89654,49.06021],[39.8959,49.06037],[39.89473,49.06067],[39.8931,49.06108],[39.89186,49.06139],[39.89046,49.06174],[39.8888,49.06215],[39.88744,49.06248],[39.88647,49.06271],[39.88526,49.06303],[39.88461,49.06319],[39.88407,49.06335],[39.88276,49.06365],[39.88177,49.0639],[39.88127,49.064],[39.88094,49.06404],[39.88065,49.06406],[39.88042,49.06409],[39.88016,49.06415],[39.87997,49.06417],[39.87982,49.06417],[39.87964,49.06415],[39.87898,49.06409],[39.87823,49.064],[39.87757,49.06392],[39.87722,49.06385],[39.87678,49.06385],[39.87599,49.06375],[39.87548,49.06367],[39.87524,49.06362],[39.87488,49.06359],[39.87336,49.06342],[39.87176,49.06323],[39.87081,49.06308],[39.87013,49.063],[39.86937,49.06293],[39.8686,49.06289],[39.86767,49.06282],[39.86704,49.06277],[39.8667,49.0627],[39.86629,49.06263],[39.86596,49.06259],[39.86575,49.06254],[39.86558,49.06248],[39.86542,49.06239],[39.86536,49.06238],[39.86529,49.06237],[39.86506,49.06238],[39.86473,49.06239],[39.86439,49.06242],[39.86415,49.0624],[39.86353,49.0623],[39.86291,49.06224],[39.86217,49.06219],[39.86095,49.0621],[39.85966,49.06199],[39.85852,49.0619],[39.85789,49.06185],[39.85714,49.06181],[39.85611,49.06172],[39.85534,49.06166],[39.85496,49.06162],[39.85466,49.06161],[39.85403,49.06157],[39.85377,49.06156],[39.8533,49.06153],[39.85272,49.06147],[39.85238,49.06144],[39.85229,49.06143],[39.84006,49.06053],[39.82692,49.05917],[39.82602,49.05908],[39.82577,49.05905],[39.81853,49.05808],[39.81817,49.05804],[39.81788,49.05806],[39.81749,49.05808],[39.81722,49.05809],[39.81698,49.05808],[39.81669,49.0581],[39.81628,49.05817],[39.81597,49.05828],[39.81545,49.05849],[39.81522,49.05851],[39.81499,49.05852],[39.81465,49.05856],[39.81439,49.05863],[39.81405,49.05878],[39.81385,49.05892],[39.81364,49.05909],[39.81349,49.05925],[39.81339,49.05939],[39.8132,49.05958],[39.81301,49.05969],[39.81243,49.05995],[39.81234,49.06001],[39.81214,49.06004],[39.81199,49.06017],[39.81136,49.06075],[39.80677,49.06012],[39.80531,49.05992],[39.80422,49.05932],[39.80391,49.05919],[39.80347,49.05907],[39.80301,49.05891],[39.80273,49.05879],[39.80266,49.0587],[39.80246,49.05859],[39.80208,49.05849],[39.80187,49.05845],[39.80179,49.0584],[39.8017,49.05829],[39.80159,49.05815],[39.80124,49.05796],[39.80091,49.05782],[39.8004,49.05756],[39.79979,49.05725],[39.7993,49.05699],[39.79884,49.05675],[39.79843,49.05649],[39.79804,49.05626],[39.7976,49.05604],[39.79731,49.05585],[39.79685,49.05553],[39.79644,49.05524],[39.79591,49.0549],[39.79542,49.05456],[39.79491,49.05424],[39.79456,49.05401],[39.79389,49.05359],[39.79347,49.05329],[39.793,49.053],[39.79267,49.05276],[39.79229,49.0525],[39.79174,49.05214],[39.79134,49.05187],[39.79109,49.0517],[39.7908,49.05149],[39.79053,49.05132],[39.79024,49.05112],[39.79024,49.05111],[39.78973,49.05078],[39.78942,49.05056],[39.78922,49.05039],[39.7889,49.05018],[39.78854,49.05002],[39.78818,49.04984],[39.78771,49.0496],[39.78744,49.04943],[39.78697,49.04918],[39.7865,49.0489],[39.78583,49.04849],[39.78557,49.04832],[39.78517,49.04809],[39.78472,49.04787],[39.78437,49.04769],[39.78404,49.0475],[39.78373,49.04734],[39.78354,49.04721],[39.7834,49.04711],[39.78319,49.04695],[39.78302,49.04688],[39.78277,49.04678],[39.78239,49.04662],[39.78216,49.04649],[39.78172,49.04621],[39.78145,49.04604],[39.78122,49.0459],[39.78073,49.04562],[39.78032,49.04541],[39.77991,49.04518],[39.77947,49.04493],[39.77908,49.04472],[39.77866,49.04448],[39.77848,49.04439],[39.77805,49.04418],[39.77757,49.04394],[39.77721,49.04377],[39.77684,49.04361],[39.77661,49.04353],[39.77636,49.04343],[39.77605,49.04333],[39.77582,49.04323],[39.77542,49.04307],[39.77484,49.04282],[39.77443,49.04263],[39.77436,49.04258],[39.77433,49.04256],[39.77422,49.04252],[39.77398,49.04243],[39.77382,49.04237],[39.77372,49.04234],[39.77362,49.04232],[39.77351,49.04231],[39.773,49.04219],[39.7725,49.04204],[39.77191,49.04184],[39.7711,49.04155],[39.77059,49.04137],[39.77015,49.04121],[39.7696,49.04102],[39.76882,49.04075],[39.76811,49.04049],[39.76761,49.04031],[39.76739,49.04019],[39.76715,49.04007],[39.76696,49.03996],[39.7667,49.03987],[39.76655,49.03985],[39.76638,49.03987],[39.7662,49.03993],[39.76604,49.03998],[39.7659,49.04003],[39.7657,49.04007],[39.76522,49.04014],[39.76463,49.04021],[39.764,49.04029],[39.76336,49.04037],[39.76272,49.04045],[39.76226,49.04051],[39.76166,49.04061],[39.76101,49.04071],[39.76031,49.04081],[39.75959,49.0409],[39.7588,49.04098],[39.75849,49.04101],[39.75825,49.04102],[39.75787,49.04105],[39.75756,49.04108],[39.75722,49.04111],[39.75709,49.04115],[39.75675,49.04117],[39.75624,49.04121],[39.75514,49.04126],[39.75435,49.04129],[39.75324,49.04134],[39.75247,49.04137],[39.75155,49.04141],[39.75101,49.04143],[39.7505,49.04143],[39.75035,49.0414],[39.75019,49.04138],[39.75011,49.04139],[39.75,49.04143],[39.74975,49.04146],[39.74878,49.04148],[39.74777,49.0415],[39.74656,49.04153],[39.74594,49.04155],[39.7453,49.04157],[39.74449,49.04161],[39.74372,49.04166],[39.74305,49.04168],[39.74273,49.04169],[39.74224,49.04173],[39.74186,49.04176],[39.74166,49.04176],[39.74151,49.04173],[39.74134,49.04172],[39.74124,49.04173],[39.74105,49.04185],[39.74091,49.04192],[39.74073,49.04198],[39.7403,49.04209],[39.73977,49.04224],[39.73916,49.04238],[39.73843,49.04253],[39.73782,49.04263],[39.73644,49.04281],[39.73532,49.04297],[39.73455,49.04306],[39.7336,49.04321],[39.73279,49.04333],[39.73214,49.04342],[39.73184,49.04346],[39.73146,49.04352],[39.73066,49.04365],[39.72901,49.0439],[39.72817,49.04403],[39.72666,49.04426],[39.7255,49.04442],[39.72436,49.04458],[39.7241,49.04462],[39.72339,49.04475],[39.72269,49.04488],[39.72201,49.04502],[39.72142,49.04516],[39.72086,49.04529],[39.72034,49.04542],[39.71964,49.04561],[39.71816,49.04597],[39.71732,49.04623],[39.71658,49.04644],[39.71532,49.04673],[39.714,49.04696],[39.71232,49.04733],[39.71178,49.04745],[39.7109,49.0476],[39.7104,49.04769],[39.71004,49.04772],[39.70944,49.04779],[39.70922,49.04787],[39.70897,49.04799],[39.70878,49.04812],[39.70789,49.04845],[39.70783,49.04847],[39.70763,49.0485],[39.70612,49.04871],[39.70227,49.0493],[39.70026,49.0496],[39.69747,49.05],[39.69577,49.05026],[39.69495,49.05036],[39.69466,49.05041],[39.69445,49.05045],[39.69427,49.05051],[39.69385,49.05056],[39.69351,49.05058],[39.69319,49.05061],[39.69295,49.05056],[39.69257,49.05042],[39.6914,49.04995],[39.68969,49.0491],[39.68776,49.0482],[39.68394,49.04654],[39.6837,49.0465],[39.67226,49.04051],[39.67265,49.04026],[39.67275,49.04022],[39.67277,49.04017],[39.67279,49.0401],[39.67291,49.04001],[39.67299,49.03995],[39.67308,49.03984],[39.67317,49.03976],[39.67338,49.03963],[39.67351,49.03953],[39.67367,49.03943],[39.67382,49.03935],[39.67391,49.03932],[39.67405,49.03929],[39.67439,49.03924],[39.67469,49.03923],[39.67487,49.03922],[39.67497,49.0392],[39.67509,49.03921],[39.67521,49.03923],[39.6754,49.03923],[39.67555,49.03926],[39.67565,49.0393],[39.6757,49.03934],[39.67583,49.03938],[39.67797,49.03635],[39.68153,49.03789],[39.68471,49.03579],[39.68471,49.03567],[39.68471,49.0356],[39.68474,49.03552],[39.68481,49.03538],[39.68482,49.03531],[39.68486,49.03522],[39.68496,49.03507],[39.68503,49.0349],[39.68514,49.03457],[39.6851,49.03438],[39.68511,49.03432],[39.68513,49.03425],[39.6851,49.0341],[39.68509,49.03404],[39.68503,49.03396],[39.68494,49.0339],[39.68484,49.03386],[39.68466,49.03382],[39.68452,49.03378],[39.68428,49.0337],[39.68409,49.03367],[39.68377,49.03361],[39.68351,49.03355],[39.68346,49.03354],[39.68339,49.03354],[39.68332,49.03354],[39.6832,49.03354],[39.68302,49.03357],[39.68284,49.03359],[39.6827,49.03361],[39.68251,49.03365],[39.6824,49.03368],[39.68222,49.03367],[39.6821,49.03366],[39.68199,49.03366],[39.68174,49.03362],[39.6813,49.03357],[39.68105,49.03352],[39.68091,49.03349],[39.68079,49.03344],[39.68072,49.03339],[39.68065,49.03332],[39.68061,49.03326],[39.6806,49.03319],[39.68059,49.03312],[39.6806,49.03309],[39.68063,49.03303],[39.68067,49.03298],[39.68074,49.03294],[39.68077,49.03291],[39.68078,49.03286],[39.68083,49.0328],[39.6809,49.03273],[39.68094,49.03271],[39.68106,49.03265],[39.68124,49.03255],[39.68138,49.03249],[39.68147,49.0325],[39.6815,49.03249],[39.68154,49.03246],[39.68154,49.03241],[39.68158,49.03233],[39.68162,49.03226],[39.68167,49.03221],[39.68175,49.03217],[39.68178,49.03213],[39.68181,49.03208],[39.68186,49.03204],[39.68193,49.03199],[39.68206,49.03192],[39.68222,49.03183],[39.68236,49.03175],[39.68246,49.0317],[39.68252,49.03166],[39.68256,49.03158],[39.68265,49.03152],[39.68275,49.03144],[39.6828,49.03132],[39.68284,49.03126],[39.68289,49.03116],[39.68292,49.03104],[39.68295,49.03092],[39.68297,49.03088],[39.68298,49.03078],[39.68297,49.03059],[39.68294,49.0305],[39.68294,49.03041],[39.68294,49.03029],[39.6829,49.03021],[39.68286,49.0301],[39.68281,49.03002],[39.68274,49.02994],[39.6827,49.0299],[39.68262,49.0298],[39.68254,49.02973],[39.68236,49.02959],[39.68219,49.02951],[39.68208,49.02946],[39.68195,49.02939],[39.68175,49.02929],[39.68141,49.02906],[39.68118,49.02891],[39.68092,49.02875],[39.6807,49.02867],[39.68054,49.02862],[39.68039,49.02859],[39.6802,49.02856],[39.67987,49.02851],[39.67967,49.02847],[39.67955,49.02846],[39.67934,49.02841],[39.6792,49.02836],[39.67902,49.02828],[39.67882,49.02819],[39.6786,49.02804],[39.67851,49.02798],[39.67843,49.02794],[39.67834,49.0279],[39.67825,49.02787],[39.67813,49.02783],[39.67792,49.02776],[39.67773,49.0277],[39.67761,49.02765],[39.6775,49.02757],[39.67742,49.0275],[39.67734,49.0274],[39.67723,49.02728],[39.67715,49.02715],[39.67708,49.02706],[39.677,49.02697],[39.67694,49.02687],[39.67688,49.02677],[39.67685,49.02667],[39.67682,49.02658],[39.67679,49.02651],[39.6768,49.02643],[39.67684,49.02637],[39.67683,49.02628],[39.6768,49.02619],[39.67681,49.02609],[39.6768,49.026],[39.67678,49.02593],[39.67678,49.0259],[39.6768,49.02587],[39.67683,49.02583],[39.67681,49.0258],[39.67681,49.02574],[39.67683,49.02569],[39.67686,49.02561],[39.67683,49.02555],[39.67679,49.02549],[39.6768,49.02541],[39.67679,49.02534],[39.6768,49.02524],[39.6768,49.02514],[39.67678,49.02504],[39.67677,49.02493],[39.67679,49.02484],[39.67682,49.02477],[39.67685,49.0247],[39.6769,49.02466],[39.67694,49.02457],[39.677,49.02442],[39.67706,49.02435],[39.67712,49.02423],[39.67712,49.02417],[39.67714,49.02412],[39.67717,49.024],[39.67721,49.02391],[39.6772,49.02384],[39.67722,49.02378],[39.67722,49.02372],[39.67725,49.02365],[39.67727,49.02356],[39.6773,49.0235],[39.67729,49.02345],[39.67723,49.0234],[39.67718,49.02334],[39.67713,49.02326],[39.67709,49.02322],[39.6771,49.02318],[39.67707,49.02312],[39.67706,49.02306],[39.67704,49.02298],[39.67706,49.02292],[39.67704,49.02286],[39.67701,49.0228],[39.67697,49.02275],[39.67695,49.02266],[39.67694,49.02257],[39.67696,49.02251],[39.67694,49.02247],[39.67695,49.02243],[39.67697,49.02239],[39.67696,49.02237],[39.67697,49.02233],[39.677,49.02231],[39.67704,49.02228],[39.67703,49.02221],[39.67703,49.02214],[39.677,49.02208],[39.67696,49.02203],[39.67694,49.02198],[39.67692,49.02196],[39.67689,49.02193],[39.67687,49.02187],[39.67688,49.02182],[39.67685,49.02178],[39.6768,49.02174],[39.67678,49.02167],[39.67675,49.0216],[39.67672,49.0215],[39.67665,49.0214],[39.67661,49.02133],[39.67653,49.02123],[39.6763,49.02104],[39.67616,49.02094],[39.67608,49.02084],[39.67595,49.02071],[39.67584,49.02059],[39.67574,49.02051],[39.67539,49.02025],[39.67523,49.02014],[39.67491,49.01997],[39.67461,49.01978],[39.67446,49.01968],[39.67427,49.01951],[39.67409,49.01936],[39.67399,49.01922],[39.67395,49.01914],[39.67391,49.01904],[39.67387,49.01889],[39.67385,49.01881],[39.67384,49.01871],[39.67377,49.01855],[39.67374,49.01843],[39.67365,49.01813],[39.67359,49.01801],[39.67345,49.01777],[39.67327,49.01754],[39.67319,49.01743],[39.67318,49.01737],[39.67313,49.01732],[39.67306,49.01722],[39.67296,49.01705],[39.67291,49.01695],[39.67286,49.01682],[39.67284,49.0167],[39.67286,49.01662],[39.67289,49.01654],[39.67289,49.01643],[39.67294,49.01633],[39.67301,49.01619],[39.6731,49.016],[39.67322,49.01575],[39.67336,49.01537],[39.6734,49.01524],[39.67354,49.01498],[39.67363,49.01479],[39.67369,49.01472],[39.67375,49.01462],[39.67378,49.01456],[39.67385,49.01454],[39.67392,49.01452],[39.67397,49.01448],[39.67405,49.01444],[39.67411,49.01439],[39.67419,49.01431],[39.67427,49.01422],[39.67441,49.01414],[39.67455,49.0141],[39.67464,49.01408],[39.67476,49.01403],[39.67487,49.01399],[39.67494,49.01395],[39.67496,49.01391],[39.67507,49.01386],[39.6752,49.01384],[39.67529,49.01387],[39.67536,49.01386],[39.67544,49.01383],[39.6755,49.0138],[39.67563,49.01377],[39.6758,49.01373],[39.67597,49.01369],[39.67608,49.01369],[39.67621,49.01369],[39.67636,49.01367],[39.67664,49.01367],[39.67683,49.01366],[39.67711,49.01363],[39.67728,49.01361],[39.67747,49.01355],[39.67769,49.01352],[39.67786,49.0135],[39.67845,49.01337],[39.67551,49.01002],[39.67551,49.00994],[39.67552,49.00976],[39.67551,49.00965],[39.67536,49.00933],[39.67514,49.00901],[39.67505,49.00887],[39.67495,49.00876],[39.67467,49.0085],[39.6745,49.00828],[39.6744,49.00816],[39.67432,49.008],[39.67418,49.00779],[39.67392,49.00737],[39.6736,49.00696],[39.67333,49.00658],[39.67303,49.00621],[39.67282,49.006],[39.67272,49.00588],[39.67263,49.00574],[39.67245,49.00538],[39.6723,49.00517],[39.67209,49.00495],[39.67189,49.00472],[39.67162,49.0044],[39.67138,49.00406],[39.67121,49.00377],[39.67108,49.00358],[39.67086,49.0034],[39.6706,49.00324],[39.67039,49.00311],[39.66986,49.00293],[39.66841,49.00241],[39.66738,49.00207],[39.66634,49.00176],[39.66581,49.0016],[39.66558,49.00156],[39.66541,49.00153],[39.6653,49.0015],[39.66518,49.00143],[39.66504,49.00133],[39.66485,49.00124],[39.66462,49.00119],[39.66436,49.00116],[39.66415,49.00112],[39.66403,49.00107],[39.66399,49.00101],[39.66395,49.00093],[39.66395,49.0009],[39.66396,49.00082],[39.66403,49.00067],[39.6643,49.00041],[39.66494,48.99992],[39.66545,48.99948],[39.66609,48.99892],[39.66619,48.99886],[39.66644,48.99862],[39.66684,48.99828],[39.66707,48.99815],[39.66734,48.998],[39.66746,48.99787],[39.66761,48.99766],[39.66773,48.99751],[39.66791,48.99738],[39.66804,48.9974],[39.66824,48.99747],[39.66838,48.9975],[39.66856,48.99751],[39.66874,48.99749],[39.66884,48.99746],[39.66887,48.9974],[39.66884,48.99734],[39.66877,48.99725],[39.66865,48.99714],[39.66851,48.99705],[39.6684,48.99697],[39.66854,48.99685],[39.66881,48.9966],[39.66935,48.99608],[39.66993,48.99553],[39.67036,48.99516],[39.67056,48.99501],[39.67082,48.9948],[39.67109,48.99456],[39.67136,48.99431],[39.67159,48.99415],[39.67186,48.99385],[39.67228,48.9934],[39.67266,48.99303],[39.67321,48.99256],[39.67369,48.99215],[39.67393,48.99196],[39.6742,48.99198],[39.67432,48.99198],[39.67455,48.99177],[39.67522,48.99121],[39.67554,48.99098],[39.67591,48.99023],[39.67602,48.99015],[39.67625,48.99007],[39.67662,48.98998],[39.67686,48.98994],[39.67709,48.98992],[39.67721,48.98993],[39.67727,48.98993],[39.67732,48.98985],[39.67742,48.98976],[39.67761,48.98973],[39.67772,48.98969],[39.6777,48.98961],[39.67775,48.98956],[39.67787,48.98954],[39.67796,48.98959],[39.67803,48.98963],[39.67815,48.98969],[39.67828,48.98967],[39.67835,48.98964],[39.6786,48.98978],[39.6788,48.98996],[39.6791,48.99032],[39.67928,48.99068],[39.67954,48.99091],[39.67989,48.99105],[39.68033,48.99128],[39.68058,48.99149],[39.68094,48.99177],[39.68133,48.99202],[39.68162,48.99206],[39.68198,48.99204],[39.68224,48.99205],[39.6825,48.99212],[39.68274,48.99231],[39.68307,48.99253],[39.68335,48.9928],[39.68371,48.99308],[39.68407,48.99335],[39.68464,48.99364],[39.68529,48.99394],[39.68572,48.99412],[39.68604,48.99423],[39.68635,48.99431],[39.68655,48.9944],[39.687,48.99465],[39.68717,48.99473],[39.68734,48.99477],[39.68757,48.99482],[39.68777,48.99483],[39.68809,48.99489],[39.68831,48.99505],[39.68851,48.99522],[39.68869,48.99543],[39.68902,48.99567],[39.68925,48.99575],[39.68948,48.99577],[39.68968,48.99579],[39.68988,48.9958],[39.69007,48.99582],[39.69016,48.9959],[39.69024,48.996],[39.69036,48.99611],[39.69062,48.99626],[39.69079,48.9963],[39.69093,48.99638],[39.69129,48.99661],[39.69138,48.99666],[39.69095,48.99737],[39.69338,48.99931],[39.69342,48.9993],[39.69446,48.99914],[39.69463,48.99912],[39.69491,48.99909],[39.69522,48.99908],[39.69563,48.99913],[39.69588,48.9992],[39.69607,48.99928],[39.69623,48.99938],[39.69643,48.99952],[39.69661,48.99972],[39.69671,49],[39.69683,49.00017],[39.69699,49.00028],[39.69733,49.00042],[39.69758,49.00051],[39.69782,49.00065],[39.69825,49.00082],[39.69856,49.00091],[39.69891,49.00093],[39.6992,49.00092],[39.69957,49.00084],[39.70022,49.00065],[39.70115,49.00032],[39.70218,48.99988],[39.70267,48.99972],[39.70311,48.9996],[39.70346,48.99949],[39.70389,48.99929],[39.7041,48.99914],[39.70419,48.99903],[39.70422,48.99895],[39.70418,48.99889],[39.70419,48.99883],[39.70419,48.99881],[39.70419,48.99879],[39.70418,48.99878],[39.70415,48.99876],[39.70414,48.99874],[39.70414,48.99872],[39.70414,48.9987],[39.70417,48.99866],[39.70424,48.99862],[39.70426,48.99859],[39.70427,48.99854],[39.70435,48.99847],[39.70447,48.99839],[39.70459,48.99832],[39.70473,48.99821],[39.70482,48.99813],[39.70493,48.99807],[39.70495,48.99807],[39.70502,48.99807],[39.70508,48.99807],[39.70515,48.99806],[39.70518,48.99802],[39.7052,48.99797],[39.70521,48.99795],[39.70525,48.9979],[39.70528,48.99787],[39.70536,48.99785],[39.70539,48.99782],[39.7054,48.99775],[39.70537,48.99769],[39.70536,48.99761],[39.70537,48.99758],[39.70542,48.99756],[39.70547,48.99755],[39.70555,48.99753],[39.70559,48.99751],[39.70564,48.99749],[39.70566,48.99747],[39.70568,48.9974],[39.70571,48.99735],[39.70574,48.99729],[39.70577,48.99724],[39.70574,48.99719],[39.70575,48.99714],[39.70577,48.99711],[39.70576,48.99708],[39.70576,48.99703],[39.70577,48.99699],[39.7058,48.99693],[39.7058,48.99686],[39.70584,48.99681],[39.70588,48.99675],[39.70592,48.99671],[39.70595,48.99666],[39.70601,48.99657],[39.70602,48.99655],[39.70613,48.99638],[39.70624,48.99624],[39.70634,48.99615],[39.70648,48.99604],[39.70681,48.99588],[39.70745,48.99562],[39.70784,48.9954],[39.70802,48.99526],[39.70821,48.99502],[39.70833,48.99468],[39.7084,48.99461],[39.70847,48.99452],[39.70849,48.99443],[39.70842,48.99429],[39.70833,48.99419],[39.70821,48.99409],[39.70808,48.99402],[39.70793,48.99396],[39.70785,48.99391],[39.70778,48.99382],[39.70759,48.99349],[39.70752,48.99335],[39.70751,48.99324],[39.70752,48.99308],[39.70759,48.9929],[39.70771,48.99272],[39.70782,48.99264],[39.70794,48.99258],[39.70811,48.99252],[39.70834,48.99247],[39.70858,48.99244],[39.7088,48.99247],[39.70892,48.99252],[39.70913,48.99256],[39.70939,48.99258],[39.70975,48.99256],[39.71005,48.99252],[39.71028,48.99246],[39.7105,48.99234],[39.71066,48.9922],[39.71082,48.99208],[39.71089,48.99205],[39.71093,48.99203],[39.71098,48.99205],[39.71104,48.99205],[39.71111,48.99206],[39.71128,48.99197],[39.71133,48.99193],[39.71136,48.99188],[39.71142,48.99185],[39.71147,48.9918],[39.71152,48.99178],[39.71161,48.99167],[39.7117,48.99153],[39.71175,48.99148],[39.71183,48.99145],[39.71188,48.9914],[39.71189,48.99133],[39.71191,48.99125],[39.71193,48.99116],[39.7119,48.99101],[39.71186,48.99098],[39.71183,48.99095],[39.71183,48.99088],[39.71189,48.99082],[39.71195,48.9907],[39.71208,48.99052],[39.71223,48.99036],[39.71235,48.99027],[39.71244,48.99022],[39.71259,48.99015],[39.71299,48.99005],[39.71326,48.99001],[39.71362,48.98996],[39.71421,48.98867],[39.71606,48.98699],[39.71638,48.98533],[39.71705,48.98431],[39.71678,48.98237],[39.72302,48.97936],[39.72586,48.97962],[39.72681,48.97861],[39.72652,48.97862],[39.72624,48.97866],[39.72578,48.97875],[39.72546,48.97878],[39.72525,48.97875],[39.725,48.97868],[39.72478,48.97859],[39.72466,48.97847],[39.72463,48.97836],[39.72463,48.97815],[39.72461,48.97796],[39.72467,48.97783],[39.72474,48.97775],[39.72502,48.97765],[39.72523,48.97756],[39.72546,48.97746],[39.72579,48.97728],[39.72591,48.97714],[39.726,48.97696],[39.72602,48.97649],[39.72592,48.97619],[39.72596,48.97607],[39.72601,48.97598],[39.7262,48.97585],[39.72648,48.97571],[39.72668,48.97564],[39.72689,48.97561],[39.72725,48.97562],[39.72745,48.97563],[39.72782,48.97566],[39.72816,48.97577],[39.72843,48.97579],[39.72869,48.97586],[39.72924,48.97609],[39.72971,48.97629],[39.72997,48.97643],[39.73016,48.97662],[39.73022,48.9767],[39.73025,48.97688],[39.73012,48.97728],[39.73003,48.97742],[39.72988,48.97775],[39.7299,48.97801],[39.72997,48.97815],[39.73006,48.97822],[39.73029,48.97834],[39.73093,48.97857],[39.73124,48.97867],[39.73197,48.97892],[39.73235,48.97915],[39.73267,48.97932],[39.73282,48.97946],[39.73307,48.97981],[39.73314,48.98022],[39.73324,48.98041],[39.73343,48.9806],[39.73366,48.98085],[39.73397,48.98107],[39.7343,48.98132],[39.73506,48.98199],[39.73545,48.98233],[39.73608,48.98258],[39.7364,48.98269],[39.73734,48.98301],[39.73827,48.98327],[39.73867,48.98335],[39.73884,48.98347],[39.73902,48.98359],[39.73946,48.98385],[39.74011,48.98414],[39.74086,48.98461],[39.74129,48.98479],[39.74206,48.9851],[39.74261,48.98525],[39.74304,48.98535],[39.74372,48.98553],[39.7442,48.98577],[39.74438,48.98589],[39.74462,48.98614],[39.7448,48.98627],[39.74511,48.98653],[39.74534,48.98671],[39.7458,48.98697],[39.74646,48.98718],[39.74685,48.98727],[39.74714,48.98731],[39.74754,48.98733],[39.74803,48.98732],[39.74887,48.98725],[39.74954,48.98716],[39.75066,48.98699],[39.75114,48.98689],[39.75141,48.98681],[39.75175,48.98667],[39.75219,48.98643],[39.75253,48.98617],[39.75288,48.98587],[39.75308,48.98568],[39.75315,48.98556],[39.75319,48.98541],[39.75318,48.9853],[39.75318,48.98512],[39.75312,48.98493],[39.75308,48.98484],[39.75302,48.98475],[39.75289,48.98461],[39.7527,48.98442],[39.75251,48.98429],[39.75234,48.98421],[39.75211,48.98418],[39.75192,48.98418],[39.75175,48.98417],[39.75152,48.98412],[39.75062,48.98372],[39.75005,48.98342],[39.74954,48.9831],[39.74926,48.98286],[39.74899,48.98258],[39.74882,48.98236],[39.74865,48.98205],[39.74853,48.98169],[39.7485,48.98139],[39.74845,48.98072],[39.74847,48.98009],[39.7485,48.97948],[39.74859,48.97881],[39.74863,48.9787],[39.74871,48.97857],[39.74887,48.97836],[39.74903,48.97815],[39.74933,48.97792],[39.74983,48.97768],[39.75064,48.97732],[39.75109,48.97705],[39.75164,48.9766],[39.75215,48.9762],[39.75249,48.97604],[39.75281,48.97594],[39.75329,48.97585],[39.75382,48.9758],[39.75433,48.97577],[39.75499,48.97578],[39.75553,48.97581],[39.75604,48.97586],[39.75717,48.976],[39.75746,48.976],[39.75783,48.97595],[39.75808,48.97586],[39.75827,48.97578],[39.75842,48.97566],[39.75856,48.97552],[39.75864,48.9753],[39.75867,48.97507],[39.75868,48.9747],[39.75864,48.9745],[39.75849,48.97429],[39.75835,48.97412],[39.75823,48.974],[39.75814,48.97387],[39.75811,48.97365],[39.75815,48.97342],[39.75827,48.97306],[39.75837,48.97292],[39.75858,48.97276],[39.75879,48.97266],[39.75904,48.9726],[39.75937,48.9725],[39.75972,48.97237],[39.75999,48.97226],[39.76019,48.97211],[39.76029,48.97196],[39.76035,48.97184],[39.76039,48.9717],[39.76034,48.97147],[39.76024,48.97129],[39.76017,48.97116],[39.75997,48.97097],[39.75963,48.97074],[39.75936,48.9706],[39.7591,48.9705],[39.75874,48.97041],[39.75831,48.97035],[39.75763,48.9703],[39.75731,48.9703],[39.75713,48.9703],[39.75689,48.97025],[39.75678,48.97018],[39.75672,48.97008],[39.75672,48.96994],[39.75675,48.96978],[39.75682,48.96957],[39.75688,48.96925],[39.75688,48.96896],[39.75686,48.9686],[39.75685,48.96821],[39.7569,48.96793],[39.75697,48.96769],[39.7571,48.96751],[39.75729,48.96732],[39.7575,48.96718],[39.75776,48.96705],[39.75792,48.967],[39.75819,48.96696],[39.75845,48.96696],[39.75872,48.96696],[39.75893,48.96701],[39.75905,48.96705],[39.75924,48.96714],[39.75943,48.96726],[39.75962,48.96741],[39.75991,48.96772],[39.76017,48.96795],[39.76045,48.9681],[39.76078,48.96824],[39.76121,48.96833],[39.76157,48.96837],[39.76205,48.96838],[39.76262,48.96836],[39.76294,48.96828],[39.7631,48.96823],[39.76337,48.96811],[39.7636,48.96798],[39.76379,48.9678],[39.76384,48.96772],[39.76394,48.96756],[39.76401,48.96733],[39.76405,48.96717],[39.76404,48.96697],[39.764,48.96674],[39.76392,48.96653],[39.76376,48.96631],[39.76368,48.96624],[39.7635,48.96613],[39.76316,48.96594],[39.76257,48.9655],[39.76233,48.96535],[39.76223,48.96528],[39.76214,48.96518],[39.76202,48.96512],[39.76194,48.96508],[39.76182,48.96506],[39.76164,48.96507],[39.76152,48.96503],[39.7614,48.96494],[39.76125,48.96485],[39.7611,48.96481],[39.76097,48.9648],[39.76088,48.9648],[39.76075,48.96475],[39.76064,48.96463],[39.76052,48.96444],[39.76046,48.96432],[39.76041,48.96419],[39.76041,48.96406],[39.76045,48.96393],[39.76056,48.96378],[39.76068,48.96366],[39.76083,48.96355],[39.76103,48.96346],[39.76144,48.96334],[39.76178,48.96331],[39.76208,48.96329],[39.76226,48.96327],[39.76249,48.96319],[39.76271,48.96307],[39.76289,48.96289],[39.76302,48.96276],[39.76307,48.96264],[39.76305,48.9625],[39.76299,48.96239],[39.76288,48.96222],[39.76269,48.96204],[39.76263,48.96185],[39.76264,48.9617],[39.76266,48.96152],[39.7627,48.96141],[39.76278,48.96132],[39.76293,48.96124],[39.76305,48.96119],[39.76321,48.96114],[39.76349,48.96113],[39.76388,48.96111],[39.76499,48.96115],[39.76536,48.96114],[39.76568,48.96109],[39.76596,48.96101],[39.76603,48.96099],[39.76617,48.96098],[39.76632,48.96091],[39.76642,48.96083],[39.76647,48.96075],[39.76659,48.96051],[39.76666,48.96032],[39.76669,48.96015],[39.76669,48.95996],[39.76665,48.95988],[39.76656,48.9598],[39.76653,48.95965],[39.76644,48.95952],[39.76635,48.95943],[39.76631,48.95938],[39.76636,48.95932],[39.76639,48.95928],[39.76636,48.95924],[39.76631,48.95919],[39.76626,48.95917],[39.76623,48.95916],[39.76602,48.95913],[39.76589,48.95911],[39.76583,48.95896],[39.76583,48.95884],[39.76553,48.95879],[39.76529,48.9587],[39.76508,48.95864],[39.76485,48.95855],[39.76466,48.9585],[39.76448,48.95841],[39.76436,48.95831],[39.7643,48.95822],[39.76429,48.95811],[39.76432,48.95801],[39.76446,48.95793],[39.76462,48.95786],[39.76488,48.95775],[39.76509,48.95764],[39.76533,48.95747],[39.76545,48.95742],[39.76559,48.95739],[39.76569,48.95729],[39.76574,48.95716],[39.76611,48.95687],[39.7667,48.9565],[39.76715,48.95621],[39.76765,48.95604],[39.76778,48.95597],[39.76781,48.95589],[39.7678,48.95582],[39.76781,48.95575],[39.76798,48.95568],[39.76806,48.95562],[39.76808,48.95558],[39.76819,48.95552],[39.76831,48.95545],[39.76848,48.95537],[39.76868,48.95527],[39.76876,48.95523],[39.76887,48.95516],[39.769,48.95507],[39.76924,48.9549],[39.76924,48.95485],[39.76923,48.95481],[39.76934,48.95477],[39.76938,48.95473],[39.76943,48.95468],[39.76945,48.95461],[39.76954,48.9546],[39.76955,48.95456],[39.76952,48.95452],[39.76953,48.95449],[39.76958,48.95443],[39.7696,48.95435],[39.76969,48.95428],[39.7697,48.95419],[39.76973,48.95412],[39.76975,48.95407],[39.76977,48.95401],[39.76977,48.95391],[39.76979,48.95378],[39.76977,48.95369],[39.76978,48.95361],[39.7698,48.95354],[39.76981,48.95349],[39.76982,48.95339],[39.7698,48.95332],[39.76982,48.95327],[39.76991,48.95316],[39.77002,48.95304],[39.77016,48.95294],[39.7704,48.95279],[39.77069,48.95266],[39.77089,48.9526],[39.7711,48.95253],[39.77131,48.95251],[39.77145,48.95252],[39.77159,48.95254],[39.77173,48.95259],[39.77188,48.95267],[39.77199,48.95278],[39.77214,48.95289],[39.7724,48.95302],[39.77269,48.95306],[39.77295,48.9531],[39.77335,48.95317],[39.77362,48.95323],[39.77376,48.95326],[39.77389,48.95326],[39.77398,48.95326],[39.77402,48.95324],[39.77407,48.95321],[39.77417,48.95312],[39.77424,48.953],[39.77428,48.95293],[39.77441,48.95287],[39.77471,48.95276],[39.77485,48.95271],[39.77508,48.95262],[39.77533,48.95257],[39.77548,48.95254],[39.7757,48.95255],[39.77598,48.95258],[39.77634,48.95264],[39.77655,48.95271],[39.77675,48.95272],[39.77693,48.95273],[39.77704,48.95272],[39.77714,48.95269],[39.77726,48.95264],[39.77803,48.9516],[39.77663,48.95007],[39.77653,48.95006],[39.77645,48.95003],[39.77629,48.94997],[39.77609,48.94991],[39.77591,48.94988],[39.77573,48.94986],[39.77541,48.94981],[39.77498,48.94976],[39.77471,48.94972],[39.7747,48.94972],[39.77377,48.94958],[39.77349,48.94666],[39.7731,48.94649],[39.77274,48.94635],[39.77254,48.94623],[39.77242,48.94617],[39.77237,48.94614],[39.77235,48.94611],[39.77236,48.94609],[39.77237,48.94606],[39.77236,48.94601],[39.77236,48.94597],[39.77236,48.94592],[39.77233,48.94588],[39.7723,48.94584],[39.77228,48.94582],[39.77226,48.94578],[39.77228,48.94573],[39.77226,48.94568],[39.77225,48.94561],[39.77225,48.9455],[39.77224,48.9454],[39.77222,48.94531],[39.77225,48.94526],[39.77225,48.94519],[39.77225,48.94514],[39.77224,48.94508],[39.7722,48.94501],[39.77222,48.94497],[39.77226,48.94493],[39.77226,48.94489],[39.77227,48.94485],[39.77232,48.94485],[39.77236,48.94486],[39.77243,48.94481],[39.77243,48.94478],[39.77248,48.94474],[39.7725,48.94471],[39.7725,48.94468],[39.77248,48.94464],[39.77247,48.94462],[39.77247,48.94459],[39.7725,48.94457],[39.77251,48.94454],[39.77252,48.94451],[39.77253,48.94449],[39.77253,48.94446],[39.77254,48.94444],[39.77258,48.94441],[39.77261,48.94439],[39.77263,48.94436],[39.77262,48.94429],[39.7726,48.94425],[39.77259,48.94422],[39.77255,48.94419],[39.7725,48.94412],[39.77246,48.94409],[39.77241,48.94405],[39.77235,48.944],[39.77226,48.94393],[39.7722,48.94388],[39.77216,48.94381],[39.77211,48.94376],[39.77205,48.94368],[39.77201,48.94359],[39.77197,48.94353],[39.77196,48.94346],[39.77195,48.94339],[39.77195,48.94329],[39.77196,48.9432],[39.772,48.94313],[39.77202,48.94307],[39.77206,48.94296],[39.77211,48.9429],[39.77212,48.94285],[39.77217,48.94283],[39.77221,48.9428],[39.77226,48.94274],[39.77229,48.9427],[39.77232,48.94264],[39.77236,48.94254],[39.77238,48.94243],[39.77242,48.94231],[39.77243,48.9422],[39.77244,48.94216],[39.77246,48.94212],[39.77247,48.94206],[39.77249,48.94201],[39.77257,48.94197],[39.77263,48.94192],[39.77268,48.94186],[39.77275,48.94181],[39.7728,48.94175],[39.77286,48.94167],[39.77291,48.94158],[39.77293,48.94155],[39.77293,48.9415],[39.77292,48.94145],[39.77293,48.94138],[39.77295,48.94132],[39.77295,48.94126],[39.77297,48.94116],[39.77297,48.94102],[39.77298,48.9409],[39.77298,48.94081],[39.77298,48.94074],[39.773,48.94072],[39.77306,48.94066],[39.77309,48.94063],[39.7731,48.94059],[39.77309,48.94055],[39.77308,48.94049],[39.77311,48.94044],[39.77323,48.94034],[39.77345,48.94031],[39.77361,48.94031],[39.77379,48.9403],[39.77403,48.94035],[39.77429,48.94039],[39.77447,48.9404],[39.77465,48.9404],[39.77489,48.94045],[39.77496,48.94043],[39.77511,48.94039],[39.7752,48.94035],[39.77545,48.94022],[39.77556,48.94016],[39.77564,48.94005],[39.77566,48.93992],[39.77561,48.93975],[39.77559,48.93957],[39.7756,48.93943],[39.77566,48.93927],[39.77578,48.93918],[39.77597,48.93908],[39.77614,48.93902],[39.77633,48.93892],[39.77645,48.93878],[39.77651,48.93868],[39.77661,48.93858],[39.77674,48.93849],[39.77695,48.93841],[39.77715,48.93835],[39.77734,48.93834],[39.77749,48.93837],[39.77759,48.93841],[39.77773,48.93843],[39.77788,48.93843],[39.77795,48.9384],[39.7781,48.93833],[39.77826,48.93831],[39.77851,48.93833],[39.7787,48.93832],[39.77885,48.93833],[39.77894,48.93832],[39.77901,48.93826],[39.77906,48.93819],[39.77909,48.93807],[39.77913,48.93798],[39.77914,48.93791],[39.77915,48.93782],[39.77921,48.93773],[39.7794,48.9376],[39.77962,48.93741],[39.77983,48.93725],[39.77997,48.93715],[39.78007,48.93711],[39.78021,48.93705],[39.78043,48.93689],[39.78064,48.93665],[39.78096,48.93641],[39.78114,48.93625],[39.78121,48.93617],[39.78131,48.93605],[39.78134,48.93592],[39.78137,48.93589],[39.78146,48.93581],[39.78159,48.93569],[39.78164,48.93564],[39.78169,48.93554],[39.78168,48.93548],[39.78165,48.93544],[39.78158,48.93538],[39.78152,48.93528],[39.78136,48.93519],[39.78129,48.93523],[39.78121,48.93521],[39.78121,48.93521],[39.78114,48.93514],[39.78107,48.9351],[39.78101,48.93511],[39.78091,48.93512],[39.78086,48.93511],[39.7808,48.93507],[39.78078,48.93501],[39.78078,48.93496],[39.78078,48.93489],[39.78075,48.9348],[39.78073,48.93468],[39.7806,48.93455],[39.78053,48.93453],[39.78041,48.93452],[39.78034,48.93452],[39.7803,48.93449],[39.78028,48.93443],[39.78029,48.93435],[39.78034,48.9343],[39.78038,48.93421],[39.78035,48.93417],[39.78027,48.93409],[39.78021,48.93405],[39.78014,48.934],[39.77998,48.93384],[39.77995,48.93379],[39.77991,48.93371],[39.77988,48.9336],[39.77982,48.93348],[39.77973,48.93337],[39.77967,48.93331],[39.77964,48.93324],[39.77964,48.93317],[39.77972,48.9331],[39.77975,48.93306],[39.77973,48.93289],[39.77972,48.93288],[39.77968,48.93281],[39.77962,48.93278],[39.77953,48.93273],[39.77947,48.93272],[39.77938,48.9327],[39.77934,48.93267],[39.77934,48.93264],[39.77936,48.93261],[39.77938,48.93257],[39.77936,48.93252],[39.77934,48.9325],[39.77928,48.93247],[39.77918,48.93246],[39.77912,48.93241],[39.7791,48.93236],[39.77905,48.9323],[39.77898,48.93226],[39.77888,48.93222],[39.77878,48.93217],[39.77872,48.93211],[39.77868,48.93203],[39.77861,48.93198],[39.77858,48.93194],[39.77859,48.93187],[39.77858,48.93181],[39.77855,48.93175],[39.77853,48.93169],[39.77853,48.93163],[39.77856,48.93156],[39.77858,48.9315],[39.7786,48.93147],[39.77863,48.93142],[39.77866,48.93136],[39.77865,48.93133],[39.77861,48.9313],[39.77856,48.93126],[39.77855,48.93121],[39.77854,48.93113],[39.77856,48.9311],[39.77859,48.93103],[39.77852,48.93093],[39.77849,48.93086],[39.77853,48.93073],[39.77858,48.93064],[39.77856,48.93056],[39.77857,48.93047],[39.7786,48.93028],[39.77859,48.93025],[39.77857,48.9302],[39.77858,48.93015],[39.77862,48.9301],[39.77866,48.93006],[39.77868,48.93001],[39.77873,48.92981],[39.7789,48.92962],[39.7789,48.92944],[39.77885,48.92935],[39.77877,48.92926],[39.77878,48.92919],[39.77882,48.92912],[39.77891,48.929],[39.77901,48.92888],[39.77902,48.92877],[39.77905,48.92869],[39.77914,48.92861],[39.77916,48.92848],[39.77922,48.92835],[39.77928,48.92828],[39.77928,48.9282],[39.77931,48.92813],[39.77936,48.92809],[39.77936,48.92804],[39.77935,48.92797],[39.77934,48.92789],[39.77939,48.92783],[39.77942,48.92778],[39.77942,48.92774],[39.77939,48.92767],[39.77943,48.92756],[39.77939,48.92745],[39.7794,48.92729],[39.77933,48.92723],[39.77923,48.92705],[39.77916,48.92687],[39.77899,48.92673],[39.77892,48.92667],[39.77892,48.92658],[39.77886,48.92651],[39.77868,48.92649],[39.77861,48.92647],[39.77855,48.92643],[39.77853,48.92639],[39.77856,48.92633],[39.7786,48.92627],[39.77855,48.92619],[39.77851,48.92609],[39.7784,48.92604],[39.77821,48.92603],[39.77811,48.92601],[39.778,48.92595],[39.77793,48.92585],[39.77788,48.92584],[39.77778,48.92584],[39.77769,48.92588],[39.7776,48.92589],[39.77737,48.92584],[39.77701,48.92578],[39.77648,48.92562],[39.77592,48.92541],[39.77561,48.92529],[39.77546,48.92521],[39.77533,48.92508],[39.77523,48.92503],[39.77508,48.92502],[39.77493,48.92504],[39.77484,48.92502],[39.77478,48.92502],[39.77476,48.92504],[39.77473,48.92507],[39.77468,48.92507],[39.77462,48.92502],[39.77452,48.92496],[39.77441,48.92485],[39.77436,48.92481],[39.7743,48.92474],[39.77421,48.92473],[39.77412,48.92473],[39.77396,48.92465],[39.77378,48.9245],[39.77394,48.92446],[39.77404,48.92445],[39.7741,48.92445],[39.7742,48.92442],[39.7743,48.92437],[39.77442,48.92432],[39.77446,48.92427],[39.7745,48.92419],[39.77452,48.92405],[39.77451,48.92399],[39.77453,48.92396],[39.77455,48.92391],[39.77455,48.92386],[39.77454,48.92383],[39.77456,48.9238],[39.77456,48.92377],[39.77455,48.92375],[39.77455,48.92372],[39.77459,48.92367],[39.77461,48.92358],[39.77466,48.92341],[39.77468,48.92325],[39.77471,48.9232],[39.77477,48.92315],[39.77484,48.92305],[39.77487,48.92299],[39.77488,48.92296],[39.77491,48.92294],[39.77494,48.9229],[39.77504,48.92279],[39.77511,48.92272],[39.77515,48.92271],[39.77517,48.92271],[39.7752,48.9227],[39.77521,48.92268],[39.77521,48.92265],[39.77523,48.92262],[39.77524,48.9226],[39.77528,48.92257],[39.7753,48.92255],[39.77532,48.92252],[39.77534,48.92246],[39.77537,48.9224],[39.77538,48.92234],[39.77536,48.92227],[39.77535,48.92221],[39.77535,48.92217],[39.77539,48.92211],[39.77543,48.92207],[39.77552,48.922],[39.77562,48.92196],[39.77574,48.92192],[39.77584,48.92188],[39.77587,48.92186],[39.77587,48.9218],[39.77584,48.92172],[39.77583,48.92165],[39.77584,48.92154],[39.77588,48.92151],[39.77593,48.92143],[39.77596,48.92138],[39.77601,48.92134],[39.77604,48.92128],[39.77608,48.92122],[39.77621,48.92112],[39.77627,48.92106],[39.77631,48.92101],[39.77635,48.92091],[39.77641,48.92085],[39.77648,48.9208],[39.77655,48.92077],[39.77663,48.92074],[39.77678,48.92068],[39.77694,48.92059],[39.77705,48.92057],[39.77733,48.92048],[39.77746,48.92045],[39.77754,48.9204],[39.77762,48.92032],[39.77766,48.92024],[39.77767,48.92018],[39.77768,48.92013],[39.77773,48.92008],[39.77778,48.92005],[39.77784,48.92001],[39.77793,48.91996],[39.77799,48.91992],[39.77804,48.91987],[39.77806,48.91984],[39.77809,48.9198],[39.77817,48.91972],[39.77822,48.91966],[39.77823,48.9196],[39.77825,48.91952],[39.77826,48.91945],[39.77829,48.91939],[39.77835,48.91937],[39.77842,48.91934],[39.77851,48.91934],[39.7786,48.91931],[39.77868,48.91928],[39.77879,48.91921],[39.77895,48.91909],[39.77907,48.91899],[39.7792,48.91892],[39.77932,48.91887],[39.77944,48.91883],[39.77953,48.91881],[39.77962,48.91875],[39.77976,48.91863],[39.77991,48.91845],[39.78004,48.91836],[39.7802,48.91826],[39.7803,48.91818],[39.78052,48.91801],[39.78075,48.91788],[39.78079,48.91783],[39.78091,48.91775],[39.78105,48.91764],[39.78115,48.91758],[39.78125,48.9175],[39.78133,48.91741],[39.78143,48.91722],[39.78153,48.91709],[39.78155,48.91701],[39.78157,48.91693],[39.78163,48.91679],[39.7817,48.91662],[39.78172,48.9165],[39.78173,48.91635],[39.78173,48.91624],[39.78175,48.91611],[39.78183,48.91599],[39.78193,48.91584],[39.78205,48.9157],[39.78215,48.91562],[39.78233,48.91549],[39.78258,48.91534],[39.78276,48.91527],[39.783,48.91519],[39.78322,48.91515],[39.7836,48.91508],[39.78405,48.91501],[39.78433,48.91499],[39.78471,48.91499],[39.78493,48.91499],[39.78519,48.91496],[39.78547,48.91492],[39.78565,48.9149],[39.78579,48.91491],[39.78594,48.91493],[39.78608,48.91493],[39.7862,48.91489],[39.78638,48.91488],[39.78659,48.91488],[39.78675,48.91488],[39.78692,48.91488],[39.78712,48.91484],[39.78726,48.91481],[39.78748,48.91476],[39.78772,48.91473],[39.78787,48.91471],[39.78802,48.91469],[39.7882,48.91468],[39.78833,48.91468],[39.78862,48.9147],[39.78885,48.91471],[39.7892,48.91474],[39.78946,48.91477],[39.78973,48.91481],[39.79003,48.91485],[39.79022,48.9149],[39.79045,48.91494],[39.79079,48.91499],[39.79104,48.91504],[39.79115,48.91511],[39.79126,48.91515],[39.7915,48.91519],[39.79184,48.91523],[39.79205,48.91523],[39.79219,48.91522],[39.79246,48.91517],[39.79266,48.91512],[39.79285,48.91505],[39.79315,48.91493],[39.79331,48.91487],[39.79343,48.91479],[39.79352,48.91472],[39.79358,48.91465],[39.79372,48.91444],[39.79383,48.91428],[39.79386,48.91421],[39.79391,48.91408],[39.79397,48.91391],[39.79398,48.91377],[39.79392,48.91362],[39.79384,48.91348],[39.79376,48.91327],[39.7937,48.91317],[39.79361,48.91308],[39.79349,48.9129],[39.79345,48.91281],[39.79341,48.91272],[39.79336,48.91265],[39.79328,48.91253],[39.79314,48.91242],[39.79306,48.91224],[39.79304,48.91216],[39.79302,48.91207],[39.79302,48.91189],[39.79305,48.91173],[39.79316,48.91152],[39.79324,48.91141],[39.79337,48.91127],[39.79347,48.91122],[39.79354,48.91116],[39.79361,48.91109],[39.79369,48.91104],[39.79375,48.911],[39.79386,48.91097],[39.79392,48.91093],[39.79401,48.91091],[39.79414,48.91086],[39.79421,48.91083],[39.79437,48.91081],[39.79489,48.9107],[39.79504,48.91068],[39.79511,48.91066],[39.79523,48.91062],[39.79533,48.91061],[39.79545,48.91062],[39.79556,48.91062],[39.79572,48.9106],[39.79586,48.9106],[39.79595,48.91059],[39.79605,48.91061],[39.79618,48.91062],[39.79631,48.91065],[39.79644,48.91065],[39.79664,48.91069],[39.79687,48.91075],[39.79701,48.91079],[39.79715,48.91083],[39.7973,48.91091],[39.79744,48.91098],[39.79759,48.91111],[39.79773,48.91129],[39.79781,48.91142],[39.79785,48.91154],[39.79795,48.91177],[39.79799,48.91189],[39.79799,48.912],[39.79798,48.91215],[39.79791,48.91229],[39.7978,48.91244],[39.79764,48.91259],[39.79758,48.91267],[39.79753,48.91279],[39.79751,48.91294],[39.79749,48.91306],[39.79748,48.91319],[39.79749,48.91336],[39.79751,48.91346],[39.79757,48.91356],[39.79768,48.91373],[39.79784,48.91389],[39.79808,48.91407],[39.79825,48.91416],[39.79846,48.91426],[39.79861,48.91431],[39.79886,48.91434],[39.79919,48.91437],[39.79965,48.9144],[39.80017,48.91443],[39.80032,48.91443],[39.80053,48.91443],[39.80079,48.91444],[39.80091,48.91446],[39.8012,48.91452],[39.80148,48.91458],[39.80188,48.91465],[39.8022,48.91467],[39.80246,48.91468],[39.80286,48.91471],[39.80318,48.91471],[39.80351,48.9147],[39.80384,48.91469],[39.80402,48.91468],[39.8043,48.91466],[39.80443,48.91465],[39.8047,48.91463],[39.80493,48.91463],[39.80512,48.91462],[39.80527,48.91457],[39.80545,48.9145],[39.80567,48.91439],[39.80599,48.91427],[39.80614,48.91419],[39.80633,48.91409],[39.80645,48.91404],[39.80661,48.91392],[39.80695,48.9138],[39.80723,48.9137],[39.80786,48.91335],[39.80809,48.91321],[39.80815,48.91318],[39.8082,48.91317],[39.80828,48.91315],[39.80832,48.91312],[39.80836,48.91308],[39.80838,48.91303],[39.80839,48.91296],[39.80837,48.9129],[39.80835,48.91285],[39.8083,48.91281],[39.80828,48.91276],[39.80829,48.91272],[39.80828,48.91267],[39.80833,48.91262],[39.80836,48.91256],[39.8084,48.91251],[39.80849,48.91247],[39.80858,48.91242],[39.80871,48.91233],[39.80879,48.91228],[39.80882,48.91224],[39.80884,48.91218],[39.80884,48.91209],[39.80884,48.91205],[39.80887,48.91202],[39.80893,48.91201],[39.80904,48.912],[39.80918,48.91199],[39.80926,48.91196],[39.80938,48.9119],[39.80953,48.91182],[39.80959,48.91176],[39.80969,48.9117],[39.8098,48.91163],[39.80986,48.91159],[39.81002,48.91152],[39.81016,48.91146],[39.81027,48.91143],[39.81036,48.91138],[39.81045,48.91129],[39.81053,48.9112],[39.8106,48.91112],[39.81074,48.91104],[39.81084,48.91099],[39.81101,48.91093],[39.81117,48.91089],[39.81138,48.91086],[39.81162,48.91082],[39.8119,48.91077],[39.81203,48.91074],[39.81221,48.91071],[39.81482,48.90918],[39.81487,48.9091],[39.81493,48.90902],[39.81497,48.90896],[39.81499,48.9089],[39.81501,48.90883],[39.81501,48.90876],[39.815,48.90873],[39.81499,48.9087],[39.81499,48.90867],[39.815,48.90865],[39.81503,48.90863],[39.81507,48.90861],[39.81511,48.90858],[39.81513,48.90854],[39.81516,48.9085],[39.81516,48.90844],[39.81515,48.90839],[39.81514,48.90828],[39.81515,48.90823],[39.81519,48.90818],[39.8152,48.90818],[39.81524,48.90816],[39.81526,48.90813],[39.81528,48.90809],[39.81532,48.90806],[39.81534,48.908],[39.81535,48.90797],[39.81538,48.90794],[39.81542,48.90791],[39.8155,48.90784],[39.81561,48.90778],[39.81571,48.90773],[39.81575,48.90771],[39.8158,48.90771],[39.81586,48.90772],[39.81592,48.90771],[39.81599,48.9077],[39.81604,48.9077],[39.81613,48.90772],[39.81621,48.90775],[39.81626,48.90777],[39.81629,48.90777],[39.81633,48.9078],[39.81643,48.90784],[39.81649,48.90785],[39.81657,48.90785],[39.81668,48.90784],[39.81674,48.90784],[39.8168,48.90785],[39.81691,48.90788],[39.81705,48.90789],[39.81717,48.90788],[39.81728,48.90786],[39.81738,48.90785],[39.81749,48.90785],[39.81759,48.90786],[39.81777,48.90789],[39.81793,48.90794],[39.81801,48.90796],[39.81814,48.90797],[39.8183,48.90796],[39.81835,48.90797],[39.81843,48.90799],[39.81848,48.908],[39.81857,48.90798],[39.81865,48.90798],[39.8187,48.90797],[39.81882,48.90794],[39.81891,48.90792],[39.81896,48.90792],[39.81901,48.9079],[39.81905,48.90788],[39.8191,48.90783],[39.8191,48.90778],[39.81907,48.90761],[39.81907,48.90756],[39.81907,48.90748],[39.81908,48.90739],[39.81907,48.90733],[39.81909,48.9073],[39.81912,48.90724],[39.81915,48.90718],[39.81919,48.90707],[39.8192,48.90702],[39.81921,48.90695],[39.8192,48.90689],[39.8192,48.90684],[39.81918,48.90681],[39.81914,48.90677],[39.81911,48.90672],[39.81905,48.9067],[39.81899,48.90667],[39.81889,48.90661],[39.81888,48.90658],[39.81886,48.90654],[39.81881,48.90652],[39.81875,48.90648],[39.8187,48.9064],[39.8186,48.90629],[39.81855,48.90622],[39.81856,48.90618],[39.81861,48.90615],[39.81867,48.90608],[39.81872,48.90588],[39.81874,48.90574],[39.81878,48.90563],[39.81878,48.90558],[39.81882,48.90554],[39.81886,48.90553],[39.81895,48.90553],[39.81903,48.90553],[39.81913,48.90551],[39.81922,48.90548],[39.81927,48.90545],[39.81929,48.9054],[39.8193,48.90535],[39.8194,48.90528],[39.81951,48.90523],[39.81972,48.90517],[39.81999,48.9051],[39.82023,48.90503],[39.82035,48.90497],[39.8204,48.90491],[39.82045,48.90488],[39.82054,48.90485],[39.82069,48.90482],[39.82089,48.90477],[39.82108,48.90473],[39.82135,48.90461],[39.82156,48.90455],[39.82185,48.90451],[39.82209,48.90449],[39.8222,48.90448],[39.82226,48.90448],[39.82245,48.9044],[39.82264,48.90437],[39.82278,48.90433],[39.82289,48.90427],[39.82301,48.90422],[39.82313,48.90419],[39.82324,48.90414],[39.82335,48.90406],[39.82348,48.90397],[39.82359,48.90388],[39.8237,48.90374],[39.82379,48.90362],[39.82383,48.90354],[39.82384,48.90328],[39.8239,48.90317],[39.82392,48.90307],[39.82394,48.90297],[39.82396,48.90286],[39.82399,48.90266],[39.82397,48.90245],[39.824,48.90232],[39.82402,48.90224],[39.82408,48.90209],[39.82428,48.90191],[39.82433,48.90177],[39.82444,48.90164],[39.82444,48.90153],[39.82453,48.90141],[39.82444,48.90117],[39.82423,48.90086],[39.82321,48.9004],[39.82233,48.89971],[39.8219,48.89946],[39.82165,48.89941],[39.82127,48.89926],[39.82089,48.89915],[39.82031,48.89904],[39.82001,48.89891],[39.81943,48.8986],[39.81892,48.89843],[39.81875,48.89833],[39.81861,48.89823],[39.81855,48.89818],[39.81847,48.89805],[39.81839,48.89797],[39.81835,48.89788],[39.81829,48.89776],[39.81832,48.89755],[39.81833,48.89732],[39.81833,48.89708],[39.81832,48.8969],[39.81825,48.89674],[39.81823,48.89654],[39.81834,48.89639],[39.81846,48.89623],[39.81872,48.89603],[39.81887,48.89588],[39.81903,48.89568],[39.81929,48.89554],[39.81954,48.89546],[39.81997,48.89536],[39.8203,48.89529],[39.82067,48.89516],[39.82091,48.89505],[39.82108,48.89494],[39.82116,48.89482],[39.82131,48.89475],[39.82157,48.89458],[39.82175,48.8945],[39.82184,48.89446],[39.8219,48.89442],[39.82196,48.8943],[39.82194,48.89421],[39.82193,48.89413],[39.82192,48.89401],[39.82192,48.89388],[39.822,48.89372],[39.82201,48.89371],[39.82217,48.89358],[39.8223,48.89351],[39.82238,48.89347],[39.82259,48.89344],[39.82276,48.89338],[39.82297,48.89325],[39.82304,48.89313],[39.82312,48.89305],[39.82329,48.89298],[39.82355,48.89291],[39.82373,48.89286],[39.82388,48.89278],[39.82392,48.89272],[39.82397,48.89264],[39.82416,48.89239],[39.82424,48.89235],[39.82443,48.8923],[39.82457,48.89231],[39.82477,48.89232],[39.82495,48.8923],[39.82524,48.89217],[39.82535,48.89207],[39.82537,48.89193],[39.82537,48.89176],[39.82535,48.89169],[39.82554,48.8912],[39.82564,48.89105],[39.82575,48.89092],[39.8257,48.89077],[39.82568,48.89069],[39.8257,48.89062],[39.8258,48.89054],[39.82601,48.89047],[39.82613,48.89041],[39.82641,48.89024],[39.82671,48.89003],[39.82686,48.88995],[39.82696,48.88989],[39.82709,48.88984],[39.82732,48.8898],[39.82744,48.88979],[39.82751,48.88975],[39.82757,48.88963],[39.82755,48.88952],[39.82754,48.88941],[39.8275,48.88924],[39.82746,48.88903],[39.82748,48.8889],[39.82751,48.88882],[39.82748,48.88872],[39.82743,48.88863],[39.82738,48.88856],[39.82729,48.88847],[39.82716,48.88835],[39.82707,48.8883],[39.82694,48.88824],[39.8268,48.88815],[39.8266,48.88802],[39.82648,48.88797],[39.82636,48.88787],[39.82629,48.8878],[39.8263,48.88768],[39.82638,48.88758],[39.82655,48.88757],[39.82668,48.88753],[39.82679,48.88749],[39.82697,48.8874],[39.82699,48.88732],[39.82695,48.88721],[39.82691,48.887],[39.82699,48.88691],[39.82709,48.88686],[39.82714,48.88682],[39.82715,48.88676],[39.82713,48.88669],[39.82704,48.88658],[39.82701,48.88642],[39.82749,48.88647],[39.82778,48.88654],[39.82816,48.88663],[39.82852,48.88668],[39.82925,48.88677],[39.82973,48.88676],[39.83,48.88672],[39.8302,48.88672],[39.83046,48.8868],[39.83073,48.88693],[39.83098,48.88711],[39.83157,48.88739],[39.83191,48.88754],[39.83217,48.88769],[39.83244,48.88794],[39.83264,48.88818],[39.83283,48.88846],[39.83296,48.88863],[39.83311,48.88894],[39.8331,48.88917],[39.8331,48.88937],[39.83317,48.88957],[39.83331,48.88985],[39.8335,48.89012],[39.83355,48.89036],[39.83357,48.89049],[39.83363,48.89064],[39.83394,48.89107],[39.83423,48.89148],[39.83444,48.89179],[39.83466,48.89195],[39.83495,48.89205],[39.83515,48.89218],[39.83528,48.89231],[39.83541,48.8924],[39.83552,48.89248],[39.83559,48.89255],[39.83563,48.89262],[39.83565,48.89271],[39.83563,48.89283],[39.83563,48.8929],[39.83566,48.89297],[39.83571,48.89307],[39.83575,48.89322],[39.83581,48.89336],[39.83587,48.89348],[39.83592,48.8937],[39.836,48.89389],[39.83606,48.8942],[39.83612,48.89463],[39.83608,48.89478],[39.83599,48.89505],[39.83597,48.89525],[39.83599,48.8954],[39.836,48.8956],[39.83598,48.89577],[39.83592,48.89591],[39.83581,48.89604],[39.83559,48.89613],[39.83555,48.89618],[39.83555,48.89636],[39.83552,48.89661],[39.83547,48.89678],[39.83539,48.89688],[39.83525,48.89702],[39.83481,48.89724],[39.83466,48.89733],[39.83456,48.89748],[39.83446,48.89773],[39.83442,48.89793],[39.83436,48.89813],[39.83427,48.8983],[39.83419,48.89865],[39.83419,48.89891],[39.8342,48.89904],[39.83415,48.89919],[39.83411,48.89931],[39.83398,48.89956],[39.83389,48.89988],[39.83377,48.90003],[39.83376,48.90018],[39.83373,48.90031],[39.83378,48.90048],[39.83379,48.90059],[39.83375,48.90073],[39.83376,48.90089],[39.83384,48.90105],[39.83392,48.90116],[39.83418,48.90135],[39.8347,48.90163],[39.83526,48.90197],[39.83555,48.90221],[39.83587,48.90246],[39.83617,48.90265],[39.83633,48.90276],[39.83654,48.90286],[39.83699,48.90296],[39.83777,48.90313],[39.83838,48.90322],[39.83888,48.90325],[39.83918,48.90323],[39.83945,48.90315],[39.83979,48.90297],[39.84015,48.90279],[39.84039,48.90264],[39.8405,48.90251],[39.8406,48.90236],[39.84064,48.90223],[39.8406,48.90214],[39.84059,48.90208],[39.84067,48.90201],[39.84071,48.90195],[39.84072,48.90188],[39.84078,48.90184],[39.84086,48.90178],[39.84091,48.90167],[39.84097,48.90157],[39.84112,48.90147],[39.84128,48.9014],[39.84143,48.90136],[39.84154,48.90133],[39.84161,48.9013],[39.84165,48.90123],[39.84169,48.90113],[39.84174,48.90109],[39.84191,48.90106],[39.8423,48.90103],[39.84256,48.90103],[39.84282,48.90109],[39.8432,48.90124],[39.84354,48.90137],[39.84371,48.90149],[39.84388,48.90163],[39.84393,48.90171],[39.84395,48.90179],[39.84396,48.90187],[39.84405,48.90202],[39.84418,48.90215],[39.84432,48.90223],[39.84439,48.90231],[39.84446,48.90237],[39.84464,48.9025],[39.84494,48.9027],[39.84502,48.90276],[39.84513,48.9028],[39.84537,48.90287],[39.8529,48.89076],[39.8585,48.89108],[39.87192,48.89186],[39.8719,48.89295],[39.87604,48.89332],[39.87653,48.89249],[39.92502,48.89583],[39.92525,48.89555],[39.9254,48.89539],[39.92549,48.89527],[39.92584,48.89486],[39.92606,48.89466],[39.92637,48.89443],[39.92699,48.89413],[39.92721,48.89397],[39.92746,48.89376],[39.92756,48.89366],[39.92761,48.89353],[39.92775,48.89339],[39.928,48.89325],[39.92818,48.89312],[39.92823,48.89299],[39.92831,48.89288],[39.92843,48.89275],[39.92848,48.89268],[39.92865,48.89263],[39.92892,48.89264],[39.92927,48.89264],[39.92962,48.89262],[39.93001,48.89244],[39.93022,48.89233],[39.93037,48.89211],[39.93046,48.89207],[39.93072,48.89204],[39.93091,48.89201],[39.93111,48.89187],[39.93114,48.89172],[39.93113,48.89158],[39.93119,48.89146],[39.93128,48.8914],[39.93184,48.8912],[39.93197,48.89115],[39.93231,48.89106],[39.93271,48.89091],[39.93303,48.89063],[39.93321,48.89054],[39.93337,48.89053],[39.93357,48.89056],[39.93381,48.89053],[39.93406,48.89047],[39.93478,48.89024],[39.93503,48.89021],[39.93536,48.89022],[39.93572,48.8902],[39.93606,48.8901],[39.93638,48.88996],[39.93656,48.88984],[39.93668,48.88968],[39.93671,48.88955],[39.93669,48.88946],[39.93667,48.88939],[39.93662,48.88925],[39.93644,48.88896],[39.93644,48.88887],[39.93648,48.88874],[39.93653,48.88864],[39.93661,48.88855],[39.93678,48.88847],[39.93697,48.8884],[39.93716,48.88832],[39.93745,48.8882],[39.93779,48.88792],[39.93808,48.88769],[39.93829,48.88749],[39.93855,48.88735],[39.93892,48.88724],[39.93913,48.88714],[39.93927,48.88701],[39.93941,48.88687],[39.93972,48.88667],[39.94039,48.88638],[39.94054,48.88613],[39.94057,48.88597],[39.94064,48.88571],[39.94071,48.8856],[39.94093,48.88549],[39.94123,48.88534],[39.94179,48.88487],[39.94204,48.88445],[39.94238,48.88403],[39.94289,48.88337],[39.94332,48.88271],[39.94382,48.88188],[39.94405,48.88129],[39.9441,48.88096],[39.94413,48.88075],[39.94408,48.88058],[39.94399,48.88041],[39.94399,48.88027],[39.94403,48.88014],[39.94411,48.88006],[39.94437,48.87996],[39.94462,48.87986],[39.94494,48.87973],[39.9452,48.87958],[39.94542,48.87945],[39.94555,48.8793],[39.94572,48.87908],[39.94588,48.87878],[39.94629,48.87858],[39.94655,48.87845],[39.94685,48.87827],[39.94714,48.87803],[39.94725,48.87788],[39.94735,48.87768],[39.94742,48.87752],[39.94757,48.87736],[39.94772,48.87718],[39.94799,48.87698],[39.94831,48.87674],[39.94855,48.87657],[39.94884,48.87644],[39.94915,48.87634],[39.94948,48.87624],[39.94977,48.87616],[39.9501,48.87612],[39.95033,48.87612],[39.95042,48.87612],[39.95054,48.87618],[39.95067,48.8762],[39.95082,48.87619],[39.95104,48.87613],[39.95123,48.87604],[39.95134,48.87594],[39.9514,48.87585],[39.95151,48.87559],[39.95172,48.87544],[39.95192,48.87534],[39.95213,48.87531],[39.95254,48.87521],[39.95267,48.87513],[39.95277,48.87506],[39.95296,48.87498],[39.95314,48.87495],[39.95336,48.87489],[39.95362,48.87488],[39.95382,48.87483],[39.95406,48.87472],[39.95424,48.87458],[39.95434,48.87446],[39.95444,48.87432],[39.96216,48.87201],[39.9677,48.8717],[39.96783,48.87175],[39.96795,48.87176],[39.96817,48.87174],[39.96872,48.87166],[39.9712,48.87125],[39.97318,48.87093],[39.97379,48.87086],[39.97424,48.8708],[39.97528,48.87063],[39.97735,48.87035],[39.97959,48.87006],[39.98056,48.86992],[39.98202,48.86966],[39.98286,48.86953],[39.98361,48.86945],[39.98459,48.86932],[39.98562,48.8692],[39.98644,48.86908],[39.98736,48.86896],[39.98862,48.86879],[39.99133,48.86841],[39.99283,48.86822],[39.99322,48.86823],[39.99339,48.8685],[39.99357,48.8688],[39.99367,48.86905],[39.99375,48.86926],[39.99393,48.86986],[39.99412,48.87044],[39.99429,48.87098],[39.99463,48.87206],[39.99503,48.87328],[39.99535,48.87424],[39.9955,48.87464],[39.99557,48.87475],[39.99565,48.87501],[39.99577,48.87537],[39.99608,48.87646],[39.9961,48.87652],[39.99613,48.87675],[39.99634,48.87743],[39.99644,48.87759],[39.9965,48.87777],[39.99655,48.87807],[39.99663,48.87831],[39.99694,48.87917],[39.99705,48.87934],[39.99715,48.87968],[39.99728,48.88003],[39.99744,48.88061],[39.99766,48.88135],[39.99785,48.88191],[39.99803,48.88247],[39.99817,48.88289],[39.99828,48.88328],[39.99837,48.88352],[39.99854,48.8841],[39.99867,48.8845],[39.99889,48.88518],[39.99964,48.88755],[39.99976,48.88787],[39.99983,48.88808],[39.99991,48.88841],[40.00006,48.88879],[40.00026,48.88942],[40.0004,48.8897],[40.00055,48.89],[40.00066,48.89027],[40.0007,48.89049],[40.0008,48.89078],[40.00085,48.89095],[40.00086,48.89108],[40.00101,48.89155],[40.00115,48.89197],[40.00124,48.89224],[40.00135,48.89251],[40.00142,48.89274],[40.00146,48.893],[40.00153,48.89325],[40.00164,48.89358],[40.00171,48.89378],[40.00192,48.89442],[40.00198,48.89458],[40.00209,48.89492],[40.00227,48.89547],[40.00249,48.89618],[40.00261,48.89643],[40.00287,48.89719],[40.0031,48.89799],[40.00334,48.89871],[40.00352,48.89933],[40.00381,48.90029],[40.00403,48.90092],[40.00417,48.90137],[40.01401,48.90198],[40.01764,48.9022],[40.01755,48.90227],[40.0175,48.90232],[40.01747,48.90236],[40.01742,48.90252],[40.01743,48.90259],[40.01751,48.9026],[40.01754,48.9027],[40.01757,48.90279],[40.01759,48.90291],[40.01764,48.90297],[40.01792,48.90305],[40.01797,48.9031],[40.01802,48.90316],[40.01809,48.90324],[40.01822,48.90338],[40.01827,48.90347],[40.01829,48.90355],[40.01823,48.90363],[40.01805,48.90374],[40.0179,48.90379],[40.01769,48.90382],[40.01745,48.9038],[40.01725,48.9038],[40.01706,48.90383],[40.0169,48.90389],[40.01681,48.90394],[40.01679,48.90405],[40.0168,48.90417],[40.01685,48.90426],[40.01697,48.90435],[40.01714,48.90442],[40.01732,48.90446],[40.01759,48.90449],[40.01805,48.90447],[40.01844,48.90446],[40.01872,48.90446],[40.01891,48.90446],[40.01916,48.90458],[40.01931,48.90466],[40.01939,48.90476],[40.01939,48.90487],[40.01942,48.905],[40.0195,48.9051],[40.01958,48.90516],[40.01971,48.90517],[40.01993,48.90517],[40.02025,48.90521],[40.02072,48.90528],[40.02096,48.90531],[40.02113,48.90538],[40.02117,48.90544],[40.0212,48.90555],[40.02122,48.90564],[40.02118,48.90578],[40.0211,48.90605],[40.02109,48.9063],[40.02103,48.90653],[40.02093,48.90683],[40.0209,48.90698],[40.02076,48.90712],[40.02062,48.90742],[40.02044,48.90773],[40.02034,48.90794],[40.02018,48.90816],[40.01974,48.90865],[40.01968,48.9087],[40.01964,48.90883],[40.01953,48.90885],[40.01945,48.90892],[40.01939,48.90899],[40.01932,48.90907],[40.01926,48.90918],[40.01924,48.90925],[40.01919,48.90938],[40.01918,48.90946],[40.01918,48.90954],[40.01923,48.90964],[40.01938,48.90972],[40.01955,48.90978],[40.01978,48.90982],[40.01991,48.90982],[40.02019,48.90974],[40.02037,48.90966],[40.02055,48.90954],[40.02073,48.90946],[40.02075,48.90939],[40.02081,48.9093],[40.02109,48.90923],[40.02158,48.90929],[40.02175,48.90927],[40.02184,48.90925],[40.02196,48.90921],[40.02209,48.90918],[40.02225,48.90916],[40.02234,48.90919],[40.02246,48.90923],[40.02274,48.90939],[40.02289,48.90948],[40.02301,48.9096],[40.02304,48.90969],[40.02308,48.90976],[40.02313,48.90984],[40.02325,48.90993],[40.02347,48.91009],[40.02375,48.91028],[40.02393,48.91038],[40.02414,48.91049],[40.0244,48.91057],[40.0246,48.91066],[40.02469,48.91075],[40.02473,48.91086],[40.02475,48.91095],[40.02474,48.91101],[40.02467,48.91108],[40.02464,48.91114],[40.02464,48.91122],[40.02467,48.91149],[40.02465,48.91158],[40.02464,48.91168],[40.02466,48.91175],[40.02477,48.91183],[40.02485,48.91188],[40.02506,48.91192],[40.02531,48.91196],[40.02553,48.91199],[40.02564,48.91199],[40.02571,48.91197],[40.02578,48.91193],[40.02588,48.91186],[40.02593,48.91166],[40.02604,48.91143],[40.02617,48.91129],[40.02635,48.91121],[40.02658,48.91121],[40.02673,48.91126],[40.02688,48.91136],[40.02729,48.91156],[40.02766,48.91169],[40.02794,48.91177],[40.02815,48.91183],[40.02857,48.91186],[40.02874,48.91188],[40.02889,48.91192],[40.02904,48.91197],[40.02919,48.91208],[40.02924,48.91221],[40.02921,48.91239],[40.02917,48.91248],[40.02909,48.91258],[40.02891,48.91264],[40.02869,48.91268],[40.028,48.91273],[40.02777,48.91276],[40.02758,48.91279],[40.02741,48.91284],[40.02728,48.91289],[40.02712,48.91297],[40.02707,48.91316],[40.02707,48.91345],[40.0271,48.91355],[40.02718,48.9137],[40.02728,48.91381],[40.02734,48.91391],[40.02742,48.91396],[40.02754,48.91401],[40.02776,48.91406],[40.0279,48.9141],[40.02795,48.91415],[40.02821,48.91419],[40.02854,48.91419],[40.02885,48.91416],[40.02916,48.91415],[40.02934,48.91417],[40.02945,48.91423],[40.0295,48.91432],[40.02953,48.91446],[40.02948,48.91461],[40.0292,48.91491],[40.02914,48.91501],[40.02915,48.91504],[40.0292,48.91506],[40.0293,48.91511],[40.02944,48.91496],[40.02948,48.9149],[40.02954,48.91488],[40.02968,48.91485],[40.02979,48.91481],[40.02999,48.91476],[40.03015,48.91473],[40.03027,48.91469],[40.03043,48.91466],[40.03064,48.91469],[40.03088,48.91475],[40.03101,48.91476],[40.03117,48.9148],[40.03137,48.91483],[40.03158,48.91484],[40.03173,48.91482],[40.03188,48.91478],[40.03205,48.91472],[40.03218,48.91469],[40.03228,48.91468],[40.03236,48.91468],[40.03246,48.91472],[40.03246,48.91477],[40.03248,48.91483],[40.0325,48.91487],[40.03253,48.91495],[40.0326,48.915],[40.03276,48.91509],[40.03304,48.91521],[40.0332,48.91526],[40.03333,48.91532],[40.03335,48.91536],[40.03341,48.9154],[40.03351,48.91546],[40.03357,48.91552],[40.03367,48.91558],[40.03393,48.91567],[40.03409,48.91573],[40.03428,48.91579],[40.03457,48.91585],[40.03488,48.9159],[40.03512,48.91591],[40.03519,48.91586],[40.03529,48.91588],[40.03553,48.91582],[40.03571,48.9158],[40.03583,48.91578],[40.03587,48.91574],[40.03602,48.91575],[40.03615,48.91573],[40.03626,48.91569],[40.03636,48.91564],[40.03645,48.91556],[40.0365,48.91546],[40.03653,48.91538],[40.03652,48.9153],[40.03645,48.91522],[40.03648,48.91516],[40.03648,48.91513],[40.03642,48.91511],[40.03635,48.91509],[40.03632,48.91507],[40.03631,48.915],[40.03636,48.91495],[40.03636,48.91489],[40.03633,48.91486],[40.03626,48.91486],[40.03621,48.91485],[40.03615,48.91482],[40.03614,48.91479],[40.03606,48.91465],[40.03605,48.91461],[40.03601,48.91453],[40.036,48.91448],[40.03598,48.91444],[40.03599,48.91442],[40.03596,48.91437],[40.03597,48.91434],[40.03596,48.91431],[40.036,48.91428],[40.03603,48.91426],[40.03605,48.91425],[40.03607,48.91422],[40.03608,48.91418],[40.03606,48.91416],[40.03605,48.91413],[40.03606,48.91409],[40.0361,48.91407],[40.03611,48.91405],[40.03609,48.91399],[40.03608,48.91395],[40.03606,48.91391],[40.03603,48.91389],[40.036,48.91388],[40.03597,48.91381],[40.03596,48.91377],[40.03598,48.91374],[40.03599,48.91371],[40.03601,48.91369],[40.036,48.91364],[40.03602,48.91363],[40.03602,48.9136],[40.03601,48.91354],[40.03601,48.91349],[40.03605,48.91346],[40.03607,48.91344],[40.03613,48.91339],[40.0362,48.91337],[40.03626,48.91333],[40.03635,48.91329],[40.03644,48.91324],[40.03653,48.9132],[40.0367,48.91309],[40.03678,48.91308],[40.03695,48.91309],[40.03706,48.9131],[40.03713,48.91312],[40.03723,48.91312],[40.03738,48.91316],[40.03741,48.91317],[40.03742,48.91315],[40.03741,48.91314],[40.03738,48.91311],[40.03738,48.9131],[40.0374,48.91306],[40.03743,48.91306],[40.03746,48.91306],[40.0375,48.91307],[40.03754,48.91309],[40.03757,48.91312],[40.03757,48.91315],[40.03758,48.91319],[40.03761,48.91322],[40.03766,48.91323],[40.03787,48.91329],[40.03792,48.91332],[40.03796,48.91335],[40.03803,48.91339],[40.03807,48.91344],[40.03809,48.91349],[40.03809,48.91354],[40.0381,48.9136],[40.03812,48.91363],[40.03815,48.91367],[40.03822,48.9137],[40.03826,48.91373],[40.03825,48.91376],[40.03826,48.91379],[40.03831,48.91386],[40.03834,48.91391],[40.03836,48.91399],[40.0384,48.91402],[40.03846,48.91407],[40.03848,48.91418],[40.03852,48.91426],[40.03856,48.91436],[40.03864,48.91443],[40.03876,48.91453],[40.03903,48.9147],[40.03916,48.91474],[40.03936,48.91474],[40.03952,48.91476],[40.03962,48.91481],[40.03975,48.91483],[40.03989,48.91485],[40.04008,48.91487],[40.04029,48.91488],[40.04052,48.91489],[40.04067,48.91487],[40.04079,48.91487],[40.04087,48.91489],[40.04102,48.91489],[40.04124,48.91484],[40.04132,48.9148],[40.04141,48.91476],[40.04147,48.91477],[40.04154,48.91476],[40.04157,48.91473],[40.04162,48.91471],[40.04166,48.9147],[40.04169,48.91468],[40.0417,48.91466],[40.04168,48.91459],[40.0417,48.91452],[40.04173,48.91447],[40.04179,48.9144],[40.04184,48.91437],[40.04192,48.91436],[40.04199,48.91435],[40.04205,48.91441],[40.0421,48.91444],[40.04214,48.91446],[40.04223,48.91448],[40.04237,48.91447],[40.04249,48.91442],[40.04261,48.91437],[40.04267,48.91435],[40.04272,48.9143],[40.04279,48.91428],[40.04285,48.91424],[40.04295,48.91423],[40.043,48.91418],[40.04307,48.91415],[40.04321,48.91414],[40.04348,48.91413],[40.04373,48.91409],[40.04398,48.91409],[40.0441,48.91407],[40.0442,48.91409],[40.04435,48.91405],[40.04448,48.91404],[40.0446,48.91405],[40.04463,48.9141],[40.04472,48.91409],[40.04479,48.91413],[40.04482,48.91414],[40.04484,48.91418],[40.04484,48.91421],[40.04494,48.91423],[40.04504,48.91423],[40.04511,48.91425],[40.04527,48.91428],[40.04536,48.91427],[40.04542,48.91426],[40.0455,48.91422],[40.04558,48.91414],[40.04563,48.91412],[40.0457,48.91409],[40.04575,48.91405],[40.04574,48.91397],[40.04576,48.91387],[40.0457,48.91379],[40.04569,48.91372],[40.0457,48.91363],[40.04575,48.91358],[40.04574,48.91354],[40.0458,48.9135],[40.04575,48.91339],[40.0457,48.91328],[40.04565,48.91324],[40.04563,48.91318],[40.04562,48.91315],[40.04557,48.91312],[40.04551,48.91309],[40.04549,48.91306],[40.04549,48.91303],[40.0455,48.913],[40.04544,48.91296],[40.04535,48.91292],[40.04527,48.91295],[40.04523,48.91297],[40.04518,48.91296],[40.04513,48.91295],[40.04511,48.9129],[40.0451,48.91284],[40.04511,48.91278],[40.04513,48.91273],[40.04521,48.91266],[40.04529,48.91255],[40.04533,48.9125],[40.04544,48.91248],[40.04545,48.91242],[40.04549,48.91236],[40.04557,48.91233],[40.0456,48.91226],[40.04564,48.91223],[40.04565,48.91222],[40.04563,48.9122],[40.04563,48.91213],[40.04565,48.91208],[40.04569,48.91201],[40.04577,48.91198],[40.04585,48.9119],[40.04594,48.9118],[40.04604,48.91171],[40.04606,48.91167],[40.04604,48.91163],[40.04607,48.91156],[40.04604,48.91152],[40.04609,48.91144],[40.04615,48.91138],[40.04623,48.91134],[40.04627,48.91129],[40.04641,48.91124],[40.04649,48.91121],[40.04703,48.91109],[40.04713,48.91107],[40.04723,48.9111],[40.04731,48.91105],[40.04745,48.91096],[40.04773,48.91089],[40.04784,48.91086],[40.04789,48.91083],[40.0479,48.9108],[40.04789,48.91076],[40.04784,48.91072],[40.04785,48.91067],[40.04794,48.91066],[40.048,48.91064],[40.04802,48.91061],[40.04809,48.91056],[40.04828,48.91041],[40.04851,48.91031],[40.04866,48.91026],[40.04889,48.91021],[40.04905,48.91021],[40.04923,48.91022],[40.04948,48.91022],[40.04974,48.91023],[40.05004,48.91027],[40.05028,48.91031],[40.0505,48.91035],[40.05077,48.91036],[40.05086,48.91038],[40.05093,48.91042],[40.05111,48.91053],[40.05127,48.91062],[40.05151,48.9107],[40.05168,48.91072],[40.0518,48.91071],[40.05219,48.91068],[40.05276,48.91053],[40.05341,48.91033],[40.05359,48.91029],[40.05368,48.9103],[40.05381,48.91029],[40.05401,48.9103],[40.05426,48.91034],[40.05439,48.91043],[40.05452,48.91049],[40.05504,48.91065],[40.0552,48.91072],[40.05535,48.91073],[40.05584,48.91066],[40.05586,48.91063],[40.05598,48.91058],[40.05622,48.91055],[40.05748,48.91019],[40.05831,48.90986],[40.05849,48.90973],[40.05872,48.90962],[40.0588,48.90955],[40.05884,48.90948],[40.05891,48.9094],[40.05904,48.90937],[40.05929,48.90938],[40.0595,48.90942],[40.05959,48.90953],[40.0596,48.90958],[40.05965,48.90959],[40.05969,48.90963],[40.05968,48.90964],[40.05966,48.9097],[40.05966,48.90975],[40.05964,48.9098],[40.05961,48.90984],[40.05965,48.90985],[40.05976,48.90986],[40.05989,48.90987],[40.06,48.90987],[40.06015,48.90985],[40.06023,48.90982],[40.06034,48.90977],[40.06045,48.90971],[40.06052,48.90967],[40.06054,48.90962],[40.06062,48.90956],[40.06072,48.90947],[40.06078,48.90942],[40.06084,48.90938],[40.06087,48.90933],[40.06087,48.90928],[40.06081,48.90923],[40.06071,48.90923],[40.06068,48.90917],[40.06065,48.90913],[40.06063,48.90908],[40.05849,48.90403],[40.07235,48.87456],[40.07984,48.86995],[40.07887,48.86956],[40.07842,48.86922],[40.07817,48.86903],[40.07805,48.86897],[40.07795,48.86898],[40.07779,48.86894],[40.07758,48.86883],[40.07741,48.86871],[40.07727,48.86855],[40.07715,48.86837],[40.07712,48.86832],[40.07702,48.86823],[40.07674,48.86801],[40.07635,48.86772],[40.07592,48.86738],[40.07543,48.86702],[40.07508,48.86675],[40.07471,48.86647],[40.07424,48.86613],[40.07371,48.86574],[40.07316,48.86534],[40.07288,48.86513],[40.07262,48.86494],[40.07198,48.86448],[40.07109,48.86382],[40.07031,48.86326],[40.06968,48.86279],[40.06913,48.8624],[40.06853,48.86196],[40.06785,48.86145],[40.06739,48.86111],[40.06722,48.86095],[40.06709,48.86089],[40.06694,48.8608],[40.06667,48.86064],[40.06649,48.8605],[40.06635,48.86045],[40.06615,48.86041],[40.0658,48.86015],[40.06509,48.85966],[40.06432,48.8591],[40.06376,48.8587],[40.06324,48.85833],[40.06273,48.85794],[40.06182,48.85732],[40.06125,48.85689],[40.06104,48.85671],[40.06014,48.85604],[40.05989,48.85575],[40.05981,48.85556],[40.05964,48.85537],[40.05927,48.85511],[40.05908,48.85507],[40.05894,48.85497],[40.05829,48.85446],[40.05773,48.85407],[40.05747,48.85391],[40.05696,48.85352],[40.05665,48.85328],[40.05608,48.85282],[40.05527,48.85222],[40.05446,48.85169],[40.05347,48.851],[40.05282,48.85052],[40.05236,48.85016],[40.05199,48.84992],[40.05124,48.84936],[40.05018,48.84852],[40.04933,48.84788],[40.04856,48.84731],[40.04766,48.84663],[40.04687,48.84601],[40.04614,48.84548],[40.0457,48.84507],[40.04527,48.84473],[40.04496,48.84456],[40.04435,48.84416],[40.04393,48.84381],[40.0438,48.84365],[40.04366,48.84351],[40.04354,48.84337],[40.04324,48.84329],[40.04272,48.84303],[40.04225,48.84268],[40.0383,48.83983],[40.03787,48.8396],[40.03782,48.83946],[40.03745,48.83911],[40.03461,48.83709],[40.03434,48.83683],[40.03405,48.83658],[40.03243,48.83546],[40.03207,48.83519],[40.03163,48.83489],[40.03133,48.8347],[40.03099,48.83447],[40.03084,48.83427],[40.03013,48.83375],[40.02987,48.8336],[40.02944,48.83329],[40.02881,48.83287],[40.02862,48.83268],[40.02799,48.83219],[40.02775,48.83202],[40.02747,48.83187],[40.0273,48.83171],[40.02691,48.83137],[40.02657,48.8311],[40.02629,48.83087],[40.02608,48.83068],[40.02596,48.83056],[40.02573,48.83037],[40.02551,48.83027],[40.02521,48.83021],[40.02502,48.83018],[40.02489,48.83013],[40.0245,48.82969],[40.02415,48.82933],[40.02395,48.82909],[40.02368,48.82881],[40.02341,48.82859],[40.02325,48.82828],[40.02284,48.82802],[40.02249,48.82779],[40.02232,48.82772],[40.02225,48.82765],[40.02216,48.82756],[40.02192,48.82738],[40.02165,48.82717],[40.02155,48.82709],[40.02128,48.82689],[40.02101,48.82669],[40.0207,48.82646],[40.02048,48.82632],[40.02029,48.82617],[40.02017,48.8261],[40.02007,48.82606],[40.01997,48.82599],[40.01989,48.82594],[40.01985,48.82589],[40.01982,48.82583],[40.01968,48.82572],[40.01958,48.82567],[40.01939,48.82553],[40.01919,48.8254],[40.01889,48.82519],[40.01874,48.82508],[40.01851,48.82491],[40.01829,48.82475],[40.01809,48.82462],[40.01805,48.82459],[40.01803,48.82453],[40.018,48.8245],[40.0177,48.8243],[40.01755,48.82422],[40.01748,48.82417],[40.0172,48.82399],[40.01699,48.82385],[40.01678,48.82371],[40.01666,48.82363],[40.01654,48.82355],[40.01628,48.82336],[40.01598,48.82314],[40.01571,48.82295],[40.01519,48.82257],[40.01476,48.82224],[40.0143,48.8219],[40.01402,48.82169],[40.01388,48.82159],[40.0138,48.82156],[40.0137,48.82147],[40.01317,48.8211],[40.01238,48.82053],[40.01212,48.82033],[40.0115,48.81988],[40.01128,48.81972],[40.01089,48.81943],[40.01063,48.81924],[40.01043,48.81909],[40.01027,48.81896],[40.01007,48.81881],[40.00971,48.81855],[40.00929,48.81824],[40.00893,48.81798],[40.00851,48.81767],[40.00821,48.81745],[40.00778,48.81713],[40.00731,48.81678],[40.00686,48.81645],[40.00655,48.81622],[40.0062,48.81595],[40.0058,48.81566],[40.00542,48.81537],[40.00504,48.81508],[40.0047,48.81484],[40.00427,48.81452],[40.00377,48.81415],[40.0035,48.81395],[40.00335,48.81384],[40.00326,48.81377],[40.00315,48.81368],[40.00305,48.81364],[40.00297,48.81359],[40.00289,48.81356],[40.00284,48.81355],[40.00279,48.81351],[40.00275,48.81345],[40.00273,48.8134],[40.00268,48.81333],[40.00256,48.81322],[40.00235,48.81305],[40.00198,48.81277],[40.00163,48.81251],[40.00123,48.81222],[40.00113,48.81216],[40.00101,48.81205],[40.00088,48.81197],[40.00065,48.81179],[40.0004,48.81161],[40.0003,48.81154],[40.00024,48.81149],[40.00008,48.81138],[39.9999,48.81125],[39.99962,48.81104],[39.99942,48.81089],[39.99905,48.81063],[39.99882,48.81045],[39.99857,48.81025],[39.99819,48.80999],[39.99801,48.80985],[39.9977,48.80961],[39.99741,48.8094],[39.99706,48.80914],[39.99688,48.809],[39.99661,48.80879],[39.99634,48.80859],[39.99599,48.80832],[39.99573,48.80812],[39.99562,48.80803],[39.99536,48.80783],[39.99522,48.80773],[39.9951,48.80762],[39.99496,48.80752],[39.99476,48.80742],[39.99459,48.80733],[39.99452,48.80725],[39.9942,48.807],[39.99366,48.80659],[39.99294,48.80605],[39.99197,48.80532],[39.99108,48.80467],[39.99016,48.80399],[39.98901,48.80315],[39.9884,48.80269],[39.98794,48.80236],[39.98736,48.80193],[39.98707,48.80171],[39.98678,48.8015],[39.98648,48.80129],[39.98611,48.80103],[39.98567,48.80072],[39.98524,48.80041],[39.9848,48.8001],[39.98429,48.79974],[39.9839,48.79947],[39.98348,48.79916],[39.98297,48.79881],[39.98259,48.79854],[39.98218,48.79825],[39.98187,48.79803],[39.98158,48.79781],[39.98114,48.79748],[39.9807,48.79715],[39.98031,48.79686],[39.97987,48.79653],[39.97958,48.79632],[39.97914,48.796],[39.97879,48.79574],[39.97849,48.79551],[39.9784,48.79544],[39.97817,48.79526],[39.97789,48.79506],[39.97758,48.7948],[39.97721,48.79456],[39.97659,48.79428],[39.97612,48.79403],[39.97605,48.794],[39.97597,48.79392],[39.9759,48.79386],[39.97594,48.7938],[39.97601,48.79374],[39.97602,48.79367],[39.976,48.79361],[39.97601,48.79355],[39.97602,48.79353],[39.97604,48.79351],[39.97614,48.79346],[39.96771,48.79494],[39.96212,48.79592],[39.96184,48.79601],[39.96159,48.79609],[39.96126,48.79615],[39.96094,48.79618],[39.96076,48.79628],[39.9605,48.79636],[39.96033,48.79638],[39.95983,48.79639],[39.95952,48.79642],[39.9593,48.79644],[39.95907,48.79649],[39.95888,48.79657],[39.9587,48.79665],[39.95847,48.79667],[39.95825,48.79666],[39.958,48.79662],[39.95763,48.79657],[39.95741,48.79651],[39.9573,48.79643],[39.95724,48.79635],[39.9571,48.79627],[39.95695,48.79621],[39.95676,48.79615],[39.95659,48.79606],[39.9564,48.79597],[39.95605,48.79589],[39.95595,48.79589],[39.95544,48.79592],[39.955,48.79592],[39.95484,48.79591],[39.95451,48.79588],[39.95429,48.79589],[39.95414,48.79591],[39.95389,48.796],[39.95369,48.79607],[39.95352,48.79612],[39.95328,48.79617],[39.95287,48.79621],[39.95254,48.7962],[39.95199,48.79618],[39.95172,48.79612],[39.95155,48.79606],[39.95135,48.79601],[39.9512,48.79597],[39.95096,48.79593],[39.95086,48.79592],[39.95064,48.79593],[39.95043,48.79597],[39.95022,48.79605],[39.94987,48.79611],[39.94951,48.79615],[39.9493,48.79613],[39.94898,48.79605],[39.9223,48.80663],[39.92054,48.80738],[39.91986,48.80767],[39.91818,48.80833],[39.91547,48.80941],[39.91314,48.81036],[39.91103,48.81118],[39.90958,48.81176],[39.90922,48.81191],[39.90896,48.81199],[39.90876,48.81209],[39.90826,48.81232],[39.9076,48.81257],[39.90719,48.81272],[39.90664,48.81295],[39.90573,48.81331],[39.90479,48.81368],[39.90415,48.81393],[39.90345,48.81421],[39.90262,48.81455],[39.902,48.81479],[39.90137,48.81503],[39.90088,48.81522],[39.90022,48.81546],[39.89964,48.8157],[39.89917,48.81591],[39.89875,48.8161],[39.89828,48.8163],[39.8977,48.81652],[39.89749,48.81659],[39.89714,48.81668],[39.8968,48.81684],[39.89642,48.81701],[39.89623,48.81709],[39.89611,48.81715],[39.89569,48.81731],[39.89499,48.81758],[39.89455,48.81774],[39.89442,48.81778],[39.89427,48.81786],[39.89416,48.81792],[39.89375,48.81807],[39.89344,48.81816],[39.89313,48.8183],[39.89285,48.81843],[39.89272,48.81848],[39.89223,48.81866],[39.89181,48.81885],[39.89153,48.81896],[39.89108,48.81914],[39.89073,48.81926],[39.89032,48.81943],[39.88973,48.81966],[39.88921,48.81986],[39.88869,48.82006],[39.88847,48.82014],[39.88832,48.82023],[39.88804,48.82035],[39.88779,48.82048],[39.88767,48.82054],[39.88734,48.82066],[39.88678,48.82093],[39.88667,48.82098],[39.88634,48.82111],[39.88576,48.82129],[39.88523,48.82146],[39.88444,48.82166],[39.88356,48.82187],[39.88326,48.82195],[39.88311,48.82198],[39.88241,48.82213],[39.88181,48.82227],[39.8806,48.82253],[39.88035,48.82258],[39.88005,48.82259],[39.88001,48.8226],[39.87993,48.82262],[39.87944,48.82274],[39.87862,48.82293],[39.87798,48.82309],[39.87755,48.82315],[39.87736,48.82317],[39.87706,48.82327],[39.87633,48.82346],[39.87504,48.82376],[39.87392,48.82402],[39.87194,48.82446],[39.87089,48.8247],[39.87017,48.82484],[39.86988,48.82489],[39.8687,48.82521],[39.86815,48.82533],[39.86751,48.82543],[39.8669,48.82553],[39.86662,48.82558],[39.86625,48.82572],[39.86561,48.82588],[39.86455,48.82609],[39.86359,48.8263],[39.86315,48.82642],[39.86217,48.82663],[39.86108,48.82688],[39.86061,48.82698],[39.86049,48.82706],[39.86022,48.82709],[39.85971,48.82718],[39.85947,48.82723],[39.85813,48.82754],[39.85723,48.82771],[39.85667,48.82782],[39.85625,48.82791],[39.85556,48.82806],[39.85509,48.82814],[39.85481,48.82823],[39.8544,48.82833],[39.85395,48.82844],[39.85346,48.82854],[39.85196,48.82887],[39.85108,48.82907],[39.84985,48.82934],[39.84895,48.82954],[39.84858,48.82961],[39.84724,48.82991],[39.84656,48.83006],[39.84557,48.83028],[39.84426,48.83058],[39.84316,48.83084],[39.84201,48.8311],[39.84099,48.83132],[39.84009,48.83152],[39.83931,48.83169],[39.83818,48.83196],[39.83776,48.83207],[39.83688,48.83226],[39.83617,48.83248],[39.83589,48.83255],[39.83526,48.83273],[39.8343,48.83299],[39.83366,48.83314],[39.83348,48.83322],[39.83352,48.83331],[39.83359,48.83344],[39.83353,48.83358],[39.83343,48.83364],[39.83334,48.83366],[39.83314,48.83362],[39.83296,48.83361],[39.83281,48.83353],[39.83264,48.83348],[39.83238,48.83349],[39.83217,48.83348],[39.83194,48.83343],[39.83174,48.83342],[39.83149,48.83342],[39.83132,48.83338],[39.82862,48.83147],[39.80703,48.83871],[39.8083,48.83994],[39.80792,48.84014],[39.80765,48.84024],[39.8072,48.84039],[39.80699,48.8405],[39.80671,48.84069],[39.8065,48.84084],[39.80639,48.84095],[39.80632,48.84108],[39.80627,48.84118],[39.8062,48.84127],[39.80616,48.84136],[39.80614,48.84145],[39.80614,48.8415],[39.8062,48.84155],[39.80627,48.84161],[39.80633,48.84164],[39.80634,48.84168],[39.80632,48.84176],[39.80625,48.84188],[39.80618,48.84198],[39.8061,48.84209],[39.80604,48.84215],[39.80604,48.84223],[39.80601,48.8423],[39.80595,48.84245],[39.80589,48.84265],[39.80581,48.84285],[39.80573,48.84292],[39.80568,48.843],[39.80562,48.8431],[39.80557,48.84319],[39.80549,48.84328],[39.80539,48.84337],[39.80522,48.84347],[39.80514,48.84351],[39.80502,48.84355],[39.80498,48.84359],[39.80492,48.84364],[39.80481,48.8437],[39.80472,48.84372],[39.80461,48.84372],[39.80452,48.84373],[39.80442,48.84372],[39.80431,48.8437],[39.80411,48.84367],[39.80402,48.84364],[39.80399,48.84361],[39.80394,48.84359],[39.80387,48.84358],[39.80377,48.84353],[39.80362,48.84345],[39.80356,48.84341],[39.80351,48.84335],[39.80343,48.84326],[39.80338,48.84321],[39.80335,48.84318],[39.80335,48.84315],[39.80335,48.84312],[39.80337,48.84308],[39.80336,48.84304],[39.80334,48.84301],[39.80332,48.84299],[39.80328,48.84297],[39.80322,48.84296],[39.80317,48.84294],[39.80308,48.84294],[39.80301,48.84296],[39.80293,48.843],[39.80279,48.84302],[39.80271,48.84303],[39.8026,48.84304],[39.8024,48.84303],[39.80226,48.84301],[39.80209,48.84298],[39.80196,48.84297],[39.80184,48.84296],[39.80171,48.84294],[39.80164,48.84292],[39.80152,48.84293],[39.80141,48.84292],[39.80108,48.84288],[39.80085,48.8428],[39.80067,48.84278],[39.80048,48.84274],[39.80027,48.8427],[39.80011,48.84267],[39.80001,48.84264],[39.79998,48.8426],[39.79997,48.84256],[39.79994,48.8425],[39.79993,48.84248],[39.79988,48.84247],[39.79983,48.84245],[39.79981,48.84241],[39.79982,48.84236],[39.79981,48.84232],[39.79978,48.84229],[39.79972,48.84226],[39.79966,48.84221],[39.79957,48.84218],[39.79951,48.84214],[39.79947,48.8421],[39.79944,48.84205],[39.79935,48.842],[39.79926,48.84195],[39.79919,48.84188],[39.79917,48.84185],[39.79917,48.84181],[39.7991,48.84177],[39.79894,48.84172],[39.79875,48.84158],[39.79845,48.8414],[39.79824,48.84125],[39.79802,48.84109],[39.79781,48.84097],[39.79739,48.84069],[39.79728,48.84064],[39.79713,48.84055],[39.79701,48.84045],[39.79692,48.84042],[39.79677,48.8403],[39.79666,48.84019],[39.79654,48.84009],[39.79641,48.83995],[39.79628,48.83982],[39.7962,48.83971],[39.79616,48.83962],[39.79613,48.83948],[39.79606,48.83918],[39.79603,48.83903],[39.79606,48.83894],[39.79608,48.83889],[39.79611,48.83884],[39.79611,48.8388],[39.79611,48.83874],[39.79613,48.83868],[39.79616,48.83861],[39.7962,48.8385],[39.79623,48.83841],[39.79623,48.83831],[39.79621,48.83819],[39.7962,48.83796],[39.79619,48.83784],[39.7962,48.8377],[39.79613,48.8376],[39.79608,48.83754],[39.79599,48.83746],[39.79575,48.83729],[39.79553,48.83716],[39.79527,48.83707],[39.79512,48.83699],[39.79494,48.83694],[39.79457,48.83686],[39.79439,48.83683],[39.79413,48.83683],[39.79379,48.83686],[39.79347,48.83686],[39.79326,48.83681],[39.79304,48.83676],[39.79276,48.83668],[39.79243,48.83655],[39.79211,48.83639],[39.79201,48.8363],[39.79187,48.83626],[39.79178,48.83619],[39.79168,48.83609],[39.7916,48.83599],[39.79153,48.8359],[39.79144,48.83572],[39.79142,48.83564],[39.7914,48.83546],[39.79143,48.83534],[39.79149,48.83515],[39.79156,48.83499],[39.79163,48.83489],[39.79175,48.8348],[39.79187,48.83471],[39.792,48.83465],[39.79204,48.83459],[39.79206,48.83452],[39.79206,48.83443],[39.79203,48.83408],[39.792,48.83383],[39.79203,48.83369],[39.79211,48.83352],[39.79213,48.83346],[39.79211,48.8334],[39.79205,48.83332],[39.79196,48.83309],[39.79191,48.83289],[39.79186,48.83273],[39.79182,48.8325],[39.79182,48.83237],[39.79183,48.83211],[39.79187,48.83193],[39.79189,48.83162],[39.79194,48.83137],[39.79196,48.83104],[39.79196,48.83034],[39.7919,48.83008],[39.79184,48.82997],[39.79174,48.8299],[39.79168,48.82981],[39.79158,48.82967],[39.79148,48.82949],[39.79144,48.82936],[39.79142,48.82912],[39.7914,48.82892],[39.79145,48.82875],[39.79155,48.82865],[39.79169,48.82842],[39.79183,48.82828],[39.79191,48.82823],[39.79207,48.82818],[39.79235,48.82812],[39.79256,48.8281],[39.79276,48.82808],[39.79299,48.82809],[39.79313,48.82813],[39.79319,48.82819],[39.79323,48.82825],[39.79328,48.8283],[39.79341,48.82831],[39.79348,48.82831],[39.79353,48.82829],[39.79362,48.82823],[39.7937,48.82817],[39.79387,48.82815],[39.79408,48.82806],[39.79427,48.82799],[39.79456,48.82784],[39.79462,48.82784],[39.79469,48.82779],[39.79473,48.82773],[39.79478,48.82767],[39.79485,48.82759],[39.79491,48.8275],[39.79507,48.8274],[39.79524,48.8273],[39.79543,48.82711],[39.79552,48.82706],[39.79569,48.827],[39.79588,48.82692],[39.79605,48.82682],[39.79617,48.82673],[39.79624,48.82673],[39.79631,48.82673],[39.79641,48.82669],[39.79649,48.82659],[39.79666,48.82647],[39.79679,48.82634],[39.79687,48.82624],[39.79704,48.82617],[39.79714,48.82607],[39.79722,48.82604],[39.79728,48.826],[39.79735,48.82593],[39.7974,48.82586],[39.79743,48.82581],[39.79747,48.82578],[39.79756,48.82572],[39.79769,48.82565],[39.79775,48.82559],[39.7978,48.82551],[39.79779,48.82546],[39.7978,48.82541],[39.79787,48.82536],[39.7979,48.82534],[39.79792,48.82531],[39.79793,48.82525],[39.79789,48.8252],[39.79778,48.82496],[39.79769,48.82482],[39.79769,48.82475],[39.79769,48.82467],[39.79761,48.82459],[39.79747,48.82449],[39.79737,48.82441],[39.79687,48.82403],[39.79674,48.82391],[39.79658,48.82383],[39.79649,48.8238],[39.79639,48.82378],[39.79622,48.8238],[39.79598,48.82378],[39.79581,48.82372],[39.79551,48.82347],[39.79541,48.82335],[39.79518,48.82323],[39.79498,48.82316],[39.79477,48.8231],[39.79449,48.82306],[39.79416,48.823],[39.79382,48.82292],[39.79365,48.82292],[39.7935,48.82288],[39.79336,48.82289],[39.79333,48.82289],[39.79323,48.82283],[39.79304,48.82279],[39.79278,48.82274],[39.79255,48.82268],[39.79235,48.82262],[39.79228,48.82262],[39.79221,48.82263],[39.79206,48.82272],[39.79187,48.82278],[39.79157,48.82279],[39.79129,48.82278],[39.79111,48.82276],[39.79097,48.82276],[39.79088,48.82278],[39.79077,48.82281],[39.7906,48.82286],[39.7903,48.82299],[39.79016,48.82311],[39.79009,48.82318],[39.79002,48.82329],[39.78998,48.8234],[39.78995,48.8235],[39.78989,48.82363],[39.78986,48.8237],[39.78984,48.82378],[39.78983,48.82388],[39.78981,48.82396],[39.78978,48.82409],[39.78971,48.82422],[39.78967,48.82429],[39.78965,48.82439],[39.78961,48.82444],[39.78957,48.82448],[39.78952,48.82452],[39.78941,48.82457],[39.78929,48.82459],[39.78917,48.82458],[39.78905,48.82456],[39.78894,48.82455],[39.78887,48.82456],[39.78874,48.8246],[39.78862,48.82466],[39.7885,48.82474],[39.78845,48.82477],[39.78831,48.82487],[39.7882,48.82491],[39.7881,48.82494],[39.78799,48.82495],[39.7879,48.82494],[39.78783,48.82492],[39.78771,48.82492],[39.78761,48.82493],[39.78754,48.82496],[39.78747,48.82501],[39.78737,48.82504],[39.78732,48.82505],[39.78709,48.82503],[39.78688,48.82503],[39.78666,48.82501],[39.78649,48.82494],[39.78631,48.82485],[39.78614,48.82475],[39.78595,48.82466],[39.78584,48.82458],[39.78563,48.82442],[39.78549,48.82428],[39.78543,48.82416],[39.7854,48.82404],[39.78529,48.82383],[39.78524,48.82373],[39.78517,48.82363],[39.78511,48.82348],[39.78505,48.82323],[39.78503,48.82298],[39.78506,48.8228],[39.78511,48.82261],[39.78515,48.82238],[39.78521,48.82223],[39.78531,48.82207],[39.78539,48.82189],[39.78556,48.82167],[39.7858,48.82147],[39.78595,48.82136],[39.78612,48.82114],[39.78638,48.82075],[39.78647,48.82071],[39.78649,48.82067],[39.78656,48.82056],[39.78661,48.82036],[39.78677,48.81986],[39.78682,48.81983],[39.78687,48.81979],[39.78694,48.81972],[39.78697,48.81964],[39.78708,48.81943],[39.78711,48.81932],[39.78709,48.81922],[39.78709,48.81912],[39.78712,48.81904],[39.78717,48.81892],[39.78729,48.81863],[39.78732,48.81851],[39.78731,48.81842],[39.78727,48.81831],[39.7872,48.81804],[39.78719,48.81799],[39.78717,48.8179],[39.78713,48.81781],[39.78708,48.81774],[39.78697,48.81762],[39.7869,48.81754],[39.78683,48.81749],[39.78677,48.81743],[39.78674,48.81735],[39.78666,48.8173],[39.78659,48.8173],[39.78649,48.81731],[39.78643,48.81726],[39.7864,48.8172],[39.78638,48.81709],[39.78638,48.81697],[39.78644,48.81688],[39.78648,48.81685],[39.78653,48.81679],[39.78654,48.81674],[39.78657,48.81668],[39.78655,48.81659],[39.78652,48.81653],[39.78647,48.81643],[39.7864,48.81634],[39.78633,48.8163],[39.78623,48.81625],[39.78613,48.81622],[39.78596,48.81619],[39.78585,48.81612],[39.78571,48.81608],[39.78563,48.81607],[39.78556,48.81606],[39.78548,48.81605],[39.78534,48.81604],[39.78526,48.81604],[39.78513,48.81606],[39.78506,48.81611],[39.78504,48.81619],[39.78505,48.81625],[39.78507,48.81633],[39.78506,48.81637],[39.78502,48.81642],[39.78495,48.81646],[39.78484,48.81652],[39.78478,48.81653],[39.78473,48.81654],[39.78467,48.81654],[39.78462,48.81652],[39.78459,48.8165],[39.78453,48.81646],[39.78449,48.81639],[39.78443,48.81627],[39.78437,48.81619],[39.78428,48.81613],[39.78409,48.81598],[39.78392,48.81591],[39.78384,48.81583],[39.78376,48.81571],[39.78368,48.81557],[39.78359,48.81548],[39.78353,48.8154],[39.78337,48.81521],[39.78336,48.81511],[39.78327,48.81498],[39.78317,48.81489],[39.78309,48.81484],[39.78299,48.81477],[39.78286,48.81467],[39.78278,48.81461],[39.78263,48.81434],[39.78254,48.81423],[39.78244,48.81409],[39.78222,48.81395],[39.7821,48.81388],[39.78199,48.81381],[39.78187,48.81376],[39.78173,48.81366],[39.78156,48.8136],[39.78145,48.81354],[39.78136,48.81338],[39.78129,48.81326],[39.78125,48.81322],[39.78118,48.81317],[39.7811,48.81313],[39.78106,48.8131],[39.78095,48.81295],[39.78082,48.81289],[39.78061,48.8127],[39.78042,48.81253],[39.78027,48.81238],[39.78022,48.81231],[39.78011,48.81212],[39.78002,48.81201],[39.77996,48.81193],[39.77991,48.81185],[39.7799,48.81171],[39.77991,48.8116],[39.77992,48.81146],[39.77988,48.81131],[39.77983,48.81117],[39.77975,48.81102],[39.77974,48.81093],[39.77974,48.81074],[39.77971,48.81049],[39.7797,48.81038],[39.77969,48.81017],[39.77972,48.81],[39.77973,48.80985],[39.77973,48.80971],[39.77973,48.8096],[39.77977,48.80953],[39.77987,48.80939],[39.77992,48.80922],[39.77994,48.80908],[39.77994,48.80886],[39.77993,48.80867],[39.77987,48.80846],[39.77985,48.80844],[39.77986,48.8084],[39.77989,48.80837],[39.77989,48.80833],[39.77985,48.80825],[39.77984,48.80815],[39.77985,48.80804],[39.77993,48.80788],[39.77999,48.80776],[39.78004,48.80764],[39.78003,48.80755],[39.77998,48.80748],[39.77995,48.80742],[39.77993,48.80735],[39.77997,48.80721],[39.78006,48.80704],[39.78021,48.80668],[39.78026,48.80655],[39.78037,48.80635],[39.7805,48.8062],[39.78064,48.806],[39.78082,48.80571],[39.78093,48.80553],[39.78109,48.80532],[39.78126,48.80516],[39.78152,48.80495],[39.78195,48.80452],[39.78205,48.8044],[39.78217,48.8042],[39.78225,48.80398],[39.78229,48.80389],[39.78236,48.80382],[39.78246,48.80375],[39.78259,48.80371],[39.78272,48.8036],[39.78282,48.80339],[39.78287,48.80334],[39.78291,48.8033],[39.78303,48.80322],[39.78322,48.80308],[39.78337,48.80293],[39.7835,48.80274],[39.78354,48.80268],[39.78379,48.80256],[39.78393,48.80248],[39.78399,48.80241],[39.78405,48.80229],[39.78409,48.80214],[39.78413,48.80203],[39.78416,48.80198],[39.78426,48.80192],[39.78435,48.80186],[39.78442,48.80176],[39.78449,48.80164],[39.78455,48.80154],[39.78462,48.80145],[39.78473,48.80133],[39.78492,48.8012],[39.78513,48.80102],[39.78525,48.80087],[39.78533,48.80077],[39.78538,48.80063],[39.7854,48.80053],[39.78539,48.80045],[39.78538,48.8004],[39.78539,48.80033],[39.7854,48.80026],[39.78541,48.80018],[39.78543,48.80007],[39.7855,48.79989],[39.78557,48.7998],[39.7856,48.7997],[39.78563,48.79964],[39.78566,48.79953],[39.78571,48.79944],[39.78573,48.79937],[39.78575,48.7993],[39.78575,48.79909],[39.78575,48.79896],[39.78574,48.79882],[39.78571,48.7987],[39.78568,48.79856],[39.78568,48.79846],[39.78571,48.79831],[39.78571,48.79825],[39.78569,48.79814],[39.78564,48.79801],[39.78562,48.79789],[39.78559,48.79781],[39.78557,48.79773],[39.78552,48.79753],[39.7855,48.79741],[39.78549,48.79731],[39.7854,48.79701],[39.78537,48.79679],[39.78533,48.79666],[39.7853,48.79656],[39.78528,48.79646],[39.78527,48.79616],[39.78517,48.79603],[39.78514,48.79599],[39.78506,48.79586],[39.78504,48.79574],[39.78502,48.79564],[39.78497,48.79555],[39.78482,48.79535],[39.78469,48.79514],[39.78465,48.79507],[39.78458,48.795],[39.78451,48.7949],[39.7845,48.7948],[39.78446,48.79472],[39.78437,48.79463],[39.78432,48.79454],[39.78422,48.7943],[39.78408,48.79396],[39.78407,48.79373],[39.78406,48.79365],[39.78402,48.7936],[39.78395,48.79352],[39.78367,48.79334],[39.78358,48.7932],[39.78355,48.79311],[39.78358,48.7929],[39.7837,48.79258],[39.7838,48.79232],[39.78388,48.79211],[39.78393,48.79199],[39.78396,48.79189],[39.78394,48.79179],[39.78387,48.79171],[39.78377,48.79161],[39.78369,48.79153],[39.78361,48.79139],[39.78349,48.79118],[39.78335,48.79102],[39.78333,48.79085],[39.78329,48.79072],[39.78322,48.7906],[39.78312,48.79046],[39.78304,48.79035],[39.78293,48.79018],[39.78288,48.79009],[39.78275,48.78999],[39.78268,48.78993],[39.78264,48.78988],[39.7826,48.78981],[39.78253,48.78972],[39.78243,48.78964],[39.78238,48.78954],[39.78238,48.78949],[39.78233,48.78943],[39.78222,48.78938],[39.78213,48.78932],[39.78202,48.78922],[39.78195,48.78915],[39.78184,48.78906],[39.78172,48.78901],[39.78156,48.78891],[39.78145,48.78879],[39.78129,48.78857],[39.78113,48.7882],[39.78097,48.78789],[39.78091,48.78778],[39.78089,48.78765],[39.78084,48.78755],[39.7808,48.78744],[39.7808,48.78737],[39.78086,48.7873],[39.78092,48.78722],[39.78098,48.78712],[39.78098,48.787],[39.78091,48.7869],[39.78082,48.78683],[39.78074,48.78679],[39.78063,48.78674],[39.78057,48.78672],[39.78049,48.78668],[39.78043,48.78662],[39.78037,48.78653],[39.78032,48.78642],[39.78023,48.78632],[39.78018,48.78627],[39.78004,48.78621],[39.77988,48.78606],[39.77973,48.78589],[39.77954,48.78576],[39.77944,48.78569],[39.77936,48.78567],[39.77925,48.7856],[39.77906,48.78547],[39.77885,48.78534],[39.77864,48.78523],[39.77849,48.78518],[39.77839,48.78511],[39.77824,48.78506],[39.77807,48.78503],[39.77778,48.785],[39.77746,48.78498],[39.77727,48.78497],[39.77717,48.78495],[39.77706,48.78488],[39.77697,48.78482],[39.77688,48.78474],[39.77674,48.78467],[39.77651,48.7846],[39.77641,48.78455],[39.77626,48.78451],[39.77599,48.7845],[39.77548,48.78451],[39.77474,48.78449],[39.77423,48.78447],[39.7738,48.78446],[39.77353,48.78445],[39.77342,48.78441],[39.77324,48.78429],[39.7731,48.78421],[39.77293,48.78414],[39.77253,48.784],[39.77235,48.7839],[39.77212,48.7838],[39.77196,48.7837],[39.77178,48.78359],[39.77163,48.78347],[39.77152,48.7834],[39.77146,48.78336],[39.77143,48.78329],[39.77137,48.78323],[39.77133,48.78317],[39.77126,48.78312],[39.7712,48.78308],[39.77118,48.78304],[39.77115,48.78299],[39.77107,48.78296],[39.77098,48.78285],[39.77088,48.78272],[39.77075,48.78252],[39.77061,48.78222],[39.77056,48.78213],[39.77055,48.78205],[39.77053,48.78193],[39.77049,48.78179],[39.77045,48.78172],[39.77039,48.78167],[39.77027,48.78158],[39.77009,48.78145],[39.76996,48.78131],[39.76987,48.78117],[39.7698,48.78106],[39.76967,48.7809],[39.76943,48.78065],[39.76927,48.78052],[39.76908,48.78038],[39.76888,48.7803],[39.76865,48.78017],[39.76853,48.7801],[39.76834,48.78001],[39.76816,48.77994],[39.76797,48.7799],[39.76788,48.77986],[39.76785,48.77986],[39.76779,48.77987],[39.76773,48.77987],[39.76768,48.77986],[39.7676,48.77983],[39.76738,48.77974],[39.76721,48.77969],[39.76714,48.77966],[39.76705,48.77961],[39.767,48.77957],[39.76686,48.77949],[39.76667,48.77939],[39.7665,48.77931],[39.76629,48.77916],[39.76608,48.77899],[39.76591,48.77879],[39.76575,48.77861],[39.76568,48.77844],[39.76564,48.77835],[39.7656,48.77829],[39.76553,48.77821],[39.76551,48.77805],[39.76552,48.77793],[39.76556,48.7778],[39.76554,48.77772],[39.76551,48.77758],[39.76557,48.77726],[39.76564,48.77712],[39.76562,48.77699],[39.76559,48.7769],[39.76561,48.77677],[39.76567,48.77662],[39.7657,48.77657],[39.76576,48.77649],[39.76581,48.77643],[39.76583,48.77641],[39.76582,48.77633],[39.76581,48.77626],[39.76582,48.77621],[39.76578,48.77616],[39.76574,48.77612],[39.76571,48.77604],[39.76571,48.77594],[39.76571,48.77584],[39.76563,48.77574],[39.76552,48.77561],[39.76549,48.77554],[39.76542,48.77545],[39.76531,48.77534],[39.7651,48.77514],[39.76494,48.77502],[39.76473,48.77491],[39.76448,48.7748],[39.76427,48.7747],[39.76401,48.77454],[39.76375,48.77436],[39.76357,48.77414],[39.76339,48.77394],[39.76316,48.77365],[39.76303,48.77341],[39.76296,48.7732],[39.76285,48.77307],[39.7627,48.77296],[39.76263,48.77287],[39.76259,48.77275],[39.76257,48.77259],[39.76256,48.77243],[39.76262,48.77217],[39.7627,48.772],[39.76283,48.77179],[39.763,48.77153],[39.76321,48.77134],[39.76344,48.77117],[39.76359,48.7711],[39.76376,48.77104],[39.76396,48.77099],[39.7643,48.77096],[39.76465,48.77097],[39.76508,48.77098],[39.76533,48.77099],[39.76562,48.77099],[39.76584,48.77095],[39.76612,48.77087],[39.76641,48.77075],[39.76677,48.77058],[39.76702,48.77051],[39.76729,48.77044],[39.76759,48.77034],[39.76778,48.77027],[39.76792,48.77018],[39.76802,48.77009],[39.76811,48.76998],[39.76821,48.76984],[39.76824,48.76972],[39.76832,48.76961],[39.76839,48.7695],[39.76842,48.76935],[39.76847,48.76918],[39.76854,48.76905],[39.76865,48.76883],[39.76866,48.76871],[39.76868,48.76854],[39.76867,48.76829],[39.76866,48.7681],[39.76865,48.7679],[39.76866,48.76774],[39.76866,48.76753],[39.76866,48.76741],[39.76865,48.76733],[39.76864,48.76725],[39.76862,48.76717],[39.7686,48.76711],[39.76856,48.76701],[39.76859,48.76686],[39.76856,48.76677],[39.76851,48.76666],[39.76847,48.76645],[39.76844,48.7663],[39.76843,48.7662],[39.76837,48.76607],[39.7683,48.76598],[39.76815,48.76582],[39.76797,48.7656],[39.76785,48.76548],[39.76756,48.76528],[39.76737,48.76515],[39.7671,48.76499],[39.76705,48.76493],[39.76682,48.76474],[39.7667,48.76467],[39.76656,48.76458],[39.76635,48.76446],[39.76623,48.76436],[39.76616,48.76432],[39.76604,48.76427],[39.76578,48.76416],[39.76566,48.76414],[39.76553,48.7641],[39.76525,48.76401],[39.76507,48.76396],[39.76496,48.76392],[39.76479,48.76386],[39.76461,48.76384],[39.76438,48.76382],[39.76422,48.76382],[39.76398,48.76382],[39.76377,48.7638],[39.7637,48.76381],[39.76361,48.76383],[39.76347,48.76385],[39.76329,48.76387],[39.76297,48.76385],[39.76272,48.76384],[39.76252,48.76383],[39.76231,48.76382],[39.76215,48.7638],[39.76189,48.76379],[39.76171,48.76378],[39.76144,48.76378],[39.76126,48.76379],[39.76102,48.76383],[39.7609,48.76386],[39.76077,48.76394],[39.76069,48.76397],[39.76058,48.76398],[39.76051,48.764],[39.76043,48.76404],[39.76035,48.76408],[39.76027,48.76413],[39.7602,48.76418],[39.76016,48.76422],[39.76011,48.76425],[39.76,48.7643],[39.75993,48.76437],[39.75983,48.76444],[39.75974,48.7645],[39.7597,48.76455],[39.7595,48.76467],[39.75937,48.76474],[39.75932,48.76477],[39.7592,48.76487],[39.7591,48.76494],[39.75904,48.76499],[39.75898,48.76507],[39.75896,48.76512],[39.75892,48.76518],[39.75888,48.76525],[39.75883,48.76532],[39.75878,48.76537],[39.75877,48.76541],[39.75873,48.76546],[39.75864,48.7655],[39.75855,48.76558],[39.75846,48.76565],[39.75842,48.76573],[39.7584,48.76575],[39.75833,48.76578],[39.75824,48.76581],[39.7582,48.76583],[39.75817,48.76587],[39.75807,48.76594],[39.75782,48.76609],[39.75761,48.7662],[39.75747,48.76624],[39.75732,48.76626],[39.75725,48.76624],[39.75721,48.76624],[39.75715,48.76625],[39.75705,48.76628],[39.75693,48.76635],[39.75688,48.76639],[39.75681,48.76641],[39.75676,48.76644],[39.75675,48.76648],[39.75673,48.7665],[39.75663,48.76656],[39.75646,48.76669],[39.75633,48.76681],[39.75617,48.76704],[39.75605,48.76727],[39.75599,48.7674],[39.75594,48.7675],[39.75588,48.76763],[39.7558,48.76774],[39.75565,48.76788],[39.75554,48.76796],[39.75535,48.76806],[39.75511,48.76814],[39.75498,48.76817],[39.75486,48.76818],[39.75457,48.76817],[39.75427,48.76814],[39.75404,48.76812],[39.75385,48.76805],[39.7536,48.76794],[39.75338,48.76786],[39.75312,48.7678],[39.75285,48.76774],[39.75262,48.7677],[39.75243,48.76769],[39.75221,48.76771],[39.75209,48.76772],[39.75186,48.7677],[39.75159,48.76769],[39.7511,48.76761],[39.75046,48.76751],[39.75027,48.76747],[39.75013,48.76744],[39.74979,48.76732],[39.74966,48.76741],[39.74957,48.76747],[39.74957,48.76753],[39.74957,48.76757],[39.74955,48.76764],[39.74957,48.76773],[39.74958,48.76776],[39.74957,48.76779],[39.74947,48.76781],[39.74941,48.76783],[39.74929,48.76797],[39.74932,48.76809],[39.74943,48.76821],[39.74952,48.76829],[39.74964,48.76832],[39.74976,48.76832],[39.74984,48.76831],[39.74999,48.7683],[39.75004,48.76832],[39.75003,48.76836],[39.74991,48.76843],[39.74982,48.76849],[39.74979,48.76853],[39.74977,48.76855],[39.74988,48.76865],[39.75002,48.76877],[39.75013,48.76889],[39.75018,48.76897],[39.75021,48.76918],[39.75035,48.7693],[39.75041,48.76939],[39.75054,48.76951],[39.75062,48.76962],[39.75066,48.76969],[39.75076,48.76979],[39.75083,48.76982],[39.75097,48.76986],[39.75121,48.76981],[39.75139,48.76983],[39.75189,48.76988],[39.75208,48.76994],[39.75214,48.77003],[39.75227,48.77007],[39.7524,48.77002],[39.75246,48.76999],[39.75256,48.76999],[39.75263,48.77006],[39.75271,48.77014],[39.75278,48.77018],[39.75292,48.7702],[39.75298,48.77012],[39.75316,48.77002],[39.75321,48.77002],[39.75336,48.77003],[39.75348,48.77006],[39.75355,48.77018],[39.75368,48.7703],[39.75374,48.77043],[39.75372,48.77051],[39.75364,48.77068],[39.75358,48.77082],[39.75354,48.77105],[39.75344,48.77122],[39.75332,48.77137],[39.75311,48.77152],[39.75291,48.7717],[39.75265,48.7719],[39.75257,48.77198],[39.75255,48.77208],[39.75247,48.77215],[39.75222,48.77225],[39.75203,48.77238],[39.75196,48.77249],[39.7518,48.77259],[39.75159,48.77269],[39.75148,48.77271],[39.75138,48.77275],[39.7513,48.77282],[39.75116,48.77288],[39.75103,48.77289],[39.75091,48.77285],[39.75064,48.77296],[39.75026,48.773],[39.74967,48.77304],[39.74931,48.77302],[39.74907,48.77298],[39.74874,48.77298],[39.74833,48.77297],[39.74812,48.7729],[39.74791,48.77279],[39.74778,48.77268],[39.74767,48.77257],[39.74751,48.77249],[39.7473,48.77233],[39.74717,48.77218],[39.74713,48.77189],[39.7471,48.7717],[39.74705,48.77163],[39.74694,48.77154],[39.74676,48.77148],[39.74658,48.77139],[39.74649,48.77135],[39.74639,48.77128],[39.74633,48.77121],[39.74612,48.77101],[39.74593,48.77097],[39.74568,48.7709],[39.74537,48.77082],[39.74512,48.77073],[39.74507,48.77061],[39.74508,48.77053],[39.74504,48.77048],[39.74497,48.77045],[39.74487,48.77046],[39.74476,48.77049],[39.74469,48.77054],[39.74453,48.77057],[39.74441,48.77054],[39.74425,48.77047],[39.74419,48.77046],[39.74401,48.77045],[39.74374,48.77038],[39.74361,48.77026],[39.74358,48.77015],[39.74355,48.77003],[39.74351,48.76986],[39.74348,48.76968],[39.74351,48.76961],[39.74361,48.76955],[39.7437,48.76947],[39.74382,48.76941],[39.74389,48.76939],[39.7439,48.76939],[39.74406,48.7694],[39.74412,48.76934],[39.74412,48.76927],[39.7441,48.76921],[39.74409,48.76919],[39.74407,48.76912],[39.74409,48.7691],[39.74413,48.76907],[39.74425,48.76904],[39.74433,48.769],[39.74434,48.76897],[39.74437,48.76889],[39.7444,48.76887],[39.7445,48.76887],[39.74454,48.76884],[39.74454,48.76875],[39.74451,48.76868],[39.74452,48.76864],[39.74454,48.76862],[39.74466,48.76864],[39.74472,48.7686],[39.74467,48.76855],[39.74468,48.76844],[39.74479,48.76834],[39.74482,48.76826],[39.74478,48.76822],[39.74471,48.76819],[39.74467,48.76816],[39.74466,48.76809],[39.74466,48.76803],[39.74474,48.76797],[39.74481,48.76795],[39.7449,48.76793],[39.74503,48.76794],[39.74513,48.7679],[39.74518,48.76786],[39.74517,48.76779],[39.74516,48.76775],[39.74515,48.7677],[39.74516,48.76763],[39.74519,48.76749],[39.74519,48.76743],[39.74491,48.76745],[39.7447,48.76744],[39.74447,48.76743],[39.74434,48.76741],[39.74424,48.76737],[39.74416,48.76733],[39.7441,48.76726],[39.74401,48.7672],[39.74389,48.76714],[39.74349,48.76697],[39.7433,48.76691],[39.74324,48.76688],[39.74311,48.7668],[39.74264,48.76648],[39.74221,48.76623],[39.7419,48.76611],[39.74163,48.76604],[39.74146,48.76602],[39.74125,48.76602],[39.74114,48.76605],[39.74102,48.7661],[39.74094,48.76615],[39.74076,48.76626],[39.74047,48.76641],[39.74024,48.7665],[39.74006,48.76656],[39.7399,48.76658],[39.73973,48.7666],[39.73955,48.76662],[39.73938,48.76664],[39.73928,48.76666],[39.73914,48.76665],[39.73906,48.76663],[39.73895,48.76657],[39.73879,48.76646],[39.73873,48.76638],[39.73866,48.76629],[39.73858,48.76621],[39.7384,48.76608],[39.73821,48.76598],[39.73805,48.76589],[39.73789,48.76573],[39.73751,48.76539],[39.73739,48.76521],[39.73726,48.76508],[39.73713,48.76498],[39.737,48.76489],[39.73695,48.76481],[39.73693,48.76477],[39.73686,48.76473],[39.73678,48.76473],[39.73674,48.76472],[39.73671,48.76468],[39.73666,48.76469],[39.73661,48.76472],[39.73659,48.76472],[39.73657,48.76469],[39.73655,48.76466],[39.73656,48.76464],[39.73655,48.76461],[39.73654,48.7646],[39.73651,48.7646],[39.73645,48.76458],[39.73642,48.76452],[39.73639,48.76444],[39.7364,48.7644],[39.73643,48.76435],[39.73647,48.76432],[39.73653,48.76428],[39.7366,48.76426],[39.73667,48.76422],[39.73675,48.76419],[39.73678,48.76417],[39.73683,48.76415],[39.73688,48.76412],[39.7369,48.76407],[39.73691,48.76402],[39.7369,48.764],[39.73684,48.76398],[39.73681,48.76396],[39.73681,48.76393],[39.7368,48.7639],[39.73672,48.76384],[39.73671,48.7638],[39.73669,48.76378],[39.73664,48.76376],[39.73662,48.76372],[39.73662,48.76367],[39.73662,48.76366],[39.73658,48.76364],[39.73656,48.76362],[39.73656,48.7636],[39.73658,48.76356],[39.73656,48.7635],[39.73651,48.76346],[39.73646,48.76341],[39.73645,48.76334],[39.73646,48.76326],[39.73649,48.7632],[39.73652,48.76316],[39.73654,48.76312],[39.73656,48.76307],[39.73659,48.76304],[39.73666,48.76303],[39.73669,48.763],[39.73669,48.76294],[39.73672,48.7629],[39.73679,48.76286],[39.73678,48.76282],[39.73681,48.76278],[39.73685,48.76275],[39.7369,48.76272],[39.7369,48.76269],[39.7369,48.76266],[39.73693,48.76262],[39.73693,48.76258],[39.73689,48.76254],[39.73685,48.7625],[39.73681,48.76246],[39.73673,48.76243],[39.7367,48.7624],[39.7367,48.76236],[39.73668,48.7623],[39.73665,48.76218],[39.7366,48.76206],[39.73659,48.762],[39.73662,48.76192],[39.73666,48.76175],[39.73666,48.76169],[39.73663,48.76163],[39.73653,48.76153],[39.73648,48.76148],[39.73637,48.76147],[39.73625,48.76146],[39.73614,48.76143],[39.7361,48.7614],[39.73605,48.76136],[39.736,48.76132],[39.7359,48.76131],[39.73583,48.76129],[39.73577,48.76124],[39.73571,48.76114],[39.73568,48.76108],[39.73566,48.76101],[39.73567,48.76095],[39.73568,48.76087],[39.73572,48.76083],[39.73584,48.7608],[39.73597,48.76079],[39.73607,48.76079],[39.73613,48.76078],[39.73619,48.76075],[39.73625,48.76071],[39.73628,48.76069],[39.7363,48.76065],[39.73629,48.76057],[39.73624,48.7605],[39.73618,48.76044],[39.73611,48.7604],[39.73598,48.76033],[39.73593,48.76027],[39.7359,48.7602],[39.73588,48.76013],[39.73579,48.76008],[39.7357,48.76008],[39.7354,48.76012],[39.73537,48.76012],[39.73498,48.76014],[39.73461,48.76008],[39.73437,48.76001],[39.73431,48.76],[39.73419,48.76002],[39.73417,48.76013],[39.73389,48.76026],[39.73368,48.76026],[39.73344,48.76018],[39.73335,48.76011],[39.7332,48.76002],[39.73302,48.75991],[39.73286,48.75989],[39.73225,48.75992],[39.73176,48.75983],[39.73112,48.75962],[39.7309,48.7595],[39.73069,48.75933],[39.73068,48.75922],[39.73072,48.75912],[39.73073,48.75907],[39.73069,48.75895],[39.73067,48.75888],[39.73061,48.75875],[39.73048,48.75849],[39.73025,48.75812],[39.73011,48.7577],[39.73001,48.75744],[39.73003,48.75707],[39.73007,48.75687],[39.73017,48.75672],[39.73028,48.75657],[39.7304,48.75645],[39.73059,48.75631],[39.73086,48.75616],[39.73132,48.75602],[39.73166,48.75591],[39.73185,48.75586],[39.73197,48.75579],[39.732,48.75572],[39.73206,48.75562],[39.73206,48.75548],[39.73202,48.75534],[39.73202,48.75529],[39.732,48.7552],[39.73194,48.75514],[39.73176,48.75506],[39.73157,48.75499],[39.73138,48.75488],[39.73123,48.75482],[39.73102,48.75477],[39.73058,48.75464],[39.73019,48.75451],[39.73012,48.75446],[39.72998,48.7544],[39.72957,48.7543],[39.7293,48.75425],[39.72905,48.75422],[39.7289,48.75423],[39.7286,48.75425],[39.72833,48.75429],[39.72799,48.7543],[39.72777,48.75428],[39.72769,48.75425],[39.72761,48.75416],[39.72742,48.75394],[39.72724,48.7537],[39.72714,48.7536],[39.72697,48.75355],[39.72676,48.75347],[39.72659,48.75339],[39.72645,48.75333],[39.72626,48.75322],[39.72597,48.75292],[39.72585,48.75273],[39.72576,48.75256],[39.72576,48.75246],[39.72575,48.75236],[39.72581,48.75221],[39.72586,48.75206],[39.72618,48.75127],[39.72626,48.75113],[39.72642,48.75051],[39.72649,48.7504],[39.7266,48.75017],[39.7266,48.75009],[39.72658,48.74995],[39.7267,48.74984],[39.727,48.74973],[39.72722,48.74963],[39.72731,48.7496],[39.72744,48.74945],[39.72754,48.74933],[39.72767,48.7492],[39.72784,48.74915],[39.72792,48.74923],[39.72806,48.74924],[39.72854,48.74921],[39.72862,48.74915],[39.72866,48.74909],[39.72885,48.74902],[39.72916,48.74895],[39.72936,48.74883],[39.72951,48.74879],[39.72957,48.74875],[39.72968,48.74867],[39.73002,48.7485],[39.73026,48.74842],[39.7304,48.74843],[39.7305,48.74844],[39.73059,48.74848],[39.73067,48.74853],[39.73082,48.74854],[39.73112,48.74857],[39.73128,48.74862],[39.73133,48.74867],[39.73136,48.74879],[39.73124,48.74898],[39.73108,48.74921],[39.73104,48.74936],[39.7309,48.74947],[39.73082,48.74963],[39.73075,48.74977],[39.73067,48.74989],[39.7306,48.75],[39.73049,48.75007],[39.73028,48.75028],[39.73014,48.7504],[39.73011,48.75049],[39.73011,48.7506],[39.73015,48.75086],[39.73024,48.75096],[39.73035,48.75103],[39.73061,48.75109],[39.73085,48.75111],[39.73114,48.7512],[39.7314,48.75133],[39.73162,48.75139],[39.73174,48.75154],[39.73184,48.75198],[39.73194,48.75227],[39.73205,48.75243],[39.7323,48.75261],[39.73263,48.7527],[39.733,48.75275],[39.73332,48.75277],[39.73355,48.75275],[39.7337,48.75272],[39.7338,48.75268],[39.73386,48.75261],[39.73398,48.75239],[39.73402,48.75223],[39.73404,48.75202],[39.73405,48.75189],[39.73406,48.75178],[39.73408,48.7515],[39.73411,48.75139],[39.73417,48.75132],[39.73434,48.75129],[39.73462,48.75125],[39.73481,48.75134],[39.73493,48.75145],[39.735,48.7515],[39.73515,48.75152],[39.73544,48.7514],[39.73544,48.75116],[39.73547,48.75112],[39.73552,48.75111],[39.73556,48.75112],[39.73559,48.75115],[39.73564,48.75116],[39.73568,48.75114],[39.73572,48.75112],[39.73585,48.75108],[39.73593,48.75102],[39.73608,48.75093],[39.73612,48.75092],[39.73619,48.75088],[39.7363,48.75089],[39.73638,48.75092],[39.73645,48.75098],[39.73652,48.75102],[39.73659,48.75104],[39.73669,48.75102],[39.73673,48.75101],[39.73678,48.75098],[39.73678,48.75093],[39.73676,48.7509],[39.73679,48.75085],[39.73681,48.75081],[39.7368,48.75078],[39.73678,48.75071],[39.73678,48.75063],[39.73673,48.75057],[39.73671,48.75053],[39.73669,48.75051],[39.73665,48.75047],[39.73666,48.75043],[39.73664,48.7504],[39.73666,48.75037],[39.73663,48.75034],[39.7366,48.75034],[39.73657,48.75033],[39.73655,48.75032],[39.73654,48.75029],[39.73657,48.75027],[39.73656,48.75022],[39.73659,48.75007],[39.7366,48.74994],[39.73661,48.74982],[39.73661,48.74973],[39.73656,48.74966],[39.73654,48.74959],[39.73656,48.74953],[39.73663,48.74946],[39.73673,48.74938],[39.73678,48.74932],[39.73686,48.74918],[39.73694,48.74907],[39.73697,48.749],[39.737,48.74897],[39.73702,48.74893],[39.737,48.74889],[39.73702,48.74884],[39.73706,48.74879],[39.73711,48.74872],[39.73714,48.74868],[39.73721,48.74865],[39.73725,48.74863],[39.73726,48.74859],[39.73732,48.74858],[39.73737,48.74854],[39.73747,48.74851],[39.73756,48.74848],[39.73763,48.74844],[39.73768,48.74837],[39.73783,48.74823],[39.7379,48.74817],[39.73792,48.74812],[39.73798,48.74807],[39.73805,48.74801],[39.73815,48.74794],[39.7382,48.74789],[39.7383,48.74785],[39.73837,48.74782],[39.73842,48.74778],[39.73846,48.74774],[39.73851,48.74772],[39.73857,48.74771],[39.73862,48.7477],[39.73864,48.74767],[39.73865,48.74763],[39.73866,48.7476],[39.73869,48.74756],[39.73875,48.74751],[39.73878,48.74745],[39.73878,48.74739],[39.7388,48.74735],[39.73883,48.7473],[39.73883,48.74725],[39.73881,48.7472],[39.73881,48.74715],[39.73884,48.74707],[39.73887,48.74702],[39.73888,48.74698],[39.73886,48.74692],[39.73885,48.74688],[39.73888,48.74682],[39.73891,48.74677],[39.73891,48.74669],[39.73896,48.7466],[39.73897,48.74653],[39.73893,48.74646],[39.73894,48.7464],[39.73892,48.74635],[39.73896,48.7463],[39.73898,48.74626],[39.739,48.74623],[39.739,48.74618],[39.73903,48.74612],[39.73902,48.74605],[39.73903,48.74598],[39.73907,48.74595],[39.73908,48.7459],[39.73912,48.74585],[39.73915,48.74579],[39.73914,48.74575],[39.73913,48.7457],[39.73915,48.74564],[39.73919,48.74559],[39.73922,48.74553],[39.73922,48.74541],[39.73922,48.74535],[39.73928,48.74527],[39.73934,48.74522],[39.73937,48.74508],[39.73936,48.74502],[39.73939,48.7449],[39.73941,48.74478],[39.73946,48.74473],[39.73944,48.74471],[39.73946,48.74466],[39.73951,48.74459],[39.73951,48.74452],[39.73952,48.74441],[39.73953,48.74433],[39.73954,48.74429],[39.73956,48.74421],[39.73956,48.74416],[39.73956,48.74412],[39.73955,48.74407],[39.73949,48.74404],[39.73954,48.74397],[39.73952,48.74393],[39.73946,48.74382],[39.73946,48.74378],[39.73942,48.74372],[39.73936,48.74368],[39.73923,48.7436],[39.7391,48.74351],[39.73896,48.74342],[39.73881,48.74335],[39.73872,48.7433],[39.73861,48.74327],[39.73851,48.74324],[39.73845,48.74322],[39.73839,48.74322],[39.73835,48.74321],[39.73824,48.7432],[39.73818,48.74319],[39.73807,48.74317],[39.73801,48.74319],[39.73788,48.74323],[39.73775,48.74324],[39.73763,48.74324],[39.73758,48.74323],[39.73754,48.74322],[39.73752,48.74321],[39.7375,48.74319],[39.7375,48.74316],[39.73747,48.74316],[39.73745,48.74317],[39.73741,48.74319],[39.73738,48.74321],[39.73736,48.74325],[39.73729,48.74327],[39.73723,48.74326],[39.73718,48.74325],[39.73711,48.74325],[39.73706,48.74324],[39.73699,48.74323],[39.73689,48.74324],[39.73682,48.74325],[39.73674,48.74324],[39.73669,48.74326],[39.73663,48.74328],[39.73658,48.74332],[39.73654,48.74334],[39.73647,48.74335],[39.73637,48.74335],[39.73628,48.74337],[39.73621,48.7434],[39.73615,48.74343],[39.73609,48.74348],[39.73606,48.7435],[39.73597,48.7435],[39.73589,48.74354],[39.73586,48.74358],[39.73582,48.74364],[39.73578,48.74365],[39.73569,48.74367],[39.73562,48.74369],[39.73559,48.74372],[39.73557,48.74375],[39.73555,48.74377],[39.73552,48.7438],[39.73545,48.74382],[39.7354,48.74384],[39.73533,48.7439],[39.73529,48.74393],[39.73522,48.744],[39.7352,48.74404],[39.73518,48.74408],[39.73515,48.74413],[39.73514,48.74417],[39.73515,48.74423],[39.73511,48.74426],[39.7351,48.74429],[39.73506,48.74435],[39.73506,48.7444],[39.73503,48.74448],[39.735,48.74456],[39.73494,48.74461],[39.73485,48.74464],[39.73478,48.74471],[39.73477,48.74475],[39.73466,48.74483],[39.73448,48.74494],[39.73428,48.74505],[39.73397,48.74515],[39.73381,48.74515],[39.73369,48.74515],[39.7336,48.74514],[39.73351,48.74511],[39.73346,48.74508],[39.7334,48.74503],[39.73337,48.74498],[39.73322,48.7449],[39.73306,48.74481],[39.73283,48.74472],[39.73259,48.74464],[39.73241,48.74453],[39.73229,48.74445],[39.73215,48.7443],[39.73201,48.74404],[39.7319,48.74383],[39.73182,48.74362],[39.73181,48.74356],[39.73177,48.74335],[39.73177,48.74315],[39.73176,48.74278],[39.73181,48.74251],[39.73179,48.74235],[39.73172,48.74221],[39.73163,48.7421],[39.73147,48.74197],[39.73136,48.74188],[39.73124,48.74184],[39.73103,48.74178],[39.73066,48.7417],[39.73021,48.74156],[39.73002,48.7415],[39.72986,48.7414],[39.72971,48.74136],[39.72958,48.74132],[39.72948,48.74125],[39.72936,48.74123],[39.72923,48.74118],[39.72914,48.74118],[39.72887,48.74111],[39.72859,48.74106],[39.72841,48.74102],[39.72835,48.74099],[39.7283,48.74094],[39.72824,48.74095],[39.72823,48.74096],[39.72819,48.74101],[39.72806,48.74102],[39.72791,48.74102],[39.72772,48.74101],[39.72754,48.741],[39.72723,48.74095],[39.72686,48.7409],[39.72622,48.74077],[39.72609,48.74075],[39.72593,48.7407],[39.72573,48.74066],[39.72553,48.74062],[39.7254,48.74057],[39.72529,48.7405],[39.72519,48.74048],[39.72511,48.74044],[39.72508,48.74038],[39.72506,48.74033],[39.72504,48.7402],[39.72503,48.74014],[39.72505,48.74008],[39.72505,48.74003],[39.72505,48.73996],[39.72508,48.73984],[39.72514,48.73968],[39.72519,48.73954],[39.72517,48.73947],[39.72519,48.73935],[39.72519,48.73922],[39.72522,48.73912],[39.72519,48.73902],[39.72517,48.73898],[39.72515,48.7389],[39.72515,48.73886],[39.7252,48.73878],[39.7252,48.73867],[39.72523,48.73863],[39.72523,48.73858],[39.72522,48.73851],[39.72522,48.73844],[39.72524,48.7383],[39.72525,48.73825],[39.72521,48.73822],[39.7252,48.73812],[39.7252,48.73807],[39.72523,48.73805],[39.72522,48.73797],[39.72528,48.73796],[39.72532,48.73791],[39.7254,48.7379],[39.72545,48.73787],[39.72554,48.73781],[39.72559,48.73773],[39.7256,48.73766],[39.72559,48.73759],[39.72557,48.73752],[39.72554,48.73746],[39.72555,48.73741],[39.72554,48.73739],[39.72552,48.73734],[39.72549,48.73729],[39.72546,48.7372],[39.72544,48.73711],[39.72536,48.737],[39.72526,48.73688],[39.72518,48.73664],[39.72511,48.73649],[39.72509,48.73634],[39.72502,48.73618],[39.72496,48.736],[39.72482,48.73575],[39.72472,48.73561],[39.72467,48.73544],[39.72462,48.7353],[39.72458,48.73519],[39.72451,48.73513],[39.72439,48.735],[39.72432,48.73495],[39.72424,48.73486],[39.72415,48.73474],[39.72414,48.73469],[39.72409,48.73458],[39.72395,48.73445],[39.72386,48.73434],[39.72368,48.73414],[39.72364,48.73402],[39.7235,48.73386],[39.7234,48.73373],[39.72334,48.73364],[39.72325,48.73344],[39.72312,48.73321],[39.72305,48.733],[39.72299,48.73282],[39.72296,48.73264],[39.72289,48.73247],[39.72285,48.73238],[39.72283,48.73226],[39.72281,48.73208],[39.72279,48.73186],[39.72279,48.73176],[39.72277,48.7316],[39.72277,48.73152],[39.72281,48.73137],[39.72287,48.73119],[39.72301,48.73091],[39.72314,48.73074],[39.72321,48.73064],[39.72332,48.73055],[39.72342,48.73047],[39.72345,48.73045],[39.72351,48.73045],[39.72357,48.73046],[39.72363,48.73044],[39.72366,48.73037],[39.72373,48.73035],[39.72386,48.73031],[39.72409,48.73025],[39.72429,48.7302],[39.72477,48.73001],[39.72496,48.72996],[39.72502,48.72993],[39.72507,48.72989],[39.72512,48.72984],[39.72527,48.72977],[39.72553,48.72965],[39.72569,48.7296],[39.72575,48.72957],[39.72583,48.72952],[39.7259,48.72951],[39.72598,48.72948],[39.72606,48.72945],[39.72608,48.7294],[39.7261,48.72937],[39.7262,48.72932],[39.72622,48.7293],[39.72632,48.72927],[39.72637,48.72925],[39.72638,48.72921],[39.72638,48.72917],[39.72641,48.72912],[39.72645,48.72905],[39.72651,48.729],[39.72657,48.72898],[39.72663,48.72895],[39.72666,48.72892],[39.72666,48.72888],[39.72664,48.72885],[39.72659,48.72881],[39.7265,48.72876],[39.72643,48.72873],[39.72637,48.72869],[39.72629,48.72862],[39.72618,48.72849],[39.72612,48.7284],[39.72609,48.72831],[39.72603,48.72825],[39.72601,48.72819],[39.72594,48.72809],[39.72583,48.72796],[39.72578,48.72788],[39.72574,48.72784],[39.72567,48.72779],[39.72563,48.72776],[39.72557,48.72774],[39.72551,48.7277],[39.72545,48.72762],[39.72538,48.72756],[39.72534,48.72749],[39.7253,48.72742],[39.72522,48.72735],[39.72512,48.7273],[39.72505,48.72727],[39.72499,48.72723],[39.72496,48.72718],[39.72493,48.72714],[39.72482,48.72705],[39.72472,48.72691],[39.72463,48.72686],[39.72461,48.72682],[39.72458,48.72676],[39.72453,48.7267],[39.72441,48.7266],[39.72427,48.72641],[39.72421,48.72633],[39.72417,48.72629],[39.72407,48.72622],[39.72397,48.72613],[39.72396,48.72609],[39.72397,48.72605],[39.72394,48.72601],[39.7239,48.72599],[39.72387,48.72596],[39.72384,48.72592],[39.72381,48.72589],[39.72377,48.72582],[39.72373,48.72573],[39.72364,48.72566],[39.72359,48.72562],[39.72348,48.72553],[39.72335,48.72549],[39.72331,48.72548],[39.72324,48.72545],[39.72319,48.72542],[39.72315,48.7254],[39.72308,48.7254],[39.72304,48.72538],[39.72301,48.72534],[39.72298,48.7253],[39.72291,48.72527],[39.72287,48.72525],[39.72285,48.72521],[39.7228,48.72519],[39.72277,48.72519],[39.72271,48.72518],[39.72267,48.72516],[39.72263,48.72513],[39.72256,48.72509],[39.72249,48.72508],[39.72237,48.72507],[39.72227,48.7251],[39.72215,48.72512],[39.7221,48.72511],[39.72207,48.72509],[39.72195,48.72505],[39.72172,48.72503],[39.72157,48.72505],[39.72139,48.72507],[39.72128,48.72509],[39.7212,48.72511],[39.72109,48.72509],[39.72103,48.72512],[39.72089,48.72516],[39.72078,48.72522],[39.72066,48.72524],[39.72062,48.72526],[39.72051,48.72537],[39.72042,48.7255],[39.72039,48.72559],[39.72037,48.72567],[39.72037,48.72577],[39.72037,48.72587],[39.72041,48.72595],[39.72048,48.72599],[39.72058,48.72603],[39.72073,48.7261],[39.72085,48.72619],[39.72107,48.72634],[39.72126,48.72648],[39.72143,48.72656],[39.72151,48.72662],[39.72156,48.72665],[39.7216,48.72671],[39.72168,48.72678],[39.72171,48.72681],[39.72173,48.72687],[39.72181,48.72697],[39.72181,48.72704],[39.72179,48.72714],[39.72179,48.72721],[39.72174,48.72729],[39.72173,48.72734],[39.72172,48.72741],[39.7217,48.72746],[39.72166,48.72753],[39.7216,48.72761],[39.72154,48.7277],[39.72152,48.7278],[39.72144,48.72788],[39.72141,48.72795],[39.72138,48.72798],[39.72121,48.72808],[39.72105,48.72819],[39.72083,48.72836],[39.72078,48.7284],[39.72072,48.72842],[39.72065,48.72844],[39.72058,48.72845],[39.72048,48.72847],[39.72044,48.72852],[39.72035,48.72857],[39.72024,48.72861],[39.72012,48.72864],[39.71991,48.72868],[39.7197,48.7287],[39.71953,48.72868],[39.71939,48.72866],[39.71928,48.72866],[39.71917,48.72864],[39.71897,48.72858],[39.71869,48.72848],[39.71862,48.72844],[39.71846,48.72843],[39.71837,48.72841],[39.7181,48.72833],[39.71802,48.72828],[39.71785,48.72823],[39.71768,48.7282],[39.71752,48.72818],[39.71737,48.72816],[39.717,48.72804],[39.71685,48.72802],[39.71671,48.72799],[39.71648,48.72796],[39.7163,48.72794],[39.71597,48.72786],[39.71582,48.7278],[39.71572,48.72775],[39.7156,48.72767],[39.71368,48.72652],[39.71337,48.72646],[39.71294,48.7259],[39.71183,48.72562],[39.71041,48.72455],[39.71006,48.7242],[39.70981,48.72342],[39.71018,48.72191],[39.71,48.7208],[39.70956,48.72032],[39.70921,48.72008],[39.70819,48.71992],[39.70752,48.72012],[39.70723,48.72077],[39.70616,48.72145],[39.70545,48.72139],[39.70458,48.72094],[39.70431,48.72051],[39.70463,48.71979],[39.70662,48.71893],[39.70711,48.71863],[39.70727,48.71834],[39.70732,48.718],[39.70739,48.7172],[39.70894,48.71641],[39.70991,48.71602],[39.71092,48.71604],[39.71128,48.71592],[39.71208,48.7158],[39.71226,48.71551],[39.71205,48.71489],[39.71178,48.71428],[39.71179,48.71395],[39.71202,48.71352],[39.71216,48.71228],[39.71205,48.71204],[39.71142,48.71169],[39.71054,48.71162],[39.70885,48.71212],[39.70758,48.71205],[39.70709,48.7114],[39.70677,48.70963],[39.70551,48.70835],[39.70467,48.70781],[39.70452,48.70717],[39.7051,48.706],[39.70685,48.70379],[39.70921,48.70262],[39.7109,48.70202],[39.71145,48.70168],[39.71164,48.70123],[39.71194,48.70087],[39.71201,48.70084],[39.71242,48.70073],[39.71433,48.70047],[39.71504,48.70073],[39.71655,48.70258],[39.71728,48.70279],[39.71799,48.70272],[39.71839,48.7023],[39.71841,48.70213],[39.71846,48.70179],[39.7183,48.70097],[39.71857,48.70036],[39.72005,48.6981],[39.72023,48.69758],[39.72009,48.6971],[39.71967,48.69676],[39.71757,48.69625],[39.71641,48.69571],[39.7159,48.69518],[39.71614,48.69462],[39.71627,48.69451],[39.71665,48.6942],[39.71837,48.6932],[39.71847,48.69259],[39.71774,48.69156],[39.71713,48.6913],[39.71673,48.69065],[39.71688,48.68976],[39.71709,48.68925],[39.71762,48.68901],[39.71827,48.68796],[39.71867,48.68731],[39.71945,48.68724],[39.72007,48.68696],[39.72063,48.68672],[39.72103,48.68624],[39.72291,48.68476],[39.72329,48.68386],[39.72308,48.68341],[39.72268,48.6834],[39.72224,48.68288],[39.72182,48.68263],[39.72105,48.68217],[39.71934,48.68177],[39.7175,48.68158],[39.71438,48.68029],[39.71417,48.68014],[39.71408,48.67998],[39.71397,48.67972],[39.71361,48.6772],[39.71362,48.67653],[39.71361,48.67648],[39.71339,48.67596],[39.71302,48.67552],[39.71298,48.67547],[39.7127,48.67521],[39.71208,48.67466],[39.71135,48.67419],[39.70941,48.67349],[39.70791,48.67276],[39.70584,48.67214],[39.70518,48.67181],[39.70375,48.67134],[39.70262,48.67057],[39.70184,48.66952],[39.7025,48.66856],[39.70302,48.66713],[39.70374,48.66673],[39.70444,48.66662],[39.70499,48.66696],[39.70729,48.66695],[39.70738,48.66696],[39.70744,48.66697],[39.70749,48.667],[39.7075,48.66705],[39.70753,48.66707],[39.70758,48.66709],[39.70765,48.66711],[39.70771,48.66711],[39.70779,48.66712],[39.70784,48.66713],[39.70788,48.66715],[39.7079,48.66718],[39.70795,48.66721],[39.70802,48.66723],[39.70809,48.66725],[39.70812,48.66726],[39.70815,48.6673],[39.70821,48.66736],[39.70824,48.66737],[39.7083,48.66744],[39.7084,48.6675],[39.70852,48.66754],[39.70862,48.6676],[39.70869,48.66765],[39.70888,48.66775],[39.70897,48.66779],[39.709,48.6678],[39.70904,48.66781],[39.7091,48.66781],[39.70921,48.6678],[39.70932,48.66782],[39.70941,48.66783],[39.70948,48.66783],[39.70959,48.66785],[39.70967,48.66787],[39.70984,48.66791],[39.70996,48.66794],[39.71,48.66795],[39.71002,48.66796],[39.71003,48.66798],[39.71003,48.668],[39.71004,48.66802],[39.71006,48.66804],[39.71009,48.66805],[39.71011,48.66806],[39.71013,48.66805],[39.71021,48.66803],[39.71027,48.66803],[39.71032,48.66803],[39.71037,48.66803],[39.71043,48.668],[39.71049,48.66797],[39.71052,48.66795],[39.71057,48.66792],[39.7106,48.66792],[39.71066,48.66791],[39.7107,48.66788],[39.71073,48.66785],[39.71076,48.66781],[39.7108,48.6678],[39.71083,48.66781],[39.71086,48.66783],[39.71092,48.66784],[39.71094,48.66783],[39.71096,48.6678],[39.71097,48.66777],[39.71097,48.66772],[39.71099,48.66769],[39.711,48.66765],[39.71101,48.66762],[39.71103,48.66759],[39.7111,48.66755],[39.71115,48.66753],[39.7112,48.6675],[39.71124,48.66746],[39.71126,48.6674],[39.71128,48.66736],[39.71129,48.66732],[39.7113,48.66728],[39.71132,48.66722],[39.71131,48.66715],[39.7113,48.66711],[39.7113,48.66707],[39.7113,48.66704],[39.71127,48.66694],[39.71123,48.66688],[39.71122,48.66682],[39.71123,48.66679],[39.71125,48.66676],[39.71127,48.66673],[39.71132,48.66669],[39.71133,48.66663],[39.71133,48.6666],[39.71132,48.66656],[39.7113,48.66652],[39.71127,48.66648],[39.71124,48.66646],[39.71123,48.66643],[39.71122,48.6664],[39.71119,48.66631],[39.71118,48.66623],[39.7112,48.66615],[39.7112,48.66606],[39.71119,48.66599],[39.71116,48.66595],[39.71115,48.6659],[39.71115,48.66586],[39.71115,48.66583],[39.71114,48.66581],[39.71113,48.6658],[39.71111,48.6658],[39.71109,48.6658],[39.71107,48.6658],[39.71105,48.66578],[39.71104,48.66577],[39.71104,48.66574],[39.71106,48.66573],[39.71107,48.66571],[39.71107,48.66568],[39.71106,48.66566],[39.71105,48.66565],[39.71103,48.66564],[39.71102,48.66561],[39.71103,48.66559],[39.71105,48.66555],[39.71104,48.66552],[39.71102,48.66549],[39.711,48.66546],[39.71098,48.66544],[39.71098,48.66542],[39.711,48.6654],[39.71103,48.66539],[39.71104,48.66538],[39.71105,48.66536],[39.71104,48.66534],[39.71101,48.66529],[39.71096,48.66524],[39.71091,48.66521],[39.7109,48.66516],[39.71091,48.66515],[39.71095,48.66512],[39.71097,48.66512],[39.711,48.66513],[39.71104,48.66514],[39.71108,48.66514],[39.71111,48.66514],[39.71112,48.66512],[39.71113,48.66511],[39.71112,48.6651],[39.71109,48.66507],[39.71107,48.66506],[39.71101,48.66502],[39.71098,48.66499],[39.71095,48.66494],[39.71094,48.66489],[39.71094,48.66484],[39.71094,48.66478],[39.71093,48.66473],[39.71089,48.66467],[39.71086,48.66465],[39.71082,48.66461],[39.71082,48.66459],[39.71083,48.66455],[39.71083,48.6645],[39.71082,48.66443],[39.71083,48.66437],[39.71084,48.66433],[39.71085,48.66429],[39.71085,48.66423],[39.71084,48.66418],[39.71082,48.66412],[39.71078,48.66408],[39.71078,48.66403],[39.71076,48.66399],[39.71073,48.66391],[39.71072,48.66384],[39.7107,48.66378],[39.71067,48.66371],[39.7106,48.66366],[39.71057,48.66364],[39.71055,48.66361],[39.71054,48.66359],[39.71054,48.66357],[39.71056,48.66355],[39.71057,48.66354],[39.71057,48.66351],[39.71056,48.66348],[39.71054,48.66345],[39.71052,48.66341],[39.71049,48.66336],[39.71046,48.66332],[39.71044,48.6633],[39.71041,48.66328],[39.71036,48.66326],[39.71031,48.66325],[39.71029,48.66324],[39.71028,48.66321],[39.71026,48.66314],[39.71025,48.66309],[39.71023,48.66296],[39.71018,48.66288],[39.71008,48.66281],[39.70997,48.66271],[39.70989,48.66265],[39.70979,48.66255],[39.70972,48.66247],[39.70968,48.66241],[39.70967,48.66238],[39.70968,48.66236],[39.70969,48.66234],[39.70969,48.66231],[39.70967,48.66229],[39.70965,48.66227],[39.70961,48.66227],[39.70957,48.66225],[39.70954,48.66223],[39.70954,48.66221],[39.70956,48.66219],[39.70954,48.66215],[39.70951,48.66212],[39.7095,48.66209],[39.70948,48.66206],[39.70948,48.66204],[39.70948,48.66202],[39.70948,48.662],[39.70949,48.66198],[39.7095,48.66196],[39.70949,48.66193],[39.7095,48.66188],[39.70951,48.66177],[39.7095,48.66169],[39.7095,48.66166],[39.70951,48.66163],[39.70951,48.6616],[39.70952,48.66158],[39.70955,48.66156],[39.70957,48.66154],[39.70958,48.66152],[39.70956,48.66148],[39.70956,48.66145],[39.70956,48.66141],[39.70956,48.66139],[39.70957,48.66136],[39.70959,48.66134],[39.70961,48.66131],[39.70962,48.66129],[39.70963,48.66124],[39.70965,48.66118],[39.70968,48.66114],[39.70971,48.66111],[39.70974,48.66105],[39.70977,48.66099],[39.70978,48.66094],[39.70981,48.66089],[39.70983,48.6608],[39.70982,48.66074],[39.70981,48.6607],[39.70979,48.66063],[39.7098,48.66057],[39.70983,48.66054],[39.70984,48.66052],[39.70983,48.66045],[39.70981,48.66043],[39.70977,48.66038],[39.70974,48.66032],[39.70969,48.66015],[39.70967,48.66003],[39.70965,48.65996],[39.70967,48.65992],[39.7097,48.65991],[39.70971,48.65988],[39.70973,48.65985],[39.70975,48.65982],[39.70978,48.65978],[39.70981,48.65974],[39.70983,48.65972],[39.70985,48.65967],[39.70988,48.65967],[39.7099,48.65965],[39.70994,48.65958],[39.70996,48.6595],[39.70998,48.65941],[39.70999,48.65936],[39.71003,48.65931],[39.71009,48.65925],[39.71015,48.65909],[39.71017,48.65894],[39.71068,48.65896],[39.71223,48.65902],[39.71612,48.65477],[39.71379,48.65416],[39.7107,48.65442],[39.70973,48.6545],[39.70964,48.6545],[39.70942,48.6545],[39.70925,48.65452],[39.70908,48.65456],[39.70894,48.6546],[39.70881,48.65466],[39.70876,48.65472],[39.70871,48.6548],[39.70867,48.65488],[39.70863,48.65492],[39.70861,48.65494],[39.70853,48.65497],[39.70848,48.65503],[39.70846,48.65509],[39.70843,48.65516],[39.70832,48.65525],[39.7081,48.65542],[39.70794,48.65552],[39.70777,48.65569],[39.70758,48.65586],[39.70739,48.65599],[39.7073,48.65609],[39.70719,48.65619],[39.70714,48.65626],[39.70709,48.65631],[39.70709,48.65633],[39.70708,48.65636],[39.70706,48.65638],[39.70704,48.6564],[39.70703,48.65642],[39.70701,48.65644],[39.70698,48.65645],[39.70695,48.65646],[39.70691,48.65648],[39.7069,48.6565],[39.70691,48.65655],[39.70692,48.65658],[39.70694,48.65661],[39.70693,48.65663],[39.70692,48.65664],[39.70687,48.65665],[39.70685,48.65668],[39.70679,48.65673],[39.70673,48.65678],[39.70666,48.65681],[39.70661,48.65684],[39.70654,48.65687],[39.70648,48.65689],[39.70635,48.65692],[39.70625,48.65691],[39.7062,48.65689],[39.70615,48.65685],[39.70612,48.6568],[39.7061,48.65676],[39.70607,48.65672],[39.70604,48.65668],[39.70599,48.65665],[39.70591,48.65662],[39.70588,48.65662],[39.70582,48.65664],[39.70575,48.65664],[39.70567,48.65663],[39.70557,48.65659],[39.70546,48.65653],[39.70535,48.65646],[39.7053,48.65643],[39.70527,48.65641],[39.70524,48.65637],[39.70519,48.65634],[39.70505,48.6563],[39.70495,48.65623],[39.70486,48.65612],[39.70479,48.656],[39.7047,48.65585],[39.70469,48.6558],[39.70469,48.65575],[39.70469,48.6557],[39.70469,48.65566],[39.70467,48.65562],[39.70464,48.65558],[39.70458,48.65548],[39.70453,48.65541],[39.70448,48.65533],[39.70446,48.65526],[39.70446,48.65521],[39.70443,48.65516],[39.70439,48.65513],[39.70436,48.65509],[39.70434,48.65503],[39.70431,48.655],[39.70424,48.65496],[39.70416,48.65489],[39.7041,48.65485],[39.70402,48.65481],[39.70397,48.6548],[39.7039,48.65477],[39.70387,48.65474],[39.70386,48.65471],[39.70383,48.65468],[39.70378,48.65466],[39.7037,48.65461],[39.70358,48.65455],[39.70345,48.6545],[39.70339,48.65445],[39.70333,48.65438],[39.70321,48.65424],[39.70305,48.65405],[39.70301,48.65402],[39.70294,48.65397],[39.7029,48.6539],[39.70292,48.65385],[39.7029,48.65381],[39.70285,48.65373],[39.70285,48.65369],[39.70283,48.65365],[39.7028,48.65361],[39.7027,48.65357],[39.70263,48.65354],[39.70256,48.6535],[39.70249,48.65345],[39.70242,48.65339],[39.70236,48.65334],[39.70232,48.65328],[39.70227,48.65325],[39.7022,48.65324],[39.7021,48.65323],[39.70204,48.65322],[39.70195,48.65317],[39.70189,48.65313],[39.70187,48.6531],[39.70186,48.65306],[39.70183,48.65304],[39.70178,48.65304],[39.70172,48.65302],[39.70169,48.65299],[39.70166,48.65297],[39.70159,48.65295],[39.70152,48.65295],[39.70146,48.65293],[39.70136,48.6529],[39.70131,48.6529],[39.70125,48.6529],[39.70124,48.6529],[39.70117,48.65289],[39.7011,48.65285],[39.70094,48.65278],[39.70082,48.65276],[39.70064,48.65273],[39.70054,48.65273],[39.70041,48.6527],[39.70031,48.65267],[39.70021,48.65263],[39.70003,48.6526],[39.69995,48.65258],[39.69985,48.65254],[39.69976,48.65251],[39.69965,48.65249],[39.69955,48.65247],[39.69951,48.65244],[39.69947,48.6524],[39.69937,48.65236],[39.6993,48.65233],[39.69926,48.65232],[39.69923,48.65232],[39.69918,48.65229],[39.69915,48.65225],[39.69912,48.65222],[39.69905,48.65218],[39.699,48.65212],[39.69891,48.65205],[39.69876,48.65197],[39.69867,48.65192],[39.6986,48.65186],[39.69855,48.6518],[39.69847,48.65172],[39.69837,48.65166],[39.69825,48.65159],[39.69816,48.65155],[39.69802,48.65144],[39.69793,48.65139],[39.69789,48.65136],[39.69784,48.65132],[39.69777,48.65123],[39.69773,48.65121],[39.69766,48.65116],[39.69752,48.6511],[39.69737,48.65103],[39.69726,48.65098],[39.6971,48.65093],[39.69685,48.65082],[39.69658,48.65071],[39.69635,48.65062],[39.69611,48.65054],[39.69603,48.65049],[39.69597,48.65045],[39.69585,48.65039],[39.69567,48.65033],[39.69558,48.6503],[39.69549,48.65026],[39.69539,48.65025],[39.69535,48.65023],[39.69532,48.65021],[39.69531,48.65019],[39.6953,48.65017],[39.69529,48.65015],[39.69527,48.65013],[39.69521,48.6501],[39.69515,48.6501],[39.69511,48.6501],[39.69508,48.65009],[39.69507,48.65007],[39.69503,48.65005],[39.69499,48.65003],[39.69495,48.65001],[39.69494,48.64998],[39.69493,48.64992],[39.69492,48.64988],[39.6949,48.64984],[39.69483,48.6498],[39.69473,48.64977],[39.69463,48.64969],[39.69454,48.64967],[39.69451,48.64964],[39.69448,48.64961],[39.69442,48.6496],[39.69435,48.64959],[39.69427,48.64957],[39.69417,48.64956],[39.69406,48.64954],[39.69388,48.64945],[39.69374,48.64937],[39.69364,48.6493],[39.69359,48.64923],[39.69355,48.64918],[39.69353,48.64912],[39.69349,48.64907],[39.69345,48.64903],[39.69341,48.64899],[39.69339,48.64897],[39.69336,48.64894],[39.69333,48.64892],[39.6933,48.64889],[39.69327,48.64885],[39.69319,48.64877],[39.69315,48.64875],[39.69312,48.64871],[39.69311,48.64866],[39.6931,48.64863],[39.69308,48.64859],[39.69303,48.64854],[39.69296,48.64845],[39.69293,48.64843],[39.69292,48.64841],[39.6929,48.64838],[39.69287,48.64833],[39.69281,48.64829],[39.69276,48.64826],[39.69273,48.64824],[39.69271,48.6482],[39.69272,48.64818],[39.69272,48.64816],[39.69272,48.64814],[39.69271,48.64811],[39.69269,48.64809],[39.69264,48.64807],[39.6926,48.64806],[39.69255,48.64804],[39.69252,48.648],[39.69251,48.64797],[39.69248,48.64794],[39.69239,48.64788],[39.69236,48.64785],[39.69233,48.6478],[39.69231,48.64775],[39.69229,48.64769],[39.69223,48.6476],[39.6922,48.64756],[39.69218,48.64751],[39.69219,48.64746],[39.69222,48.64741],[39.69222,48.64738],[39.6922,48.64735],[39.69219,48.64733],[39.69215,48.64728],[39.69214,48.64724],[39.69211,48.64723],[39.69206,48.6472],[39.69205,48.64715],[39.69203,48.64714],[39.69199,48.6471],[39.69198,48.64706],[39.69198,48.64704],[39.69197,48.64701],[39.69196,48.64699],[39.69194,48.64697],[39.69192,48.64697],[39.69188,48.64696],[39.69187,48.64694],[39.69184,48.6469],[39.69175,48.64682],[39.69164,48.64675],[39.69155,48.64669],[39.69147,48.64662],[39.69139,48.64654],[39.69133,48.64646],[39.69129,48.64641],[39.69125,48.64635],[39.69124,48.64631],[39.69124,48.64626],[39.69126,48.64621],[39.69128,48.64616],[39.69131,48.64611],[39.69131,48.64606],[39.69129,48.646],[39.69128,48.64598],[39.69127,48.64595],[39.69128,48.64592],[39.69129,48.64591],[39.69131,48.6459],[39.69132,48.64588],[39.69133,48.64584],[39.69131,48.64582],[39.69131,48.6458],[39.69131,48.64576],[39.69134,48.64568],[39.69134,48.64563],[39.69134,48.6456],[39.69135,48.64554],[39.69137,48.64549],[39.69141,48.64544],[39.69146,48.6454],[39.69149,48.64536],[39.69149,48.6453],[39.69147,48.64524],[39.69144,48.64521],[39.69144,48.64516],[39.69147,48.64504],[39.69152,48.64494],[39.69156,48.64489],[39.69161,48.64486],[39.69165,48.64482],[39.69174,48.64479],[39.69178,48.6448],[39.69183,48.64483],[39.69188,48.64484],[39.69191,48.64483],[39.69192,48.64481],[39.69191,48.64477],[39.69189,48.64473],[39.69189,48.64469],[39.69191,48.64466],[39.69192,48.64465],[39.69198,48.64464],[39.69204,48.64464],[39.69209,48.64466],[39.69211,48.6447],[39.69213,48.64473],[39.69215,48.64476],[39.69217,48.64476],[39.69219,48.64474],[39.69219,48.64471],[39.69218,48.64468],[39.69217,48.64466],[39.69214,48.64463],[39.69211,48.64461],[39.69208,48.64459],[39.69206,48.64456],[39.69203,48.64453],[39.69202,48.6445],[39.69203,48.64447],[39.69204,48.64446],[39.69205,48.64443],[39.69207,48.64441],[39.69209,48.64437],[39.69211,48.64434],[39.69212,48.64432],[39.69216,48.64427],[39.69219,48.64424],[39.69224,48.64421],[39.69227,48.64418],[39.69227,48.64414],[39.69228,48.64411],[39.6923,48.64408],[39.69232,48.64405],[39.69234,48.64403],[39.69237,48.64402],[39.69239,48.64403],[39.6924,48.64405],[39.69242,48.64407],[39.69245,48.6441],[39.69247,48.64413],[39.6925,48.64413],[39.69258,48.64412],[39.69259,48.6441],[39.6926,48.64407],[39.69261,48.64405],[39.69263,48.64404],[39.69263,48.64401],[39.69265,48.64398],[39.69275,48.64386],[39.69282,48.6438],[39.69289,48.64373],[39.69296,48.64368],[39.69308,48.6436],[39.6932,48.64355],[39.69336,48.64349],[39.69344,48.64346],[39.6935,48.64344],[39.69356,48.64339],[39.69361,48.64336],[39.69368,48.6433],[39.6937,48.64327],[39.69373,48.64325],[39.69375,48.64322],[39.69375,48.64318],[39.69376,48.64315],[39.69377,48.6431],[39.69379,48.64304],[39.69383,48.64297],[39.69384,48.64295],[39.69386,48.64294],[39.69387,48.64292],[39.69387,48.64288],[39.69387,48.64285],[39.69388,48.64284],[39.69389,48.64282],[39.6939,48.64279],[39.6939,48.64277],[39.69388,48.64275],[39.69386,48.64271],[39.69386,48.64267],[39.69386,48.64264],[39.69388,48.64261],[39.69392,48.64258],[39.69392,48.64247],[39.69391,48.6424],[39.69391,48.64234],[39.69392,48.64228],[39.69393,48.64224],[39.69391,48.6422],[39.69389,48.64217],[39.69387,48.64214],[39.69386,48.64209],[39.69387,48.64206],[39.6939,48.64203],[39.69394,48.64199],[39.69397,48.64193],[39.69398,48.64189],[39.69396,48.64186],[39.69395,48.64182],[39.6939,48.64174],[39.69389,48.64168],[39.69389,48.64163],[39.6939,48.64156],[39.69392,48.64154],[39.69395,48.64154],[39.69398,48.64153],[39.694,48.64152],[39.69401,48.6415],[39.694,48.64146],[39.69398,48.64143],[39.69397,48.6414],[39.69397,48.64136],[39.69399,48.64124],[39.69403,48.64114],[39.69404,48.64107],[39.69404,48.64103],[39.69403,48.64096],[39.69403,48.64092],[39.69404,48.64088],[39.69405,48.64083],[39.69409,48.64072],[39.69412,48.64066],[39.69413,48.64062],[39.69413,48.64058],[39.69412,48.6405],[39.69414,48.64043],[39.69418,48.64031],[39.69421,48.64023],[39.69423,48.64017],[39.69426,48.64011],[39.69429,48.64003],[39.69431,48.63997],[39.69433,48.6399],[39.69435,48.63977],[39.69437,48.6397],[39.69438,48.63962],[39.69438,48.63957],[39.69436,48.63951],[39.69432,48.63945],[39.69423,48.63934],[39.6942,48.6393],[39.6942,48.63924],[39.6942,48.63916],[39.6942,48.63905],[39.69422,48.63899],[39.69423,48.63888],[39.69425,48.63876],[39.69429,48.63861],[39.6943,48.63855],[39.69433,48.63848],[39.69438,48.63838],[39.69439,48.63833],[39.69438,48.63829],[39.69437,48.63826],[39.69434,48.63824],[39.69432,48.63821],[39.69431,48.63817],[39.69431,48.63813],[39.69433,48.63805],[39.69432,48.63801],[39.6943,48.63795],[39.69427,48.63791],[39.69427,48.63788],[39.69427,48.63784],[39.69428,48.6378],[39.69428,48.63777],[39.69428,48.63774],[39.69426,48.63768],[39.69423,48.63761],[39.69417,48.63755],[39.6941,48.63747],[39.69406,48.63741],[39.69403,48.63733],[39.69402,48.63729],[39.69399,48.63727],[39.69395,48.63722],[39.69393,48.63718],[39.69392,48.63713],[39.69391,48.63709],[39.6939,48.63706],[39.69386,48.63701],[39.69383,48.63696],[39.69382,48.63691],[39.69382,48.63687],[39.69379,48.63683],[39.69376,48.6368],[39.69374,48.63674],[39.69372,48.63669],[39.69371,48.63665],[39.69369,48.63664],[39.69368,48.63663],[39.69363,48.63661],[39.69357,48.63657],[39.69353,48.63653],[39.69348,48.63648],[39.6934,48.63642],[39.69333,48.63638],[39.69318,48.63628],[39.69301,48.6362],[39.69291,48.63616],[39.69279,48.63613],[39.6927,48.63611],[39.69255,48.63606],[39.69235,48.63597],[39.69225,48.63593],[39.69214,48.63588],[39.69209,48.63585],[39.69202,48.63581],[39.69195,48.63577],[39.69185,48.63574],[39.6917,48.63571],[39.69159,48.63568],[39.6915,48.63566],[39.69142,48.63565],[39.69134,48.63564],[39.69125,48.63563],[39.69119,48.63562],[39.69117,48.6356],[39.69115,48.63558],[39.69111,48.63557],[39.69105,48.63557],[39.69101,48.63556],[39.69095,48.63553],[39.69082,48.63551],[39.69078,48.6355],[39.69065,48.63546],[39.69052,48.6354],[39.69046,48.63537],[39.69042,48.63532],[39.69037,48.63528],[39.69034,48.63525],[39.69028,48.63521],[39.6902,48.63518],[39.69014,48.63513],[39.69012,48.6351],[39.6901,48.63506],[39.69008,48.63504],[39.69004,48.63502],[39.68998,48.63501],[39.68994,48.635],[39.68992,48.63498],[39.68992,48.63495],[39.68988,48.63489],[39.68986,48.63486],[39.68982,48.63481],[39.6898,48.63477],[39.68979,48.63474],[39.68976,48.63472],[39.68971,48.6347],[39.68962,48.63465],[39.68958,48.63461],[39.68954,48.63456],[39.68948,48.63449],[39.68938,48.63437],[39.68933,48.63427],[39.68929,48.63422],[39.68927,48.63421],[39.68927,48.63418],[39.68926,48.63416],[39.68924,48.63414],[39.6892,48.6341],[39.68917,48.63407],[39.68916,48.63404],[39.68916,48.63401],[39.68916,48.63397],[39.68915,48.63393],[39.68914,48.63391],[39.6891,48.63387],[39.68906,48.63383],[39.68902,48.63379],[39.68899,48.63375],[39.68896,48.63371],[39.68888,48.63363],[39.6888,48.63357],[39.68873,48.63353],[39.68866,48.63351],[39.6886,48.63349],[39.68856,48.63346],[39.68853,48.63342],[39.68846,48.63334],[39.6884,48.63329],[39.68831,48.6332],[39.68827,48.63315],[39.68823,48.63311],[39.6882,48.6331],[39.68816,48.63308],[39.68811,48.63305],[39.68808,48.633],[39.68804,48.63297],[39.68801,48.63294],[39.68795,48.63292],[39.68791,48.6329],[39.68788,48.63287],[39.68782,48.63286],[39.68777,48.63285],[39.68775,48.63283],[39.68774,48.63282],[39.68772,48.63281],[39.6877,48.63281],[39.68768,48.6328],[39.68766,48.63278],[39.68759,48.63276],[39.68754,48.63273],[39.68749,48.63271],[39.68744,48.63267],[39.68737,48.63264],[39.68734,48.63263],[39.6873,48.63262],[39.68725,48.63262],[39.68721,48.6326],[39.68716,48.63258],[39.68712,48.63255],[39.68709,48.63252],[39.68706,48.63251],[39.68703,48.6325],[39.68693,48.63248],[39.68687,48.63245],[39.68681,48.63243],[39.68676,48.63243],[39.68669,48.63241],[39.68663,48.6324],[39.68657,48.6324],[39.6865,48.6324],[39.68645,48.63238],[39.6864,48.63234],[39.68636,48.63232],[39.68631,48.63231],[39.68624,48.6323],[39.68616,48.63228],[39.68596,48.63222],[39.68589,48.63219],[39.68574,48.63213],[39.68568,48.63211],[39.6856,48.63207],[39.68551,48.63205],[39.68542,48.63202],[39.68534,48.63199],[39.68523,48.63195],[39.68514,48.63192],[39.68502,48.63191],[39.68493,48.6319],[39.68489,48.63187],[39.68482,48.63184],[39.68475,48.63183],[39.6847,48.63183],[39.68463,48.63183],[39.68459,48.63181],[39.68456,48.63178],[39.68452,48.63174],[39.68446,48.63172],[39.68443,48.63169],[39.68441,48.63165],[39.68435,48.63162],[39.68427,48.6316],[39.68421,48.63154],[39.68411,48.63149],[39.68399,48.63143],[39.6838,48.63138],[39.68368,48.63131],[39.68357,48.63123],[39.68348,48.63117],[39.68337,48.63112],[39.68312,48.63105],[39.683,48.63102],[39.68291,48.63097],[39.6827,48.63085],[39.68252,48.63074],[39.68238,48.63067],[39.68215,48.63058],[39.682,48.63053],[39.68192,48.63049],[39.68187,48.63045],[39.68182,48.6304],[39.68177,48.63036],[39.68149,48.63023],[39.68136,48.63018],[39.68126,48.63013],[39.68121,48.63009],[39.68112,48.63002],[39.68108,48.63],[39.68103,48.62998],[39.68094,48.62997],[39.68083,48.62997],[39.68073,48.62995],[39.6806,48.62988],[39.68049,48.62981],[39.68038,48.62972],[39.68031,48.62965],[39.68022,48.62958],[39.67999,48.62947],[39.67973,48.62935],[39.67967,48.62932],[39.67959,48.62927],[39.67955,48.62923],[39.67949,48.6292],[39.67938,48.62916],[39.67928,48.62911],[39.67921,48.62906],[39.67915,48.62901],[39.67908,48.62895],[39.67901,48.6289],[39.67896,48.62886],[39.67889,48.62883],[39.67882,48.6288],[39.67878,48.62877],[39.67874,48.62874],[39.67867,48.62871],[39.67863,48.6287],[39.6786,48.62867],[39.67856,48.62866],[39.67854,48.62866],[39.67851,48.62865],[39.67848,48.62863],[39.67846,48.62859],[39.67841,48.62856],[39.67833,48.62853],[39.67826,48.6285],[39.67822,48.62846],[39.67817,48.62842],[39.67816,48.6284],[39.67814,48.62839],[39.67809,48.62837],[39.67799,48.62834],[39.67795,48.62832],[39.67793,48.62829],[39.67788,48.62825],[39.67781,48.62821],[39.67768,48.62815],[39.67762,48.62811],[39.6775,48.62805],[39.67733,48.62799],[39.67714,48.62789],[39.67699,48.62779],[39.67686,48.62772],[39.67672,48.62766],[39.67663,48.6276],[39.67659,48.62758],[39.67656,48.62754],[39.67655,48.62749],[39.67652,48.62746],[39.67645,48.62742],[39.67638,48.62739],[39.67627,48.62734],[39.67621,48.62732],[39.67618,48.6273],[39.67614,48.62726],[39.6761,48.62724],[39.67606,48.62722],[39.676,48.6272],[39.67597,48.62717],[39.67595,48.62714],[39.67592,48.62711],[39.67585,48.62707],[39.67579,48.62703],[39.67575,48.627],[39.67569,48.62697],[39.67562,48.62696],[39.67556,48.62694],[39.67552,48.62692],[39.6755,48.62689],[39.67545,48.62685],[39.67537,48.62681],[39.67526,48.62673],[39.67517,48.62667],[39.675,48.62659],[39.67483,48.62648],[39.67463,48.62638],[39.67444,48.6263],[39.67436,48.62627],[39.67427,48.62621],[39.67422,48.62617],[39.6741,48.62605],[39.67404,48.626],[39.67395,48.62595],[39.67383,48.62589],[39.67368,48.62581],[39.67354,48.62571],[39.67335,48.6256],[39.67316,48.62545],[39.67307,48.62539],[39.67295,48.62534],[39.67287,48.62531],[39.67275,48.62529],[39.67261,48.62523],[39.67251,48.62516],[39.67244,48.6251],[39.6724,48.62504],[39.67234,48.62497],[39.67223,48.62487],[39.67213,48.62478],[39.67194,48.62461],[39.67178,48.62451],[39.67148,48.62434],[39.67119,48.62413],[39.67097,48.62398],[39.6708,48.62385],[39.67062,48.6237],[39.67038,48.62353],[39.67029,48.62347],[39.67018,48.6234],[39.6701,48.62336],[39.67003,48.62332],[39.66997,48.62326],[39.66986,48.62314],[39.66979,48.62305],[39.66976,48.62299],[39.66975,48.62295],[39.66975,48.62291],[39.66974,48.62289],[39.66972,48.62287],[39.66968,48.62286],[39.66965,48.62285],[39.66964,48.62284],[39.66964,48.62281],[39.66963,48.62277],[39.66962,48.62274],[39.66958,48.6227],[39.66954,48.62267],[39.66949,48.62265],[39.66943,48.62263],[39.66939,48.62259],[39.66932,48.62252],[39.66922,48.62246],[39.66902,48.62234],[39.66882,48.62221],[39.6687,48.62213],[39.66864,48.62207],[39.66857,48.62197],[39.66851,48.6219],[39.66841,48.6218],[39.66834,48.62173],[39.6682,48.62158],[39.66809,48.62148],[39.66793,48.62138],[39.66783,48.62132],[39.66778,48.62126],[39.66775,48.62118],[39.66773,48.62109],[39.66772,48.62102],[39.6677,48.62096],[39.66768,48.62091],[39.66765,48.62084],[39.66761,48.6208],[39.66756,48.62075],[39.66752,48.62074],[39.66748,48.62074],[39.66745,48.62075],[39.66745,48.62078],[39.66745,48.62081],[39.66747,48.62084],[39.66745,48.62085],[39.66742,48.62085],[39.66739,48.62084],[39.66737,48.62082],[39.66736,48.6208],[39.66735,48.62077],[39.66734,48.62073],[39.66731,48.62065],[39.66721,48.62045],[39.66719,48.62039],[39.66716,48.62034],[39.66713,48.62031],[39.66707,48.62028],[39.66699,48.62024],[39.66692,48.62019],[39.66688,48.62013],[39.66688,48.62008],[39.6669,48.62001],[39.66689,48.61996],[39.66684,48.61991],[39.66679,48.61982],[39.66677,48.61972],[39.66672,48.61964],[39.66666,48.61957],[39.66661,48.61948],[39.66656,48.61944],[39.66653,48.61937],[39.66648,48.61919],[39.66648,48.61913],[39.6665,48.61906],[39.66649,48.61898],[39.66645,48.61892],[39.6664,48.61885],[39.66638,48.61881],[39.66638,48.61873],[39.66636,48.61866],[39.66632,48.61862],[39.66628,48.61857],[39.66624,48.61848],[39.66622,48.61839],[39.66621,48.6183],[39.66622,48.61822],[39.66624,48.61816],[39.66626,48.6181],[39.66626,48.61803],[39.66622,48.61795],[39.66617,48.61785],[39.6661,48.61778],[39.66605,48.6177],[39.666,48.61761],[39.66582,48.61739],[39.6657,48.61723],[39.66563,48.61715],[39.66556,48.61711],[39.66549,48.61704],[39.66547,48.61698],[39.66546,48.61693],[39.66543,48.61689],[39.66538,48.61683],[39.66533,48.61675],[39.66522,48.61647],[39.66519,48.61638],[39.66511,48.61627],[39.66508,48.61618],[39.66504,48.61614],[39.66497,48.61608],[39.66493,48.61603],[39.66491,48.61596],[39.66488,48.61592],[39.66485,48.61584],[39.66483,48.61576],[39.66483,48.61569],[39.66485,48.61562],[39.66487,48.61557],[39.66489,48.61554],[39.6649,48.61548],[39.66489,48.61539],[39.66487,48.61534],[39.66487,48.61527],[39.66484,48.61522],[39.66481,48.61518],[39.66477,48.61517],[39.6647,48.61514],[39.66463,48.61511],[39.6646,48.61507],[39.66458,48.61504],[39.66453,48.61501],[39.66448,48.61499],[39.66446,48.61498],[39.66444,48.61496],[39.66442,48.61493],[39.66439,48.6149],[39.66434,48.61488],[39.66427,48.61486],[39.66422,48.61482],[39.66418,48.61476],[39.66419,48.6147],[39.66419,48.61464],[39.66419,48.61461],[39.66416,48.61457],[39.66412,48.61455],[39.66411,48.61451],[39.66411,48.61445],[39.66411,48.61437],[39.66411,48.6143],[39.66409,48.61424],[39.66407,48.61419],[39.66407,48.61415],[39.66404,48.61408],[39.66398,48.614],[39.66395,48.61396],[39.66391,48.61389],[39.66389,48.61382],[39.66387,48.61375],[39.66386,48.61366],[39.66386,48.6136],[39.66388,48.61353],[39.66388,48.61329],[39.66388,48.61323],[39.66387,48.61318],[39.66383,48.61312],[39.66379,48.61309],[39.66374,48.61306],[39.66369,48.61303],[39.66365,48.61298],[39.6636,48.6129],[39.66353,48.61285],[39.66349,48.61277],[39.66342,48.61265],[39.66337,48.61258],[39.66324,48.61245],[39.66319,48.61236],[39.66304,48.61224],[39.66289,48.6121],[39.66277,48.61198],[39.66271,48.61193],[39.66262,48.61188],[39.66233,48.6117],[39.66224,48.61164],[39.66219,48.61157],[39.66217,48.61152],[39.66214,48.61147],[39.66198,48.61135],[39.66157,48.61101],[39.66147,48.61091],[39.66139,48.61077],[39.66126,48.61053],[39.66115,48.61028],[39.6611,48.61011],[39.66106,48.61003],[39.66097,48.60996],[39.66091,48.60988],[39.6608,48.60967],[39.6607,48.60943],[39.66066,48.60926],[39.66063,48.6091],[39.6606,48.60894],[39.6606,48.60878],[39.66062,48.60865],[39.66065,48.60856],[39.66064,48.60848],[39.66061,48.60838],[39.66055,48.60829],[39.6605,48.6082],[39.66047,48.60813],[39.66047,48.60803],[39.6605,48.60786],[39.66051,48.60775],[39.66052,48.60757],[39.66056,48.60741],[39.66057,48.60736],[39.6606,48.60731],[39.66064,48.60729],[39.66069,48.60727],[39.66078,48.60725],[39.66086,48.60724],[39.66091,48.60724],[39.66095,48.60721],[39.66098,48.60717],[39.66099,48.6071],[39.66099,48.60701],[39.66101,48.60696],[39.66102,48.60693],[39.66103,48.60686],[39.66103,48.60681],[39.66103,48.60671],[39.66106,48.60659],[39.66107,48.60652],[39.66108,48.60645],[39.66109,48.60634],[39.6611,48.60626],[39.66116,48.6062],[39.66121,48.60613],[39.66123,48.60606],[39.66124,48.606],[39.66125,48.60596],[39.66128,48.60593],[39.6613,48.60592],[39.66136,48.6059],[39.66142,48.60586],[39.66149,48.60581],[39.66157,48.60577],[39.66172,48.60571],[39.66187,48.60564],[39.662,48.60561],[39.66224,48.60555],[39.66245,48.60548],[39.66255,48.60544],[39.66263,48.6054],[39.66276,48.60533],[39.66292,48.60522],[39.66303,48.60516],[39.66309,48.60512],[39.66316,48.60507],[39.66321,48.60503],[39.66335,48.60498],[39.66339,48.60494],[39.66341,48.6049],[39.66344,48.60486],[39.66347,48.60484],[39.66352,48.60483],[39.66357,48.60483],[39.66361,48.60483],[39.66368,48.60485],[39.66376,48.60486],[39.66391,48.60486],[39.66406,48.60484],[39.66423,48.60482],[39.6644,48.6048],[39.66459,48.60479],[39.66474,48.6048],[39.66491,48.60485],[39.6651,48.60488],[39.66525,48.60491],[39.66544,48.60496],[39.66567,48.60503],[39.66591,48.60509],[39.66609,48.60512],[39.66644,48.60513],[39.66661,48.60513],[39.66681,48.60515],[39.66722,48.60518],[39.66742,48.60517],[39.66761,48.60516],[39.66809,48.60511],[39.6685,48.60508],[39.66885,48.60503],[39.66958,48.60488],[39.66987,48.6048],[39.67017,48.6047],[39.67035,48.60463],[39.67048,48.60455],[39.67065,48.60444],[39.67079,48.60435],[39.67091,48.60424],[39.67107,48.60406],[39.67116,48.60391],[39.67121,48.60384],[39.67126,48.60376],[39.67128,48.60368],[39.67126,48.60358],[39.6712,48.60349],[39.67114,48.60343],[39.67102,48.60336],[39.67097,48.60333],[39.67093,48.60328],[39.67088,48.6032],[39.6708,48.6031],[39.67057,48.60292],[39.67034,48.60276],[39.6701,48.60259],[39.66991,48.60247],[39.66986,48.60245],[39.66979,48.60241],[39.66971,48.60232],[39.66961,48.60226],[39.66953,48.60223],[39.66945,48.60221],[39.66928,48.60218],[39.66913,48.60216],[39.66899,48.60209],[39.66886,48.602],[39.66857,48.60172],[39.66823,48.6014],[39.66817,48.60133],[39.66811,48.60124],[39.66808,48.60117],[39.66806,48.60107],[39.66806,48.60101],[39.66808,48.60092],[39.66811,48.60086],[39.66812,48.60077],[39.66818,48.60053],[39.66821,48.60036],[39.66822,48.6003],[39.66819,48.60024],[39.66815,48.60017],[39.66817,48.6001],[39.66821,48.59998],[39.6682,48.59987],[39.66818,48.59982],[39.66819,48.59975],[39.66822,48.59966],[39.66822,48.59926],[39.66818,48.59884],[39.66816,48.59858],[39.66815,48.5984],[39.66814,48.59826],[39.66816,48.59815],[39.66826,48.59782],[39.66843,48.59738],[39.66848,48.59718],[39.66852,48.59707],[39.66859,48.59693],[39.66865,48.59684],[39.66873,48.59678],[39.66877,48.59672],[39.6688,48.59661],[39.66884,48.59654],[39.66908,48.59631],[39.66927,48.59617],[39.66948,48.59604],[39.66977,48.59589],[39.66994,48.59582],[39.6702,48.59572],[39.67052,48.59561],[39.67068,48.59557],[39.67089,48.59553],[39.67117,48.5955],[39.6714,48.59548],[39.67154,48.59548],[39.67172,48.59549],[39.67188,48.59548],[39.67202,48.5955],[39.67218,48.59555],[39.67247,48.5956],[39.67278,48.59567],[39.67308,48.59575],[39.67341,48.59585],[39.67359,48.5959],[39.67378,48.59597],[39.67397,48.59609],[39.67436,48.59635],[39.67453,48.5965],[39.67471,48.5966],[39.67497,48.59675],[39.67509,48.59681],[39.67528,48.5969],[39.67543,48.59702],[39.67554,48.59713],[39.67563,48.59726],[39.67569,48.59738],[39.6757,48.59747],[39.67572,48.59759],[39.67579,48.59769],[39.6759,48.59779],[39.67606,48.59791],[39.67621,48.59801],[39.67644,48.59811],[39.6767,48.59818],[39.67691,48.59823],[39.67715,48.59826],[39.67741,48.59827],[39.67779,48.59821],[39.67814,48.59815],[39.67848,48.59811],[39.67863,48.59808],[39.67886,48.59801],[39.67903,48.59793],[39.67923,48.59782],[39.67932,48.59777],[39.6795,48.59769],[39.67963,48.59762],[39.67974,48.59753],[39.67996,48.59735],[39.6801,48.59727],[39.68023,48.59718],[39.68027,48.59712],[39.68027,48.59705],[39.68027,48.59698],[39.68031,48.59692],[39.68037,48.59682],[39.68047,48.59673],[39.68052,48.59667],[39.68054,48.5966],[39.68057,48.59646],[39.68055,48.59638],[39.68051,48.59633],[39.68043,48.59627],[39.68034,48.59615],[39.68026,48.59601],[39.68016,48.59589],[39.68008,48.59583],[39.67994,48.5958],[39.67983,48.59574],[39.67973,48.59568],[39.67956,48.59559],[39.6794,48.59555],[39.67928,48.59555],[39.6791,48.59557],[39.67893,48.59561],[39.67877,48.59566],[39.67858,48.59574],[39.67839,48.59582],[39.67832,48.59583],[39.67824,48.59584],[39.67816,48.59584],[39.67807,48.59582],[39.67797,48.59578],[39.6779,48.59573],[39.67781,48.59565],[39.67772,48.59556],[39.67759,48.59548],[39.67743,48.59539],[39.67711,48.59523],[39.67688,48.59514],[39.67659,48.59499],[39.67636,48.59488],[39.67614,48.59477],[39.676,48.59467],[39.67589,48.59455],[39.67574,48.59431],[39.67558,48.59406],[39.67549,48.59387],[39.67545,48.59375],[39.67538,48.59355],[39.67536,48.59349],[39.67536,48.59343],[39.67539,48.59332],[39.67539,48.59327],[39.6754,48.5931],[39.67541,48.59304],[39.67549,48.5929],[39.67556,48.59275],[39.67572,48.59228],[39.67587,48.59179],[39.67589,48.59169],[39.67589,48.59159],[39.67591,48.59153],[39.67595,48.59145],[39.67605,48.59135],[39.67622,48.59116],[39.67639,48.59094],[39.67654,48.59082],[39.67678,48.59067],[39.67717,48.59042],[39.67732,48.59035],[39.67745,48.5903],[39.67769,48.59016],[39.67783,48.59011],[39.67805,48.59007],[39.67829,48.59003],[39.67847,48.59001],[39.67855,48.59002],[39.67868,48.59004],[39.67883,48.59008],[39.67895,48.59012],[39.67909,48.59021],[39.67925,48.59039],[39.67934,48.5905],[39.6794,48.59063],[39.67945,48.59076],[39.67946,48.59087],[39.67946,48.59117],[39.67945,48.59125],[39.67942,48.59133],[39.67933,48.59151],[39.6793,48.59158],[39.67929,48.59167],[39.67931,48.59176],[39.67935,48.59185],[39.67942,48.59194],[39.67965,48.59207],[39.6798,48.5921],[39.67988,48.59214],[39.67991,48.59218],[39.68003,48.59228],[39.68021,48.59236],[39.68046,48.59246],[39.68062,48.59253],[39.68077,48.59257],[39.68096,48.59259],[39.68143,48.59263],[39.68171,48.59267],[39.68216,48.59268],[39.68246,48.59266],[39.6827,48.59263],[39.68284,48.59258],[39.68295,48.59252],[39.68307,48.59243],[39.68316,48.5923],[39.68321,48.59224],[39.68324,48.59212],[39.68324,48.59199],[39.68321,48.59185],[39.68316,48.5917],[39.68312,48.59148],[39.68313,48.5913],[39.68319,48.5912],[39.68332,48.59107],[39.6834,48.59103],[39.68355,48.59097],[39.68376,48.59089],[39.68389,48.59081],[39.68403,48.5907],[39.68425,48.59054],[39.68438,48.5904],[39.6845,48.59032],[39.68504,48.59001],[39.68526,48.5899],[39.6854,48.58988],[39.68559,48.58989],[39.68579,48.58992],[39.68599,48.58989],[39.68618,48.58984],[39.68647,48.58975],[39.68661,48.58967],[39.68676,48.58954],[39.6869,48.58939],[39.68701,48.58923],[39.68714,48.58902],[39.68719,48.58892],[39.6872,48.58883],[39.68719,48.58875],[39.68715,48.58866],[39.68711,48.58858],[39.68701,48.58847],[39.68693,48.58839],[39.68688,48.58832],[39.68686,48.58825],[39.68683,48.58801],[39.6868,48.58787],[39.68681,48.58774],[39.68682,48.58771],[39.68687,48.58768],[39.68689,48.58765],[39.6869,48.58762],[39.68689,48.58751],[39.68695,48.58735],[39.68701,48.58723],[39.68711,48.58711],[39.68722,48.587],[39.68731,48.58693],[39.68743,48.58689],[39.68755,48.58686],[39.6877,48.58681],[39.68788,48.58679],[39.68818,48.58676],[39.68839,48.58676],[39.68876,48.58681],[39.68903,48.58684],[39.68944,48.58685],[39.68971,48.58685],[39.68994,48.58683],[39.69023,48.58678],[39.69061,48.58667],[39.69073,48.58663],[39.69146,48.58636],[39.69238,48.58638],[39.69319,48.58644],[39.69383,48.58653],[39.69423,48.58664],[39.69459,48.58675],[39.69506,48.58689],[39.69543,48.58702],[39.69577,48.58716],[39.69613,48.58724],[39.697,48.58735],[39.69781,48.58749],[39.69869,48.58766],[39.69982,48.58781],[39.70082,48.58798],[39.70175,48.58809],[39.70234,48.5881],[39.70281,48.58807],[39.70388,48.58793],[39.70509,48.58764],[39.7067,48.58719],[39.70813,48.58686],[39.7099,48.58632],[39.71148,48.58585],[39.71209,48.58567],[39.71281,48.5855],[39.7139,48.58533],[39.71505,48.58522],[39.71548,48.58523],[39.71592,48.58528],[39.71648,48.58533],[39.71694,48.58533],[39.71732,48.58532],[39.71767,48.58526],[39.71962,48.58497],[39.72032,48.58486],[39.72074,48.58484],[39.72115,48.58485],[39.72152,48.58494],[39.72181,48.58505],[39.72197,48.58514],[39.72209,48.58526],[39.72229,48.58546],[39.72257,48.58578],[39.72275,48.58595],[39.72295,48.58608],[39.72342,48.58627],[39.72397,48.58643],[39.72439,48.58653],[39.72485,48.58661],[39.72533,48.58665],[39.7256,48.58665],[39.72605,48.58663],[39.72672,48.58654],[39.72763,48.58636],[39.72861,48.5862],[39.73007,48.58606],[39.73157,48.58586],[39.73304,48.5857],[39.73354,48.58565],[39.73431,48.58566],[39.73528,48.58575],[39.73615,48.58594],[39.73704,48.58619],[39.73828,48.58663],[39.73939,48.58712],[39.7416,48.58842],[39.74376,48.58984],[39.7443,48.5901],[39.74483,48.59031],[39.74527,48.59043],[39.74584,48.59055],[39.7466,48.59061],[39.74719,48.59063],[39.74783,48.59056],[39.74863,48.5904],[39.74931,48.5902],[39.74968,48.59004],[39.74997,48.58983],[39.75025,48.58953],[39.75056,48.58898],[39.75081,48.58836],[39.75097,48.5876],[39.751,48.58694],[39.75099,48.58637],[39.7509,48.58573],[39.75071,48.58506],[39.75046,48.58434],[39.75035,48.58385],[39.75032,48.58352],[39.75038,48.58313],[39.75044,48.58286],[39.7506,48.58265],[39.75085,48.58235],[39.751,48.58225],[39.75119,48.58214],[39.75147,48.58206],[39.75189,48.58202],[39.75242,48.58199],[39.75277,48.58202],[39.75306,48.58211],[39.7533,48.58221],[39.75353,48.5824],[39.75399,48.58273],[39.75438,48.58294],[39.75502,48.58316],[39.75562,48.58333],[39.7573,48.58371],[39.7587,48.58389],[39.75963,48.58396],[39.76041,48.58408],[39.76123,48.58429],[39.76187,48.58451],[39.76253,48.58481],[39.76381,48.5854],[39.76466,48.58572],[39.76551,48.58596],[39.76614,48.58607],[39.76687,48.58625],[39.76756,48.58652],[39.76835,48.58689],[39.76916,48.58732],[39.76947,48.58752],[39.76977,48.58781],[39.77021,48.58824],[39.77044,48.58857],[39.77077,48.58907],[39.77105,48.58962],[39.77124,48.59001],[39.77156,48.59091],[39.77179,48.59133],[39.77207,48.59163],[39.77246,48.59193],[39.77288,48.59215],[39.77351,48.5923],[39.77447,48.59239],[39.77595,48.5924],[39.77681,48.59241],[39.77789,48.59247],[39.77936,48.5926],[39.78305,48.59298],[39.78545,48.59316],[39.78752,48.59324],[39.78898,48.59332],[39.78985,48.59329],[39.79072,48.59317],[39.79158,48.59299],[39.7938,48.59258],[39.79448,48.59242],[39.79511,48.59222],[39.79603,48.59188],[39.79664,48.5916],[39.79719,48.59129],[39.79806,48.59071],[39.79866,48.59036],[39.79955,48.58989],[39.80033,48.58946],[39.80096,48.58907],[39.80125,48.58882],[39.80149,48.58852],[39.80197,48.58796],[39.80265,48.58726],[39.80307,48.58674],[39.80341,48.58635],[39.80407,48.58569],[39.80459,48.58537],[39.80521,48.58505],[39.80625,48.58468],[39.80733,48.58436],[39.8086,48.58407],[39.80951,48.58393],[39.81032,48.58385],[39.81114,48.58381],[39.81192,48.58384],[39.81335,48.58394],[39.81432,48.58411],[39.81578,48.58449],[39.8173,48.58499],[39.81845,48.58543],[39.81978,48.58598],[39.82065,48.58632],[39.82138,48.58652],[39.82198,48.58663],[39.82264,48.58668],[39.82318,48.58668],[39.82369,48.58659],[39.82411,48.58649],[39.82449,48.58636],[39.82486,48.58615],[39.82519,48.58583],[39.8256,48.58537],[39.82583,48.58502],[39.82611,48.58452],[39.82616,48.58435],[39.82619,48.58413],[39.82622,48.58377],[39.82619,48.58327],[39.82613,48.5829],[39.82606,48.58273],[39.82595,48.58254],[39.82533,48.58176],[39.82516,48.58158],[39.82486,48.58134],[39.82444,48.581],[39.82421,48.58084],[39.82376,48.58063],[39.82285,48.58025],[39.82148,48.57976],[39.82102,48.5796],[39.82091,48.57952],[39.82083,48.5794],[39.82068,48.57921],[39.82058,48.57905],[39.82056,48.57897],[39.82061,48.57888],[39.82072,48.5788],[39.82088,48.57872],[39.82128,48.57853],[39.82242,48.5781],[39.82305,48.57788],[39.82375,48.57755],[39.82451,48.57723],[39.82481,48.57713],[39.8252,48.57708],[39.8256,48.57706],[39.8259,48.57705],[39.82623,48.577],[39.82659,48.57692],[39.82695,48.57682],[39.82737,48.57666],[39.82794,48.57646],[39.82857,48.57625],[39.83025,48.57561],[39.8312,48.57531],[39.83168,48.57518],[39.83277,48.57492],[39.83392,48.57472],[39.83615,48.57433],[39.83685,48.57424],[39.83767,48.57408],[39.83876,48.57385],[39.83998,48.57354],[39.84092,48.57331],[39.8417,48.57305],[39.84308,48.57253],[39.84508,48.57162],[39.84659,48.57087],[39.84797,48.57003],[39.84891,48.56939],[39.84977,48.5687],[39.85064,48.56782],[39.85101,48.56744],[39.8514,48.56688],[39.85217,48.5657],[39.85279,48.56477],[39.85348,48.56367],[39.85428,48.56226],[39.855,48.56107],[39.85526,48.56073],[39.85537,48.56048],[39.85543,48.56024],[39.85545,48.55945],[39.85542,48.55899],[39.85525,48.55844],[39.85498,48.55784],[39.85402,48.55633],[39.85309,48.55488],[39.85285,48.55437],[39.85274,48.55403],[39.85261,48.55366],[39.85257,48.55334],[39.85257,48.55297],[39.8526,48.55256],[39.85276,48.55182],[39.85311,48.55077],[39.85338,48.54999],[39.85351,48.54967],[39.85377,48.54916],[39.8539,48.54892],[39.8542,48.54855],[39.85486,48.54778],[39.85532,48.5472],[39.85578,48.54653],[39.85628,48.54588],[39.85669,48.54519],[39.85696,48.54443],[39.85706,48.54404],[39.85711,48.54354],[39.85705,48.54299],[39.85695,48.54268],[39.85678,48.54232],[39.85603,48.54116],[39.85571,48.54063],[39.85538,48.53987],[39.85516,48.53911],[39.85508,48.53843],[39.85509,48.53769],[39.85518,48.53697],[39.85537,48.53611],[39.85576,48.53509],[39.85606,48.53441],[39.85642,48.53371],[39.8567,48.53319],[39.85697,48.5328],[39.8574,48.53237],[39.8578,48.53203],[39.85812,48.53167],[39.85852,48.53114],[39.8591,48.53025],[39.8597,48.52913],[39.8602,48.52809],[39.86078,48.52692],[39.86101,48.52643],[39.86122,48.52606],[39.86176,48.52522],[39.86216,48.52433],[39.86229,48.52381],[39.86236,48.52308],[39.86228,48.5223],[39.8622,48.52158],[39.86218,48.52103],[39.86217,48.52069],[39.86223,48.52028],[39.86234,48.51991],[39.86238,48.51975],[39.86253,48.51955],[39.86281,48.51927],[39.86312,48.51901],[39.86333,48.51874],[39.86347,48.51844],[39.86353,48.51795],[39.86367,48.51739],[39.8639,48.51619],[39.86399,48.51565],[39.86418,48.51514],[39.86456,48.51412],[39.86491,48.51338],[39.86628,48.5105],[39.86669,48.50954],[39.86697,48.50867],[39.86706,48.50773],[39.86708,48.50715],[39.867,48.50658],[39.86687,48.50608],[39.86676,48.50576],[39.86654,48.50532],[39.86622,48.50485],[39.86595,48.50445],[39.86563,48.50414],[39.86524,48.50377],[39.86479,48.50344],[39.86418,48.50307],[39.86345,48.50267],[39.86285,48.50236],[39.86154,48.50186],[39.86092,48.50168],[39.86023,48.50153],[39.85909,48.50138],[39.85866,48.50134],[39.85823,48.50135],[39.85781,48.50135],[39.85735,48.50143],[39.85682,48.50153],[39.85609,48.50174],[39.85576,48.50189],[39.85539,48.50212],[39.855,48.50244],[39.85458,48.50285],[39.85419,48.50309],[39.85365,48.50333],[39.85322,48.50345],[39.85277,48.50352],[39.85227,48.50351],[39.85181,48.50347],[39.85125,48.50338],[39.85041,48.50327],[39.8496,48.50311],[39.84875,48.50287],[39.84831,48.50268],[39.84805,48.50248],[39.84762,48.50207],[39.84745,48.50178],[39.84728,48.50133],[39.8469,48.50016],[39.84675,48.49939],[39.84672,48.49877],[39.84682,48.49821],[39.84721,48.49683],[39.84758,48.49574],[39.84776,48.49522],[39.84783,48.49472],[39.8478,48.49433],[39.84771,48.49379],[39.8477,48.4933],[39.84768,48.49104],[39.84767,48.48929],[39.84756,48.48877],[39.84733,48.48829],[39.8469,48.48791],[39.8466,48.48749],[39.84611,48.48691],[39.84577,48.48644],[39.84558,48.48601],[39.84542,48.48544],[39.84538,48.48498],[39.84551,48.4844],[39.84566,48.48391],[39.84588,48.48345],[39.84622,48.48275],[39.84621,48.48211],[39.8461,48.4812],[39.84618,48.4804],[39.84622,48.47976],[39.84609,48.47919],[39.84574,48.47788],[39.84554,48.47714],[39.84549,48.47676],[39.84551,48.47631],[39.8457,48.47565],[39.8459,48.47503],[39.8464,48.47399],[39.84692,48.47291],[39.84724,48.47251],[39.84754,48.47226],[39.84783,48.47211],[39.84806,48.47189],[39.84822,48.47169],[39.84861,48.47105],[39.84902,48.47049],[39.85006,48.46892],[39.85066,48.4681],[39.85102,48.46768],[39.85145,48.46733],[39.85203,48.46692],[39.85251,48.46669],[39.853,48.46647],[39.85347,48.46621],[39.854,48.46583],[39.85466,48.46536],[39.85544,48.46483],[39.85614,48.46442],[39.85659,48.46417],[39.85697,48.46402],[39.85773,48.46377],[39.85864,48.46348],[39.85966,48.46305],[39.86109,48.46239],[39.86384,48.46133],[39.86671,48.46016],[39.86912,48.45926],[39.87154,48.45839],[39.87302,48.45791],[39.87492,48.45732],[39.87632,48.45679],[39.87759,48.45619],[39.87962,48.45498],[39.88287,48.45297],[39.88439,48.45213],[39.88617,48.45119],[39.88698,48.45083],[39.88804,48.45046],[39.89019,48.44981],[39.89146,48.44954],[39.89336,48.44925],[39.89542,48.44888],[39.89648,48.44858],[39.89711,48.44831],[39.89767,48.44802],[39.89803,48.44771],[39.89834,48.44731],[39.89846,48.44705],[39.89856,48.44667],[39.89859,48.44612],[39.89842,48.44559],[39.89823,48.44525],[39.89793,48.44494],[39.89757,48.4447],[39.89719,48.44449],[39.8966,48.44425],[39.89599,48.4441],[39.89538,48.44401],[39.89151,48.44386],[39.89086,48.44378],[39.89031,48.44364],[39.88981,48.44342],[39.88951,48.44324],[39.88928,48.44301],[39.88914,48.44287],[39.88903,48.44266],[39.88895,48.44237],[39.88895,48.442],[39.88905,48.4417],[39.89007,48.43965],[39.89051,48.43891],[39.89126,48.43758],[39.89144,48.43723],[39.89173,48.43651],[39.89222,48.43528],[39.89259,48.43473],[39.89316,48.43407],[39.89364,48.43306],[39.8941,48.43171],[39.89422,48.43122],[39.89442,48.43083],[39.89497,48.43023],[39.89561,48.42965],[39.89654,48.4288],[39.89707,48.42826],[39.89769,48.42775],[39.89842,48.42729],[39.89932,48.42683],[39.90159,48.42567],[39.90259,48.42527],[39.90485,48.42441],[39.90765,48.42341],[39.90931,48.42266],[39.90997,48.4222],[39.9104,48.42187],[39.9108,48.42147],[39.91147,48.42061],[39.91195,48.41982],[39.91216,48.4194],[39.91238,48.41887],[39.91249,48.4179],[39.91241,48.41696],[39.91225,48.41604],[39.91201,48.41517],[39.91167,48.41415],[39.91128,48.41328],[39.91081,48.41243],[39.9103,48.41167],[39.90932,48.41054],[39.90711,48.40848],[39.90676,48.40795],[39.90648,48.40735],[39.90621,48.40633],[39.90607,48.40559],[39.90603,48.40496],[39.90613,48.40447],[39.90628,48.40395],[39.90658,48.4035],[39.90695,48.40308],[39.90731,48.40276],[39.9078,48.40245],[39.90831,48.40228],[39.90913,48.40211],[39.91007,48.40197],[39.91173,48.40181],[39.91292,48.40165],[39.91415,48.40135],[39.91492,48.40109],[39.91563,48.40079],[39.91647,48.40022],[39.91717,48.39971],[39.91768,48.39927],[39.91806,48.39873],[39.91839,48.39826],[39.91852,48.39786],[39.91849,48.39734],[39.91844,48.39693],[39.91831,48.39645],[39.91807,48.396],[39.91761,48.39547],[39.91702,48.395],[39.91634,48.39461],[39.91544,48.39424],[39.91424,48.39389],[39.91284,48.39366],[39.90981,48.39334],[39.90871,48.39312],[39.90773,48.39281],[39.90705,48.39243],[39.90667,48.39215],[39.90624,48.3916],[39.90608,48.39125],[39.90598,48.39088],[39.906,48.39037],[39.90613,48.39008],[39.90637,48.38977],[39.90674,48.38945],[39.90748,48.38899],[39.90811,48.38868],[39.9091,48.38836],[39.91054,48.38804],[39.91253,48.38766],[39.91349,48.38744],[39.91439,48.38705],[39.91483,48.38681],[39.91537,48.38636],[39.9158,48.38599],[39.91609,48.38554],[39.91624,48.38518],[39.91634,48.3847],[39.91649,48.38393],[39.9165,48.38322],[39.91653,48.38195],[39.91666,48.38143],[39.91717,48.38028],[39.91757,48.3795],[39.91804,48.37879],[39.91849,48.37819],[39.91887,48.37772],[39.9196,48.37713],[39.92021,48.37672],[39.92089,48.37633],[39.92174,48.37595],[39.92251,48.37567],[39.92314,48.37547],[39.92411,48.3753],[39.92482,48.37522],[39.9256,48.37516],[39.92657,48.37517],[39.92752,48.37525],[39.92877,48.37553],[39.92939,48.37573],[39.9299,48.37596],[39.93054,48.3763],[39.93124,48.37682],[39.93183,48.37734],[39.93238,48.37792],[39.93281,48.37854],[39.93323,48.37921],[39.93344,48.37988],[39.93371,48.38097],[39.934,48.38226],[39.93454,48.38403],[39.93537,48.38539],[39.93606,48.38617],[39.93677,48.38686],[39.93722,48.38721],[39.93759,48.38742],[39.93819,48.38758],[39.9388,48.38767],[39.93965,48.38767],[39.9401,48.38759],[39.94059,48.38742],[39.94106,48.38719],[39.94153,48.38691],[39.94193,48.38655],[39.9423,48.38615],[39.94264,48.38565],[39.94276,48.38528],[39.9428,48.3849],[39.94285,48.38445],[39.94276,48.38389],[39.94268,48.38349],[39.94253,48.38302],[39.94209,48.38217],[39.9413,48.38069],[39.94056,48.37953],[39.93978,48.37851],[39.93881,48.37744],[39.93761,48.37608],[39.93576,48.37416],[39.93541,48.37372],[39.93507,48.37311],[39.93479,48.37242],[39.93472,48.37195],[39.93469,48.37144],[39.93482,48.37076],[39.93499,48.37023],[39.93527,48.36951],[39.93561,48.36881],[39.93586,48.36847],[39.93611,48.36812],[39.93659,48.36751],[39.93437,48.36467],[39.93413,48.36436],[39.93412,48.36434],[39.93389,48.36441],[39.93371,48.36448],[39.93341,48.36459],[39.93309,48.36472],[39.93289,48.36482],[39.93264,48.36497],[39.93249,48.36506],[39.93238,48.36514],[39.93236,48.3651],[39.93211,48.36471],[39.93176,48.36442],[39.9338,48.36393],[39.93294,48.36301],[39.93533,48.35925],[39.93482,48.35777],[39.93663,48.35636],[39.93669,48.35634],[39.93814,48.35593],[39.93934,48.35559],[39.94061,48.35523],[39.94094,48.35514],[39.94171,48.35492],[39.9435,48.35464],[39.94486,48.35443],[39.9463,48.3542],[39.94671,48.35413],[39.9427,48.34569],[39.93214,48.34909],[39.92009,48.34741],[39.919,48.34726],[39.91879,48.34723],[39.9187,48.34722],[39.91864,48.34212],[39.91866,48.3419],[39.91869,48.34173],[39.91866,48.34169],[39.91813,48.34153],[39.91731,48.34135],[39.91596,48.3411],[39.91443,48.34081],[39.91287,48.34051],[39.91148,48.34022],[39.90979,48.33988],[39.90788,48.3395],[39.90685,48.33932],[39.90467,48.33889],[39.90312,48.33861],[39.89998,48.33799],[39.89886,48.33776],[39.8977,48.33754],[39.89694,48.33741],[39.89645,48.33734],[39.89565,48.33721],[39.89499,48.33708],[39.89352,48.33678],[39.89077,48.33625],[39.88722,48.33561],[39.88645,48.33548],[39.88555,48.33532],[39.88503,48.33519],[39.88335,48.33485],[39.88224,48.33463],[39.88091,48.33437],[39.88023,48.33425],[39.87939,48.33413],[39.87891,48.33407],[39.87854,48.33403],[39.87763,48.33394],[39.87733,48.33391],[39.87664,48.33393],[39.87381,48.33407],[39.87213,48.33419],[39.87017,48.33428],[39.86788,48.33442],[39.86574,48.33452],[39.86489,48.33456],[39.86407,48.33456],[39.86216,48.33451],[39.86152,48.3345],[39.86057,48.33447],[39.85958,48.33443],[39.85884,48.33436],[39.85751,48.33426],[39.85533,48.33407],[39.85295,48.33385],[39.84996,48.3336],[39.8461,48.33269],[39.84541,48.3323],[39.84541,48.33187],[39.84541,48.33152],[39.84541,48.33112],[39.84542,48.33082],[39.84546,48.33049],[39.84549,48.33035],[39.84549,48.33027],[39.8454,48.33003],[39.84527,48.32968],[39.84519,48.32955],[39.84512,48.32946],[39.84498,48.32936],[39.84489,48.32932],[39.84473,48.32929],[39.84402,48.32924],[39.84291,48.32912],[39.84186,48.32901],[39.84096,48.32891],[39.84211,48.32],[39.84081,48.30966],[39.85815,48.30911],[39.88719,48.3093],[39.88712,48.30444],[39.90162,48.29508],[39.90946,48.29166],[39.9103,48.29129],[39.91039,48.29126],[39.9104,48.29121],[39.91117,48.28797],[39.91117,48.2878],[39.91117,48.28771],[39.91115,48.28764],[39.91113,48.28759],[39.91115,48.28752],[39.91124,48.28744],[39.91121,48.28737],[39.91117,48.28732],[39.91112,48.28728],[39.91111,48.28722],[39.9112,48.28715],[39.91125,48.28708],[39.91125,48.28702],[39.91126,48.28697],[39.91129,48.28692],[39.91134,48.28689],[39.91149,48.2869],[39.91155,48.28689],[39.91164,48.28688],[39.91167,48.28681],[39.9117,48.28675],[39.91181,48.28674],[39.91184,48.28674],[39.91188,48.2867],[39.91196,48.28661],[39.91208,48.2866],[39.9122,48.28654],[39.91221,48.28652],[39.91218,48.28642],[39.91216,48.28632],[39.91216,48.28609],[39.91231,48.28594],[39.91236,48.28587],[39.91236,48.28583],[39.91233,48.28576],[39.91228,48.2857],[39.91219,48.28564],[39.91211,48.28556],[39.91208,48.28534],[39.91211,48.28516],[39.91212,48.28488],[39.91216,48.28478],[39.91221,48.28472],[39.91229,48.28461],[39.9123,48.28449],[39.91229,48.28444],[39.91232,48.28432],[39.91239,48.28427],[39.9126,48.28424],[39.91264,48.28422],[39.91271,48.28416],[39.91275,48.28409],[39.91274,48.28403],[39.91274,48.28393],[39.91275,48.28385],[39.91278,48.28381],[39.91284,48.2838],[39.91291,48.28381],[39.91312,48.28379],[39.91334,48.28384],[39.91348,48.28386],[39.91374,48.28386],[39.91413,48.28384],[39.91436,48.28384],[39.91447,48.28382],[39.91452,48.28381],[39.91456,48.2838],[39.91457,48.28377],[39.91452,48.28372],[39.91451,48.28369],[39.91452,48.28362],[39.91464,48.28349],[39.91466,48.28347],[39.91474,48.28344],[39.91484,48.28339],[39.91492,48.28334],[39.91494,48.28329],[39.91493,48.28323],[39.91489,48.28313],[39.91487,48.28306],[39.91485,48.283],[39.91485,48.28293],[39.91486,48.28285],[39.91491,48.28279],[39.91498,48.28274],[39.91513,48.28265],[39.91525,48.28257],[39.91534,48.28248],[39.91537,48.28243],[39.91537,48.28238],[39.91538,48.28226],[39.91536,48.28215],[39.91533,48.28207],[39.91529,48.28203],[39.91525,48.282],[39.91522,48.28196],[39.91521,48.2819],[39.91521,48.28183],[39.91526,48.28173],[39.9153,48.28165],[39.91531,48.28158],[39.91531,48.28152],[39.91531,48.28147],[39.91527,48.2814],[39.91516,48.28127],[39.91511,48.2812],[39.91509,48.28111],[39.9151,48.281],[39.91519,48.28088],[39.91531,48.28073],[39.91532,48.28053],[39.91531,48.28025],[39.91519,48.28008],[39.91511,48.27996],[39.915,48.27987],[39.91498,48.27979],[39.91497,48.27973],[39.91499,48.27968],[39.91499,48.27964],[39.91496,48.27961],[39.91489,48.27956],[39.91482,48.2795],[39.91478,48.27947],[39.91474,48.27938],[39.91472,48.27932],[39.91468,48.27925],[39.9146,48.27919],[39.91444,48.27909],[39.9144,48.27903],[39.91441,48.27899],[39.9144,48.27894],[39.91436,48.2789],[39.91428,48.27884],[39.91423,48.27879],[39.91421,48.27871],[39.91419,48.27862],[39.9142,48.27856],[39.91421,48.27849],[39.91421,48.27842],[39.91415,48.27834],[39.91409,48.27829],[39.91409,48.27824],[39.91411,48.27817],[39.91413,48.27812],[39.91411,48.27806],[39.91405,48.27797],[39.91402,48.27785],[39.91396,48.27775],[39.91385,48.27767],[39.9137,48.2776],[39.91362,48.27755],[39.91357,48.27751],[39.91352,48.27746],[39.91348,48.27741],[39.91347,48.27722],[39.91345,48.27714],[39.91343,48.27706],[39.91341,48.27699],[39.91334,48.27689],[39.91333,48.27682],[39.91329,48.27675],[39.91325,48.27672],[39.9132,48.27667],[39.91316,48.27663],[39.91312,48.2766],[39.91296,48.27642],[39.91287,48.27631],[39.91275,48.27622],[39.91241,48.27597],[39.9122,48.27583],[39.91205,48.27574],[39.91191,48.27569],[39.91181,48.27568],[39.91171,48.27571],[39.91157,48.27574],[39.9115,48.27574],[39.91138,48.27569],[39.91133,48.27565],[39.9113,48.2756],[39.91121,48.2755],[39.91133,48.27546],[39.91141,48.27541],[39.91144,48.27539],[39.91147,48.27535],[39.91151,48.27526],[39.91155,48.2751],[39.9116,48.27493],[39.91164,48.27475],[39.91169,48.27468],[39.91176,48.27462],[39.91179,48.27455],[39.91183,48.27448],[39.91191,48.27443],[39.91201,48.27434],[39.91208,48.27422],[39.91216,48.2741],[39.91222,48.27396],[39.91227,48.27384],[39.91225,48.27373],[39.91223,48.27366],[39.9122,48.27359],[39.91212,48.27349],[39.91203,48.2734],[39.91203,48.27331],[39.912,48.27318],[39.91195,48.27306],[39.91186,48.27287],[39.91179,48.27278],[39.91169,48.27271],[39.91153,48.27263],[39.91124,48.27252],[39.91081,48.2723],[39.91063,48.2722],[39.91048,48.272],[39.91039,48.27191],[39.91033,48.27185],[39.91028,48.27173],[39.91028,48.27164],[39.9103,48.2716],[39.91033,48.27157],[39.91037,48.27154],[39.91036,48.27148],[39.91039,48.27146],[39.91047,48.27145],[39.91052,48.27141],[39.91057,48.27137],[39.91063,48.2713],[39.91073,48.27124],[39.9108,48.27125],[39.91082,48.27124],[39.91086,48.2712],[39.9109,48.27116],[39.91111,48.27114],[39.91133,48.2711],[39.91152,48.27103],[39.91167,48.27101],[39.91187,48.27099],[39.91218,48.271],[39.91244,48.271],[39.91266,48.27103],[39.91281,48.27106],[39.91301,48.27111],[39.91311,48.27119],[39.91318,48.27128],[39.91331,48.2714],[39.91352,48.27158],[39.91371,48.27169],[39.91387,48.27181],[39.91414,48.27191],[39.91421,48.27194],[39.9143,48.27198],[39.91439,48.27201],[39.91447,48.272],[39.91457,48.27199],[39.91465,48.27196],[39.9147,48.27194],[39.91476,48.27193],[39.91482,48.27194],[39.91488,48.27192],[39.91491,48.27191],[39.91494,48.27185],[39.91497,48.27181],[39.91504,48.27165],[39.91506,48.27158],[39.91505,48.2715],[39.91503,48.27142],[39.91505,48.27134],[39.915,48.27131],[39.91497,48.27127],[39.91497,48.27122],[39.91497,48.27119],[39.91485,48.27106],[39.91483,48.27099],[39.91482,48.27096],[39.91478,48.27092],[39.91469,48.2708],[39.9146,48.27067],[39.91452,48.27057],[39.91449,48.27052],[39.9144,48.27035],[39.91439,48.27027],[39.91433,48.27018],[39.91431,48.27012],[39.91431,48.27005],[39.91433,48.26994],[39.91431,48.2699],[39.91432,48.26987],[39.91437,48.26985],[39.91441,48.26983],[39.91451,48.26978],[39.91472,48.26973],[39.91498,48.26967],[39.91517,48.26966],[39.91539,48.26967],[39.91558,48.26968],[39.91591,48.26975],[39.91622,48.2698],[39.91652,48.26984],[39.91663,48.26984],[39.91672,48.26988],[39.91687,48.26993],[39.91722,48.27003],[39.91754,48.27011],[39.91793,48.2702],[39.91816,48.27026],[39.91848,48.27035],[39.91873,48.27045],[39.91891,48.27056],[39.91907,48.27067],[39.91914,48.27074],[39.91915,48.27078],[39.91916,48.27082],[39.91919,48.27087],[39.91926,48.27091],[39.91932,48.27095],[39.9195,48.27111],[39.91961,48.27122],[39.9198,48.27132],[39.91997,48.27142],[39.92016,48.27154],[39.92029,48.2716],[39.92041,48.27165],[39.92051,48.27166],[39.92065,48.27169],[39.92076,48.27172],[39.92085,48.27171],[39.92096,48.27169],[39.92108,48.2717],[39.92115,48.27171],[39.92127,48.27168],[39.92138,48.27166],[39.92141,48.27165],[39.92148,48.27161],[39.92154,48.27157],[39.9216,48.27154],[39.92165,48.27153],[39.92172,48.27155],[39.92179,48.27158],[39.92188,48.27158],[39.92199,48.27156],[39.92208,48.27153],[39.9223,48.27147],[39.92256,48.2714],[39.92294,48.27135],[39.92316,48.27132],[39.92338,48.27131],[39.92365,48.27134],[39.92384,48.27136],[39.924,48.27134],[39.92421,48.27135],[39.92456,48.27138],[39.92469,48.27141],[39.92484,48.27147],[39.92496,48.27152],[39.92522,48.27161],[39.92542,48.27169],[39.92555,48.27176],[39.92569,48.27187],[39.92577,48.27198],[39.92586,48.27203],[39.92593,48.27219],[39.92597,48.27231],[39.92599,48.27242],[39.92598,48.27255],[39.92599,48.27266],[39.92596,48.27278],[39.9259,48.27303],[39.92575,48.27337],[39.92569,48.27345],[39.92565,48.27351],[39.92564,48.2736],[39.92565,48.27369],[39.92567,48.27378],[39.9258,48.27395],[39.92599,48.27412],[39.9261,48.27422],[39.92629,48.27434],[39.92643,48.27444],[39.92657,48.27459],[39.92673,48.27473],[39.92687,48.27481],[39.92708,48.27507],[39.92717,48.27514],[39.92718,48.27519],[39.92718,48.27522],[39.92723,48.27528],[39.92728,48.27538],[39.92735,48.27556],[39.92742,48.27573],[39.9275,48.2759],[39.92759,48.27604],[39.92781,48.27625],[39.92804,48.27655],[39.92812,48.27665],[39.92813,48.27673],[39.92814,48.27676],[39.92819,48.27682],[39.92833,48.27692],[39.92842,48.27698],[39.9285,48.27705],[39.92857,48.2771],[39.9287,48.2772],[39.92878,48.27723],[39.92895,48.27735],[39.9291,48.27749],[39.92923,48.27758],[39.92935,48.27766],[39.92946,48.27772],[39.92957,48.27778],[39.92969,48.27782],[39.92982,48.27783],[39.92999,48.27784],[39.93013,48.27782],[39.93025,48.27782],[39.93031,48.27784],[39.93039,48.27788],[39.93057,48.27791],[39.93084,48.27795],[39.93104,48.27796],[39.93119,48.27795],[39.93132,48.27795],[39.93144,48.27796],[39.93159,48.27799],[39.93174,48.27804],[39.93191,48.27813],[39.93199,48.27821],[39.93202,48.27825],[39.93202,48.2783],[39.93205,48.27833],[39.9321,48.27841],[39.93211,48.27851],[39.93213,48.27858],[39.93214,48.27862],[39.9322,48.2787],[39.93228,48.27881],[39.93233,48.27889],[39.93234,48.27893],[39.9324,48.27903],[39.93244,48.27907],[39.93251,48.2791],[39.93268,48.27915],[39.93283,48.27922],[39.93291,48.27925],[39.93297,48.27926],[39.93304,48.27926],[39.93317,48.27926],[39.93323,48.27925],[39.93337,48.27921],[39.93358,48.27919],[39.93371,48.27917],[39.93385,48.27912],[39.934,48.27909],[39.93433,48.27905],[39.93456,48.27908],[39.93465,48.27909],[39.93476,48.27916],[39.93483,48.27922],[39.9349,48.2793],[39.93496,48.27942],[39.935,48.27956],[39.93501,48.27965],[39.93503,48.27969],[39.93502,48.27975],[39.93498,48.27984],[39.93496,48.27993],[39.93486,48.27997],[39.93483,48.28005],[39.93477,48.28011],[39.93469,48.28017],[39.9347,48.28024],[39.93467,48.28028],[39.93462,48.28032],[39.93452,48.28037],[39.93443,48.28041],[39.9344,48.28051],[39.9344,48.28056],[39.93438,48.28059],[39.93433,48.28062],[39.93423,48.28066],[39.93417,48.28069],[39.93407,48.2807],[39.93402,48.28074],[39.93399,48.28078],[39.93394,48.28079],[39.93388,48.28081],[39.93382,48.28082],[39.93375,48.28083],[39.93372,48.28085],[39.93369,48.28088],[39.93364,48.2809],[39.9335,48.28091],[39.93346,48.2809],[39.93335,48.28093],[39.93326,48.28094],[39.93322,48.28095],[39.93318,48.28097],[39.93315,48.28099],[39.9331,48.28099],[39.93303,48.28099],[39.93299,48.28103],[39.93295,48.28105],[39.9329,48.28105],[39.93286,48.28102],[39.93281,48.28101],[39.93277,48.28102],[39.9327,48.28105],[39.93264,48.28108],[39.93246,48.28112],[39.93221,48.2812],[39.93191,48.2813],[39.93179,48.28138],[39.93151,48.28154],[39.93133,48.28162],[39.93125,48.28167],[39.93118,48.28175],[39.93109,48.28178],[39.93104,48.28181],[39.93098,48.28185],[39.93091,48.2819],[39.93089,48.28194],[39.93086,48.28197],[39.93082,48.28199],[39.93077,48.28199],[39.93071,48.282],[39.93069,48.28206],[39.93063,48.28213],[39.93055,48.28221],[39.93048,48.28225],[39.93044,48.2823],[39.93038,48.28236],[39.93027,48.2824],[39.93021,48.28245],[39.93015,48.28252],[39.93009,48.28261],[39.93006,48.28271],[39.93007,48.28279],[39.93012,48.28291],[39.93017,48.283],[39.93025,48.28303],[39.9303,48.28307],[39.93034,48.28313],[39.93044,48.28321],[39.93056,48.28327],[39.93099,48.28345],[39.93125,48.28352],[39.93141,48.28356],[39.93167,48.2836],[39.93183,48.28366],[39.93195,48.2837],[39.93202,48.28373],[39.93207,48.28376],[39.93222,48.28378],[39.93234,48.28378],[39.93239,48.28378],[39.93242,48.28377],[39.93253,48.28376],[39.93265,48.28378],[39.93271,48.28378],[39.93283,48.28376],[39.93288,48.28378],[39.93296,48.28379],[39.93308,48.28379],[39.93315,48.28379],[39.93322,48.28376],[39.93334,48.28374],[39.93343,48.28373],[39.93347,48.28372],[39.93355,48.28368],[39.93362,48.28364],[39.93377,48.28359],[39.93407,48.28353],[39.93422,48.28352],[39.93431,48.28353],[39.93439,48.28354],[39.93457,48.28359],[39.93472,48.28365],[39.93491,48.28374],[39.93507,48.28386],[39.93517,48.28394],[39.93525,48.28402],[39.93532,48.28411],[39.93538,48.2842],[39.93552,48.28433],[39.93562,48.28447],[39.9358,48.28471],[39.93587,48.2848],[39.93592,48.28487],[39.93598,48.28491],[39.936,48.28497],[39.93599,48.28501],[39.936,48.28505],[39.93605,48.28512],[39.93612,48.28519],[39.93614,48.28528],[39.93621,48.28547],[39.93625,48.28562],[39.93629,48.28577],[39.9363,48.28591],[39.9363,48.28607],[39.93631,48.28627],[39.93636,48.28644],[39.93641,48.28655],[39.93644,48.28663],[39.93653,48.28672],[39.93654,48.28678],[39.93658,48.28684],[39.93667,48.28699],[39.9367,48.28724],[39.93677,48.28741],[39.93681,48.28753],[39.93685,48.2876],[39.93687,48.28766],[39.9369,48.28771],[39.93691,48.28778],[39.93687,48.28782],[39.93687,48.28787],[39.93692,48.28792],[39.93694,48.28797],[39.93694,48.28802],[39.93694,48.28808],[39.93695,48.28816],[39.93692,48.28831],[39.93691,48.28844],[39.93688,48.28866],[39.93685,48.28875],[39.93686,48.28881],[39.93685,48.28885],[39.93682,48.28888],[39.93677,48.28898],[39.93675,48.28906],[39.93674,48.2891],[39.93669,48.2892],[39.93665,48.2893],[39.93654,48.28943],[39.93653,48.28949],[39.93654,48.28956],[39.93653,48.28973],[39.9365,48.28984],[39.93648,48.28994],[39.93652,48.2901],[39.93653,48.29023],[39.93653,48.29031],[39.93654,48.2904],[39.93655,48.2905],[39.93652,48.29059],[39.93653,48.29073],[39.93658,48.29092],[39.93664,48.29109],[39.93664,48.29116],[39.93666,48.29119],[39.93671,48.29125],[39.93683,48.29142],[39.93693,48.2916],[39.93702,48.2917],[39.93713,48.29182],[39.93729,48.29196],[39.93743,48.29208],[39.93757,48.29216],[39.93767,48.29218],[39.93781,48.29219],[39.93793,48.29218],[39.93802,48.29216],[39.93815,48.29214],[39.9383,48.29213],[39.9384,48.29214],[39.93853,48.29216],[39.93861,48.29217],[39.93871,48.29219],[39.93879,48.2922],[39.93886,48.29223],[39.93905,48.29231],[39.93923,48.29236],[39.93937,48.29241],[39.93955,48.29246],[39.93979,48.2925],[39.94003,48.29254],[39.94025,48.29255],[39.94038,48.29254],[39.94051,48.29253],[39.94057,48.29252],[39.94063,48.29253],[39.94073,48.29258],[39.94083,48.29265],[39.94091,48.29271],[39.94099,48.29277],[39.94111,48.29283],[39.94125,48.29289],[39.94139,48.29291],[39.9415,48.29292],[39.9416,48.29291],[39.94169,48.29286],[39.94172,48.29282],[39.94173,48.29277],[39.94176,48.29267],[39.94183,48.29261],[39.94195,48.29255],[39.94221,48.29247],[39.94241,48.29239],[39.94256,48.29236],[39.94268,48.29232],[39.94287,48.29226],[39.94303,48.29218],[39.9431,48.29213],[39.94319,48.2921],[39.94335,48.29203],[39.94355,48.29197],[39.94384,48.29192],[39.94393,48.29191],[39.94404,48.29192],[39.94425,48.29194],[39.94439,48.29196],[39.94457,48.29202],[39.94476,48.29209],[39.94492,48.29215],[39.94507,48.29225],[39.94556,48.29249],[39.94561,48.29253],[39.94562,48.29262],[39.9457,48.29274],[39.94581,48.2928],[39.94585,48.29282],[39.94591,48.29289],[39.946,48.29305],[39.94612,48.29328],[39.94623,48.29351],[39.94634,48.29369],[39.94644,48.2938],[39.94656,48.29388],[39.94669,48.29393],[39.9468,48.29401],[39.94696,48.29405],[39.94715,48.29409],[39.94742,48.29412],[39.94764,48.29415],[39.94777,48.29418],[39.94808,48.29423],[39.9482,48.29427],[39.94834,48.29435],[39.94841,48.29441],[39.9485,48.29454],[39.94854,48.29474],[39.94857,48.29483],[39.94856,48.29496],[39.9485,48.2952],[39.9485,48.29535],[39.94844,48.29557],[39.94844,48.29566],[39.94842,48.29571],[39.94837,48.29579],[39.94835,48.29588],[39.94835,48.29594],[39.94833,48.29603],[39.94835,48.29609],[39.94838,48.29618],[39.94843,48.29628],[39.94854,48.2964],[39.9487,48.29656],[39.94894,48.2967],[39.94914,48.2968],[39.94942,48.2969],[39.94976,48.29697],[39.95022,48.29708],[39.95036,48.29712],[39.95049,48.29718],[39.95058,48.29725],[39.95064,48.2973],[39.9507,48.29744],[39.95073,48.29753],[39.95073,48.29763],[39.95071,48.29769],[39.95063,48.29781],[39.95042,48.29809],[39.95035,48.2982],[39.95025,48.29826],[39.95009,48.29837],[39.94983,48.29853],[39.9497,48.29863],[39.94958,48.29876],[39.94954,48.29883],[39.94953,48.29892],[39.94954,48.299],[39.94957,48.29909],[39.94964,48.29921],[39.94972,48.29931],[39.94983,48.29941],[39.94997,48.29948],[39.95015,48.29956],[39.95037,48.29961],[39.95063,48.29967],[39.95114,48.29981],[39.95135,48.29987],[39.95159,48.29996],[39.95169,48.30002],[39.95187,48.30015],[39.95195,48.30025],[39.95203,48.30033],[39.95206,48.30044],[39.95207,48.30056],[39.95209,48.30068],[39.95212,48.30087],[39.95211,48.30108],[39.95208,48.30122],[39.95203,48.30131],[39.95198,48.30143],[39.95194,48.30159],[39.95185,48.30171],[39.95178,48.30179],[39.95174,48.30189],[39.9517,48.30195],[39.95168,48.30204],[39.9517,48.30211],[39.95173,48.30216],[39.95182,48.30223],[39.95187,48.30228],[39.95192,48.30236],[39.95194,48.30239],[39.95194,48.30244],[39.95192,48.30249],[39.95189,48.30255],[39.95186,48.3026],[39.95184,48.30265],[39.95181,48.30267],[39.95175,48.30271],[39.95173,48.30282],[39.95168,48.3029],[39.95164,48.30303],[39.95164,48.30319],[39.95168,48.30324],[39.95173,48.3033],[39.95178,48.3034],[39.95184,48.30346],[39.95197,48.30357],[39.95206,48.30363],[39.95213,48.30364],[39.95221,48.30363],[39.95232,48.30365],[39.9524,48.30368],[39.95245,48.30373],[39.95251,48.30376],[39.9527,48.30384],[39.95303,48.3039],[39.95326,48.30396],[39.95343,48.30399],[39.95369,48.30401],[39.95387,48.30403],[39.95396,48.30405],[39.95406,48.30403],[39.95422,48.30402],[39.95442,48.30398],[39.95455,48.30397],[39.95461,48.30392],[39.9547,48.3039],[39.95482,48.3039],[39.95489,48.30389],[39.95503,48.30389],[39.95512,48.30389],[39.95516,48.30385],[39.95525,48.30386],[39.95528,48.30381],[39.95546,48.30377],[39.95555,48.30372],[39.95561,48.30368],[39.95575,48.30366],[39.95588,48.30362],[39.95603,48.30353],[39.95619,48.30347],[39.95635,48.30336],[39.95644,48.30326],[39.95652,48.30317],[39.95657,48.30311],[39.95663,48.30305],[39.95667,48.30297],[39.95673,48.30291],[39.95674,48.30285],[39.95677,48.3027],[39.95676,48.30261],[39.95673,48.30254],[39.95668,48.30248],[39.95664,48.30238],[39.95665,48.30231],[39.95665,48.30224],[39.95665,48.30215],[39.95662,48.3021],[39.95667,48.30204],[39.95669,48.30197],[39.95666,48.3019],[39.9567,48.30182],[39.9567,48.30174],[39.95672,48.3017],[39.96313,48.30304],[39.96318,48.30315],[39.96324,48.30323],[39.9634,48.30332],[39.96369,48.30346],[39.96397,48.30357],[39.96417,48.3037],[39.96445,48.30398],[39.96447,48.30401],[39.96463,48.30424],[39.96479,48.30438],[39.9651,48.30442],[39.96537,48.30468],[39.96543,48.30507],[39.96557,48.30544],[39.96568,48.30592],[39.96563,48.30613],[39.96578,48.30645],[39.96642,48.30672],[39.96722,48.30675],[39.9675,48.30679],[39.96809,48.30698],[39.9688,48.30708],[39.96955,48.30704],[39.97022,48.307],[39.97076,48.30703],[39.9711,48.30723],[39.97118,48.30756],[39.97111,48.30788],[39.97096,48.30821],[39.97076,48.30863],[39.9707,48.30887],[39.97093,48.30915],[39.97138,48.30937],[39.97164,48.30961],[39.97171,48.30982],[39.97167,48.3102],[39.97125,48.31079],[39.9711,48.31117],[39.97104,48.31159],[39.97117,48.3119],[39.97152,48.31228],[39.97194,48.31259],[39.97216,48.31276],[39.97271,48.31296],[39.97346,48.31316],[39.97422,48.31336],[39.97453,48.31363],[39.97469,48.31377],[39.97496,48.31401],[39.97518,48.31422],[39.97535,48.31432],[39.97599,48.31457],[39.97645,48.31477],[39.97686,48.31489],[39.97742,48.31511],[39.97781,48.31532],[39.97803,48.31546],[39.97816,48.31552],[39.97828,48.31554],[39.97839,48.31559],[39.97864,48.31569],[39.9789,48.31576],[39.97928,48.31581],[39.97949,48.31583],[39.97975,48.31582],[39.98011,48.31585],[39.98043,48.31583],[39.98083,48.31582],[39.98128,48.31578],[39.98212,48.31573],[39.98241,48.31574],[39.98265,48.31577],[39.98324,48.3159],[39.98384,48.31606],[39.98408,48.31617],[39.98426,48.31626],[39.98439,48.31635],[39.9846,48.31653],[39.98487,48.31676],[39.98513,48.31692],[39.98535,48.31702],[39.9856,48.31709],[39.98589,48.31718],[39.9864,48.31736],[39.98658,48.31743],[39.98676,48.31749],[39.98699,48.31752],[39.98726,48.31754],[39.98769,48.31752],[39.98792,48.3175],[39.98805,48.31749],[39.98817,48.31747],[39.98839,48.31746],[39.98859,48.31742],[39.9889,48.31736],[39.98964,48.31729],[39.99007,48.31723],[39.99044,48.31718],[39.99059,48.31713],[39.99079,48.31703],[39.9908,48.31699],[39.99079,48.31694],[39.99075,48.31681],[39.99064,48.3166],[39.99071,48.31642],[39.99076,48.31629],[39.99076,48.31622],[39.99078,48.31619],[39.9908,48.31615],[39.99086,48.31607],[39.99095,48.31599],[39.9911,48.31585],[39.99111,48.31581],[39.99122,48.31577],[39.99126,48.31569],[39.99128,48.31564],[39.99134,48.3156],[39.99143,48.31557],[39.99149,48.31548],[39.99157,48.31536],[39.99173,48.31514],[39.99181,48.31504],[39.99196,48.31488],[39.99211,48.31465],[39.9922,48.31459],[39.99232,48.31438],[39.99243,48.3143],[39.9925,48.31426],[39.99263,48.31413],[39.99281,48.31394],[39.99291,48.3138],[39.99296,48.31375],[39.99299,48.31367],[39.99305,48.31356],[39.99308,48.3135],[39.99309,48.31344],[39.99314,48.3134],[39.99316,48.31335],[39.99319,48.31331],[39.9932,48.31322],[39.99324,48.31319],[39.99327,48.31313],[39.99332,48.31307],[39.99425,48.30026],[40.0042,48.28081],[40.01007,48.26976],[40.01352,48.26985],[40.01525,48.26659],[40.01237,48.26537],[40.0207,48.25365],[40.00665,48.24187],[40.00954,48.22469],[40.00284,48.2234],[39.97017,48.22669],[39.95451,48.22773],[39.94302,48.22918],[39.93947,48.20492],[39.93699,48.18104],[39.9249,48.18194],[39.9142,48.1805],[39.90949,48.17986],[39.90758,48.17295],[39.90669,48.16834],[39.90692,48.15752],[39.90681,48.1486],[39.9025,48.14034],[39.89897,48.13612],[39.89711,48.13391],[39.8964,48.13355],[39.89632,48.13342],[39.8956,48.13307],[39.89508,48.13273],[39.89455,48.1325],[39.89318,48.13213],[39.89215,48.13187],[39.89149,48.13171],[39.8909,48.13155],[39.89034,48.13131],[39.8899,48.13104],[39.88924,48.13058],[39.88888,48.13032],[39.88848,48.13017],[39.88801,48.13001],[39.88764,48.12987],[39.88741,48.12975],[39.88728,48.12961],[39.88706,48.12931],[39.8866,48.12872],[39.88612,48.12808],[39.88589,48.12777],[39.88585,48.12774],[39.88492,48.12692],[39.8844,48.12654],[39.88321,48.1254],[39.87638,48.11885],[39.8713,48.11721],[39.8739,48.10915],[39.86901,48.07955],[39.86898,48.07946],[39.86891,48.07935],[39.8688,48.07923],[39.86853,48.07909],[39.86791,48.07886],[39.86678,48.07846],[39.86597,48.07816],[39.86527,48.07792],[39.86491,48.07779],[39.86465,48.07769],[39.86452,48.07763],[39.86446,48.07759],[39.86442,48.07752],[39.86425,48.07728],[39.86419,48.0772],[39.86411,48.07716],[39.86395,48.07715],[39.8637,48.07716],[39.86327,48.07715],[39.86307,48.07713],[39.86141,48.07656],[39.85966,48.07593],[39.85906,48.07572],[39.85849,48.07549],[39.85706,48.07498],[39.85672,48.07487],[39.85613,48.07467],[39.85599,48.07462],[39.85588,48.07455],[39.85584,48.0745],[39.8558,48.07442],[39.85575,48.07416],[39.85573,48.07388],[39.85571,48.07373],[39.85563,48.07346],[39.85558,48.07344],[39.85552,48.07342],[39.85543,48.07342],[39.85521,48.07344],[39.85508,48.07347],[39.855,48.07353],[39.85497,48.07367],[39.85497,48.07384],[39.85495,48.07392],[39.85488,48.074],[39.8548,48.07404],[39.85469,48.07406],[39.8545,48.07403],[39.85415,48.07392],[39.85353,48.07372],[39.85267,48.07345],[39.85157,48.07305],[39.85093,48.07282],[39.85041,48.07264],[39.84977,48.07242],[39.84933,48.07225],[39.84801,48.07177],[39.84669,48.0713],[39.84612,48.07106],[39.84494,48.07067],[39.84402,48.07034],[39.8433,48.07011],[39.84273,48.06989],[39.84191,48.06961],[39.84124,48.06938],[39.84021,48.06901],[39.83874,48.06851],[39.83748,48.06809],[39.83573,48.06748],[39.83475,48.06716],[39.83438,48.06705],[39.83436,48.06703],[39.83431,48.06697],[39.83422,48.06693],[39.83405,48.06692],[39.83375,48.06689],[39.8391,48.06393],[39.8478,48.05912],[39.85064,48.05833],[39.86439,48.05449],[39.884,48.04901],[39.88392,48.04795],[39.88339,48.04098],[39.86687,48.0408],[39.80984,48.04021],[39.77648,48.03986],[39.7766,48.03977],[39.77676,48.03957],[39.77691,48.03951],[39.77699,48.03945],[39.7771,48.03936],[39.77712,48.03928],[39.77712,48.03926],[39.77708,48.03924],[39.77693,48.03921],[39.77678,48.03923],[39.77662,48.03915],[39.77659,48.03912],[39.77649,48.03907],[39.77639,48.03904],[39.7763,48.03903],[39.77626,48.03901],[39.7762,48.03898],[39.77612,48.03899],[39.77609,48.03898],[39.77607,48.03896],[39.77614,48.03885],[39.77622,48.03875],[39.77642,48.03872],[39.77652,48.0387],[39.77661,48.03867],[39.77668,48.0386],[39.77678,48.03852],[39.77685,48.03849],[39.77695,48.03842],[39.77695,48.03837],[39.77695,48.03833],[39.77701,48.03831],[39.77719,48.03833],[39.77722,48.03828],[39.7772,48.03824],[39.77721,48.03817],[39.77732,48.03815],[39.77748,48.03813],[39.77753,48.0381],[39.77769,48.03806],[39.77784,48.03806],[39.77795,48.03809],[39.77809,48.03813],[39.77817,48.03814],[39.77831,48.03816],[39.77846,48.03816],[39.77858,48.03815],[39.77869,48.03811],[39.77876,48.0381],[39.77883,48.03809],[39.77886,48.03806],[39.77888,48.03803],[39.77884,48.03799],[39.77876,48.03795],[39.77866,48.03787],[39.77863,48.0378],[39.77866,48.03758],[39.7787,48.03751],[39.77868,48.03742],[39.77863,48.03731],[39.7786,48.03723],[39.77851,48.03706],[39.7784,48.03695],[39.77836,48.03689],[39.77839,48.03685],[39.77835,48.03681],[39.77825,48.0368],[39.77814,48.03681],[39.77807,48.0368],[39.77806,48.03676],[39.77808,48.03671],[39.77818,48.0366],[39.77827,48.03658],[39.77835,48.03657],[39.77836,48.03654],[39.77842,48.0365],[39.7785,48.03647],[39.77855,48.03642],[39.77847,48.03633],[39.77844,48.03624],[39.77845,48.03613],[39.77852,48.03602],[39.77847,48.03591],[39.77847,48.03573],[39.77843,48.03567],[39.77848,48.03561],[39.7786,48.03554],[39.77863,48.03544],[39.7787,48.03532],[39.77871,48.03529],[39.77876,48.0353],[39.77882,48.03529],[39.77886,48.03526],[39.77889,48.03518],[39.77894,48.03505],[39.77892,48.03498],[39.77888,48.0349],[39.77884,48.03484],[39.77884,48.03475],[39.77889,48.03469],[39.77898,48.03463],[39.77913,48.03461],[39.77945,48.03462],[39.77976,48.03466],[39.78009,48.03468],[39.78028,48.03467],[39.7805,48.0346],[39.78054,48.03454],[39.78052,48.0345],[39.78055,48.03445],[39.78065,48.0344],[39.78068,48.03433],[39.78082,48.03425],[39.78085,48.03419],[39.78085,48.03413],[39.78088,48.03408],[39.78086,48.03401],[39.78081,48.03394],[39.78076,48.03386],[39.78076,48.03379],[39.7808,48.03373],[39.78071,48.03357],[39.78064,48.03346],[39.78064,48.03339],[39.78071,48.03332],[39.78078,48.03325],[39.78084,48.03318],[39.7809,48.03314],[39.78099,48.0331],[39.78107,48.033],[39.78114,48.03294],[39.78122,48.03284],[39.78123,48.03279],[39.78125,48.03274],[39.78134,48.03269],[39.78139,48.03262],[39.78144,48.0326],[39.7815,48.03258],[39.78156,48.03256],[39.78159,48.03251],[39.78161,48.03247],[39.78168,48.0324],[39.7817,48.03237],[39.78166,48.03235],[39.78161,48.03233],[39.78159,48.03232],[39.78157,48.03226],[39.78155,48.03223],[39.78156,48.0322],[39.78158,48.03217],[39.78159,48.03214],[39.78158,48.03209],[39.78157,48.03205],[39.78158,48.03194],[39.78157,48.03187],[39.78152,48.03182],[39.7815,48.0318],[39.7815,48.03176],[39.78154,48.03173],[39.78154,48.03169],[39.78164,48.03156],[39.78169,48.03156],[39.78173,48.03153],[39.78177,48.03147],[39.78179,48.03145],[39.78183,48.03144],[39.78185,48.03141],[39.78185,48.03139],[39.78185,48.03136],[39.78188,48.03134],[39.78191,48.03134],[39.78193,48.03132],[39.78194,48.0313],[39.78198,48.03128],[39.782,48.03124],[39.78198,48.03121],[39.78197,48.03117],[39.78204,48.0311],[39.78209,48.03106],[39.78212,48.03102],[39.78212,48.03098],[39.78213,48.03096],[39.78217,48.03093],[39.78223,48.03087],[39.78228,48.03081],[39.7823,48.03077],[39.78231,48.03071],[39.78232,48.03065],[39.78236,48.03061],[39.7824,48.03059],[39.78242,48.03056],[39.78243,48.0305],[39.78242,48.03048],[39.78244,48.0304],[39.7825,48.03029],[39.78253,48.03021],[39.78258,48.03014],[39.78263,48.03011],[39.78264,48.03006],[39.78264,48.03],[39.78262,48.02997],[39.78263,48.02991],[39.78266,48.02991],[39.78269,48.02989],[39.78271,48.02985],[39.7827,48.02981],[39.78272,48.02978],[39.78275,48.02975],[39.78279,48.02972],[39.7828,48.02968],[39.78283,48.02963],[39.78286,48.02959],[39.78294,48.02956],[39.78299,48.02955],[39.78302,48.02955],[39.78307,48.02957],[39.78315,48.02953],[39.78326,48.02947],[39.7834,48.02935],[39.78351,48.02929],[39.78352,48.02927],[39.78354,48.02926],[39.7836,48.02923],[39.78365,48.02923],[39.78369,48.02925],[39.78374,48.02923],[39.78377,48.02917],[39.7838,48.02911],[39.78389,48.02904],[39.78395,48.02902],[39.784,48.02902],[39.78402,48.02899],[39.78399,48.02895],[39.78399,48.02891],[39.78403,48.02879],[39.78421,48.0284],[39.78427,48.0283],[39.78431,48.02829],[39.78435,48.02826],[39.78438,48.02824],[39.7844,48.02823],[39.78442,48.0282],[39.78442,48.02816],[39.7844,48.02815],[39.78435,48.02811],[39.78434,48.02809],[39.78433,48.02806],[39.78433,48.02802],[39.78431,48.02791],[39.78426,48.02787],[39.78424,48.02784],[39.78424,48.02782],[39.78421,48.0278],[39.78419,48.0278],[39.78419,48.02777],[39.78417,48.02773],[39.78415,48.02773],[39.78412,48.02772],[39.78409,48.02771],[39.78408,48.0277],[39.78408,48.02768],[39.78404,48.02764],[39.78403,48.02761],[39.78402,48.02758],[39.78402,48.02756],[39.78405,48.02753],[39.78408,48.0275],[39.78409,48.02747],[39.78409,48.02744],[39.78408,48.02742],[39.78402,48.02741],[39.78398,48.0274],[39.78391,48.02738],[39.78385,48.02735],[39.78383,48.02732],[39.78381,48.0273],[39.7838,48.02727],[39.78376,48.02721],[39.78376,48.02716],[39.78372,48.02711],[39.78364,48.02703],[39.78362,48.02699],[39.78366,48.02695],[39.78371,48.0269],[39.78368,48.02682],[39.78368,48.02677],[39.78369,48.02674],[39.78372,48.02673],[39.78375,48.02667],[39.78379,48.02667],[39.78381,48.02665],[39.78381,48.02663],[39.78378,48.02661],[39.78377,48.02659],[39.78377,48.02654],[39.78374,48.0265],[39.78372,48.02647],[39.78366,48.02637],[39.78359,48.02634],[39.78354,48.02632],[39.78352,48.02627],[39.78341,48.02624],[39.78335,48.02621],[39.78331,48.02618],[39.78328,48.02614],[39.78328,48.0261],[39.78329,48.02608],[39.7833,48.02606],[39.78329,48.02604],[39.78326,48.02601],[39.78325,48.02598],[39.78325,48.02594],[39.78323,48.0259],[39.78325,48.02587],[39.78329,48.02581],[39.78333,48.02577],[39.78336,48.02576],[39.78339,48.02576],[39.78344,48.02576],[39.7835,48.02576],[39.78356,48.02578],[39.78362,48.02579],[39.78365,48.02576],[39.78367,48.02576],[39.78369,48.02577],[39.78371,48.02578],[39.78374,48.02578],[39.78375,48.02578],[39.78377,48.02576],[39.78389,48.02573],[39.78395,48.0257],[39.78401,48.0257],[39.78408,48.02568],[39.78414,48.02567],[39.78421,48.02568],[39.78425,48.02568],[39.78441,48.02565],[39.78456,48.02564],[39.78472,48.02563],[39.78481,48.02564],[39.78489,48.02563],[39.78493,48.0256],[39.78499,48.02559],[39.78505,48.02557],[39.7851,48.02552],[39.78514,48.02547],[39.7852,48.02544],[39.78525,48.02541],[39.78531,48.02539],[39.78539,48.02537],[39.78547,48.02531],[39.78551,48.02525],[39.78555,48.02521],[39.78554,48.02518],[39.78558,48.02512],[39.78558,48.02507],[39.78555,48.02502],[39.78551,48.02494],[39.78557,48.02491],[39.78561,48.02488],[39.78565,48.0248],[39.78568,48.02478],[39.78569,48.02474],[39.78567,48.02472],[39.78563,48.02469],[39.78558,48.02454],[39.78553,48.02449],[39.78553,48.02444],[39.78549,48.0244],[39.78549,48.02429],[39.7855,48.02424],[39.78547,48.02421],[39.78542,48.02417],[39.78537,48.02409],[39.78531,48.02405],[39.78529,48.024],[39.78527,48.02396],[39.78524,48.0239],[39.7852,48.02389],[39.78515,48.02389],[39.78512,48.02381],[39.78516,48.02377],[39.78517,48.02373],[39.78521,48.02364],[39.78527,48.02358],[39.78524,48.02349],[39.78506,48.0232],[39.78501,48.02312],[39.78509,48.02304],[39.78514,48.02295],[39.78516,48.02288],[39.78513,48.02278],[39.78517,48.02274],[39.78528,48.02262],[39.78529,48.02256],[39.78528,48.0225],[39.78534,48.0224],[39.78546,48.02227],[39.7855,48.02223],[39.78552,48.02221],[39.78551,48.02219],[39.78551,48.02218],[39.78549,48.02219],[39.78544,48.02223],[39.78542,48.02223],[39.78542,48.0222],[39.78542,48.02217],[39.78544,48.02215],[39.78546,48.02211],[39.78548,48.02207],[39.78549,48.02206],[39.78549,48.02205],[39.78545,48.02201],[39.78543,48.02196],[39.78546,48.0219],[39.78554,48.02188],[39.78566,48.02187],[39.78568,48.02182],[39.78573,48.02177],[39.78578,48.02175],[39.78587,48.02169],[39.78594,48.02167],[39.78599,48.02161],[39.78607,48.02156],[39.7861,48.02152],[39.78611,48.02149],[39.78609,48.02144],[39.78607,48.02142],[39.78623,48.02128],[39.78632,48.02126],[39.78641,48.02121],[39.78654,48.02111],[39.78675,48.02096],[39.78683,48.02088],[39.78685,48.02083],[39.78685,48.02079],[39.78685,48.02076],[39.78688,48.02074],[39.78691,48.02072],[39.78694,48.02073],[39.787,48.02071],[39.78705,48.02068],[39.78711,48.02065],[39.78713,48.02062],[39.78711,48.02056],[39.7871,48.02052],[39.7871,48.02049],[39.78708,48.02047],[39.78705,48.02046],[39.78702,48.02043],[39.787,48.02039],[39.78698,48.02034],[39.78697,48.02026],[39.78698,48.02021],[39.78696,48.02017],[39.78697,48.02014],[39.78698,48.02012],[39.78696,48.02009],[39.78692,48.02007],[39.7869,48.02005],[39.78691,48.02003],[39.78694,48.02],[39.78698,48.01997],[39.78701,48.01995],[39.78702,48.0199],[39.78699,48.01988],[39.78696,48.01987],[39.78691,48.01984],[39.78689,48.01983],[39.78685,48.01982],[39.78683,48.0198],[39.78681,48.01978],[39.78679,48.01977],[39.78681,48.01972],[39.78683,48.01969],[39.78683,48.01965],[39.78684,48.01963],[39.78687,48.0196],[39.78689,48.01957],[39.78688,48.01955],[39.78686,48.01953],[39.78678,48.01951],[39.78674,48.01948],[39.7867,48.01946],[39.78667,48.01945],[39.78664,48.01943],[39.78663,48.01941],[39.7866,48.01938],[39.78654,48.01937],[39.78648,48.01936],[39.78646,48.01936],[39.78642,48.01933],[39.78641,48.01931],[39.7864,48.01929],[39.78638,48.01928],[39.78641,48.01921],[39.78643,48.01915],[39.78644,48.0191],[39.78644,48.01906],[39.78644,48.01904],[39.78645,48.01902],[39.78647,48.019],[39.78652,48.019],[39.78655,48.019],[39.78657,48.019],[39.78658,48.01899],[39.78658,48.01897],[39.78657,48.01895],[39.78658,48.01893],[39.78661,48.01893],[39.78666,48.01889],[39.78669,48.01887],[39.78672,48.01884],[39.78677,48.01882],[39.78682,48.01881],[39.78684,48.0188],[39.7869,48.0188],[39.78694,48.01881],[39.78697,48.01882],[39.78701,48.01881],[39.78706,48.01879],[39.78708,48.01878],[39.78714,48.01877],[39.7872,48.01876],[39.78725,48.01875],[39.78731,48.01875],[39.78738,48.01872],[39.78739,48.0187],[39.78741,48.01868],[39.78743,48.01867],[39.78752,48.01863],[39.78757,48.01861],[39.7876,48.0186],[39.78762,48.0186],[39.78765,48.01862],[39.78768,48.01863],[39.78771,48.01863],[39.78773,48.01863],[39.78775,48.01862],[39.78777,48.0186],[39.78777,48.01857],[39.78776,48.01855],[39.78774,48.01852],[39.78773,48.01849],[39.78774,48.01844],[39.78774,48.01841],[39.78773,48.01839],[39.78775,48.01837],[39.78777,48.01836],[39.7878,48.01836],[39.78784,48.01836],[39.78787,48.01834],[39.78788,48.01832],[39.7879,48.0183],[39.78792,48.0183],[39.78793,48.01828],[39.78794,48.01826],[39.78795,48.01825],[39.78795,48.01824],[39.78796,48.01822],[39.78798,48.01823],[39.78801,48.01824],[39.78803,48.01823],[39.78803,48.01822],[39.78802,48.0182],[39.78801,48.01816],[39.78801,48.01814],[39.78801,48.01811],[39.78801,48.01808],[39.78803,48.01804],[39.78805,48.01801],[39.78806,48.01798],[39.78807,48.01795],[39.78806,48.01792],[39.78803,48.01786],[39.78798,48.01776],[39.78788,48.01764],[39.78782,48.01756],[39.7878,48.01754],[39.78777,48.01751],[39.78776,48.01748],[39.78778,48.01745],[39.78782,48.01739],[39.78787,48.01733],[39.7879,48.01729],[39.78793,48.01724],[39.78795,48.01718],[39.78797,48.01715],[39.788,48.01712],[39.78805,48.01711],[39.78808,48.0171],[39.78809,48.01707],[39.78812,48.01702],[39.78816,48.01693],[39.78819,48.01688],[39.78825,48.01677],[39.78831,48.01671],[39.78836,48.01668],[39.7884,48.01665],[39.78841,48.01663],[39.78841,48.0166],[39.7884,48.01658],[39.78843,48.01656],[39.78847,48.01654],[39.7885,48.01651],[39.78851,48.0165],[39.78851,48.01648],[39.78849,48.01647],[39.78848,48.01645],[39.7885,48.0164],[39.7885,48.01637],[39.78849,48.01633],[39.78848,48.01629],[39.78846,48.01627],[39.78845,48.01625],[39.78846,48.01622],[39.78848,48.01618],[39.7885,48.01616],[39.78851,48.01614],[39.78851,48.01609],[39.78851,48.016],[39.78851,48.01594],[39.78852,48.0159],[39.78854,48.01584],[39.78857,48.0158],[39.78862,48.01576],[39.78864,48.01574],[39.78867,48.01574],[39.7887,48.01574],[39.78872,48.01573],[39.78874,48.01569],[39.78877,48.01565],[39.78882,48.01561],[39.78887,48.01559],[39.78896,48.01556],[39.78902,48.01555],[39.78908,48.01554],[39.78916,48.01554],[39.7892,48.01552],[39.78924,48.0155],[39.78929,48.01549],[39.78933,48.01545],[39.78939,48.01538],[39.78942,48.01535],[39.78948,48.01532],[39.78953,48.01531],[39.78958,48.01531],[39.78963,48.01532],[39.78969,48.01532],[39.78974,48.01529],[39.78977,48.01527],[39.78982,48.01526],[39.78987,48.01524],[39.78992,48.01521],[39.78996,48.01517],[39.78999,48.01513],[39.78999,48.01509],[39.79006,48.01503],[39.79018,48.01495],[39.79023,48.0149],[39.79027,48.01486],[39.7903,48.01478],[39.79031,48.01474],[39.7903,48.01468],[39.79028,48.01464],[39.79026,48.01461],[39.79024,48.01459],[39.7902,48.01457],[39.79019,48.01456],[39.79017,48.01455],[39.79017,48.01452],[39.7902,48.01449],[39.79023,48.01442],[39.79025,48.01436],[39.79024,48.01431],[39.79023,48.01427],[39.79021,48.01422],[39.79023,48.01419],[39.79023,48.01416],[39.79023,48.01413],[39.79021,48.0141],[39.79019,48.01407],[39.79017,48.01403],[39.7902,48.01397],[39.79023,48.0139],[39.79022,48.01387],[39.79022,48.01384],[39.79023,48.01383],[39.79026,48.01381],[39.79029,48.0138],[39.7903,48.01378],[39.79032,48.01375],[39.79036,48.01369],[39.79038,48.01368],[39.79043,48.01368],[39.79044,48.0137],[39.79046,48.01372],[39.79047,48.01374],[39.79048,48.01377],[39.79052,48.01379],[39.79057,48.01379],[39.79057,48.01379],[39.79062,48.01378],[39.79063,48.01378],[39.79069,48.0138],[39.79073,48.01381],[39.79077,48.0138],[39.79081,48.01379],[39.79087,48.01377],[39.7909,48.01374],[39.7909,48.01371],[39.79094,48.01369],[39.791,48.01368],[39.79105,48.01367],[39.79113,48.01361],[39.79121,48.01354],[39.79125,48.01351],[39.79127,48.01348],[39.79125,48.01346],[39.79127,48.01344],[39.79132,48.01338],[39.79136,48.01336],[39.79146,48.01332],[39.79153,48.01327],[39.79157,48.01321],[39.7916,48.01314],[39.79163,48.01306],[39.79164,48.01301],[39.79169,48.01297],[39.79178,48.01296],[39.79188,48.01293],[39.79195,48.01283],[39.79199,48.01279],[39.79202,48.01276],[39.79204,48.01274],[39.79209,48.01274],[39.79212,48.01272],[39.79212,48.0127],[39.79208,48.01268],[39.79206,48.01266],[39.79208,48.01265],[39.79211,48.01265],[39.79212,48.01265],[39.79214,48.01263],[39.79215,48.01264],[39.79215,48.01262],[39.79217,48.0126],[39.7922,48.01259],[39.79222,48.01258],[39.79223,48.01255],[39.79223,48.01253],[39.79224,48.01251],[39.79231,48.01245],[39.79235,48.01241],[39.79243,48.01237],[39.79249,48.01233],[39.79255,48.01231],[39.79259,48.01228],[39.79263,48.01224],[39.79272,48.01219],[39.79278,48.01218],[39.79282,48.01215],[39.79285,48.01212],[39.79289,48.01209],[39.7929,48.01206],[39.79294,48.01203],[39.79298,48.01199],[39.79306,48.01196],[39.79311,48.01192],[39.7932,48.01186],[39.79323,48.01184],[39.79329,48.01181],[39.79332,48.01177],[39.79334,48.01173],[39.79334,48.0117],[39.79333,48.01167],[39.79332,48.01164],[39.79331,48.0116],[39.79332,48.01154],[39.79336,48.0115],[39.79339,48.01145],[39.79338,48.0114],[39.79334,48.01141],[39.79328,48.01144],[39.7932,48.01144],[39.79311,48.01143],[39.79302,48.01141],[39.793,48.01133],[39.793,48.01128],[39.79303,48.01124],[39.79309,48.01121],[39.79317,48.01116],[39.7932,48.01106],[39.79319,48.01101],[39.79319,48.01091],[39.79324,48.01085],[39.79334,48.01083],[39.79347,48.01081],[39.79353,48.01077],[39.79356,48.01075],[39.79366,48.01073],[39.79386,48.01069],[39.79393,48.01066],[39.79398,48.0106],[39.79403,48.01055],[39.7941,48.01055],[39.79417,48.01055],[39.79425,48.01053],[39.79433,48.01049],[39.79443,48.01042],[39.7945,48.01037],[39.79456,48.01029],[39.79464,48.01028],[39.79475,48.01026],[39.79482,48.01024],[39.79496,48.01023],[39.79508,48.01018],[39.79537,48.01002],[39.79541,48.01],[39.79547,48.00997],[39.79555,48.00992],[39.79563,48.0099],[39.79566,48.00991],[39.79571,48.00992],[39.79575,48.00992],[39.79581,48.00991],[39.79586,48.00991],[39.79594,48.00992],[39.796,48.00992],[39.79606,48.00988],[39.79614,48.00982],[39.79619,48.00982],[39.79628,48.0098],[39.79637,48.0098],[39.79645,48.0098],[39.79657,48.00974],[39.79667,48.00971],[39.79673,48.00964],[39.79679,48.0096],[39.79681,48.00958],[39.79681,48.00955],[39.79685,48.00951],[39.79691,48.00946],[39.79694,48.00942],[39.79696,48.00936],[39.79695,48.00933],[39.79694,48.00928],[39.797,48.00921],[39.79708,48.00917],[39.79717,48.00911],[39.79722,48.00904],[39.79727,48.00901],[39.79731,48.00897],[39.79731,48.00895],[39.7973,48.00891],[39.79729,48.00889],[39.7973,48.00887],[39.79733,48.00886],[39.79737,48.00884],[39.7974,48.00884],[39.79744,48.00879],[39.79748,48.00875],[39.79754,48.00871],[39.79756,48.0087],[39.79756,48.00868],[39.79758,48.00865],[39.79762,48.00863],[39.79769,48.00861],[39.79776,48.00862],[39.79789,48.00863],[39.79796,48.00866],[39.79808,48.00869],[39.79822,48.00876],[39.79834,48.00879],[39.79845,48.0088],[39.79857,48.00881],[39.79872,48.00881],[39.79885,48.00879],[39.79899,48.00877],[39.79902,48.00876],[39.79902,48.00874],[39.79902,48.00873],[39.79904,48.00872],[39.79923,48.00863],[39.79929,48.00862],[39.79942,48.00859],[39.79948,48.00856],[39.79952,48.00852],[39.79953,48.00847],[39.79956,48.00841],[39.7996,48.00839],[39.79963,48.00837],[39.79963,48.00833],[39.7996,48.0083],[39.79964,48.00828],[39.7997,48.00825],[39.79976,48.00821],[39.79978,48.00816],[39.79979,48.00811],[39.7998,48.00807],[39.79983,48.00801],[39.79985,48.00798],[39.79992,48.00796],[39.79999,48.0079],[39.80006,48.00781],[39.80004,48.00778],[39.80001,48.00775],[39.79996,48.00772],[39.79997,48.00766],[39.79999,48.00758],[39.80006,48.00754],[39.80012,48.00751],[39.80017,48.00748],[39.80021,48.00742],[39.80026,48.00737],[39.80023,48.00725],[39.80024,48.0072],[39.80028,48.00716],[39.80045,48.00705],[39.80056,48.00698],[39.80058,48.00695],[39.80062,48.00691],[39.80067,48.00688],[39.80075,48.00689],[39.80088,48.00691],[39.80096,48.00693],[39.801,48.00695],[39.80104,48.00698],[39.80105,48.00699],[39.80103,48.00702],[39.801,48.00705],[39.80097,48.00706],[39.80094,48.00708],[39.80096,48.0071],[39.80096,48.00711],[39.80098,48.00713],[39.80097,48.00718],[39.80097,48.0072],[39.80101,48.00721],[39.80106,48.00721],[39.80108,48.00722],[39.80111,48.00724],[39.80116,48.00724],[39.8012,48.00723],[39.80124,48.00722],[39.80131,48.0072],[39.80137,48.0072],[39.80145,48.00719],[39.80151,48.00718],[39.80156,48.00721],[39.80158,48.00724],[39.80156,48.00729],[39.80154,48.00731],[39.80152,48.00734],[39.80154,48.00736],[39.80157,48.00739],[39.80164,48.00741],[39.80168,48.00744],[39.80173,48.00747],[39.80181,48.00749],[39.80189,48.0075],[39.80199,48.00749],[39.80202,48.00749],[39.8021,48.00751],[39.80214,48.00751],[39.80217,48.00751],[39.80226,48.00759],[39.80232,48.00766],[39.80236,48.0077],[39.80238,48.00771],[39.80275,48.00776],[39.80286,48.00777],[39.80303,48.00773],[39.8031,48.0077],[39.80312,48.00767],[39.80313,48.00764],[39.80317,48.00756],[39.8032,48.0075],[39.80326,48.00746],[39.80332,48.00743],[39.80339,48.00742],[39.80345,48.00738],[39.80346,48.00734],[39.80344,48.0073],[39.80342,48.00728],[39.80348,48.00728],[39.8035,48.00728],[39.80352,48.00728],[39.80361,48.00728],[39.80363,48.00725],[39.80365,48.00718],[39.80367,48.00677],[39.80369,48.00673],[39.80375,48.00674],[39.8038,48.00674],[39.80384,48.00672],[39.8039,48.0066],[39.80393,48.00634],[39.8039,48.00629],[39.80387,48.00626],[39.80389,48.00615],[39.80386,48.00607],[39.80385,48.00603],[39.80383,48.00596],[39.80379,48.00594],[39.80377,48.00591],[39.80376,48.00587],[39.80375,48.00585],[39.80377,48.00582],[39.8038,48.00577],[39.80385,48.00574],[39.80391,48.00575],[39.80396,48.00575],[39.80403,48.00573],[39.8041,48.00571],[39.80433,48.00568],[39.80447,48.00565],[39.80471,48.00561],[39.80484,48.00558],[39.80508,48.00554],[39.8052,48.00548],[39.80531,48.00545],[39.80542,48.00543],[39.80557,48.00543],[39.80568,48.00546],[39.80587,48.00548],[39.80601,48.00548],[39.8061,48.00549],[39.80612,48.00552],[39.80612,48.00555],[39.80612,48.00558],[39.80615,48.00561],[39.80617,48.00563],[39.8062,48.00564],[39.80625,48.00563],[39.80628,48.00562],[39.80631,48.00562],[39.80632,48.00563],[39.80634,48.00565],[39.80638,48.00565],[39.80643,48.00564],[39.80644,48.00562],[39.80644,48.00559],[39.80649,48.00557],[39.80657,48.00554],[39.80662,48.00549],[39.80664,48.00546],[39.80665,48.00543],[39.80669,48.00538],[39.8068,48.00526],[39.80686,48.00518],[39.80693,48.00512],[39.80698,48.00505],[39.80703,48.00497],[39.80713,48.00487],[39.80725,48.00479],[39.80729,48.0047],[39.80731,48.00466],[39.80731,48.00463],[39.80733,48.0046],[39.80739,48.00458],[39.80752,48.00458],[39.80757,48.0046],[39.80759,48.00462],[39.80762,48.00467],[39.80763,48.00469],[39.80771,48.0047],[39.80784,48.00471],[39.80798,48.00473],[39.80806,48.00474],[39.8081,48.00474],[39.80814,48.00476],[39.80818,48.00477],[39.80822,48.00478],[39.80831,48.00475],[39.80839,48.00476],[39.80847,48.00475],[39.80853,48.00476],[39.80863,48.00475],[39.80874,48.00474],[39.80879,48.00475],[39.80884,48.00477],[39.80887,48.0048],[39.80887,48.00482],[39.80892,48.00486],[39.80902,48.00489],[39.80911,48.00489],[39.80918,48.00491],[39.80927,48.0049],[39.80933,48.0049],[39.8094,48.00493],[39.80948,48.00492],[39.80952,48.0049],[39.80955,48.00489],[39.80962,48.0049],[39.80965,48.00492],[39.8097,48.00493],[39.8098,48.00492],[39.80988,48.00489],[39.81,48.00484],[39.81009,48.00482],[39.8102,48.00478],[39.81027,48.00478],[39.8103,48.00479],[39.81031,48.0048],[39.81037,48.00481],[39.81045,48.00479],[39.81053,48.00478],[39.81061,48.00477],[39.81068,48.00476],[39.81072,48.00475],[39.81077,48.00473],[39.81079,48.00472],[39.81083,48.00472],[39.81085,48.0047],[39.81086,48.00467],[39.81084,48.00465],[39.81082,48.00464],[39.81083,48.00462],[39.81088,48.00461],[39.81089,48.00459],[39.81089,48.00457],[39.81088,48.00452],[39.81087,48.00449],[39.8109,48.00446],[39.8109,48.00444],[39.81088,48.00439],[39.81086,48.00437],[39.8108,48.00436],[39.81078,48.00433],[39.81074,48.0043],[39.81073,48.00428],[39.81069,48.00424],[39.81067,48.00421],[39.81063,48.00418],[39.81059,48.00414],[39.81057,48.00411],[39.81057,48.00409],[39.81057,48.00406],[39.81054,48.00404],[39.8105,48.00399],[39.81046,48.00387],[39.81043,48.00383],[39.8104,48.00381],[39.81038,48.00376],[39.81037,48.00369],[39.8103,48.0036],[39.81032,48.00356],[39.81034,48.00353],[39.81039,48.00348],[39.81038,48.00346],[39.81034,48.00343],[39.8103,48.00338],[39.81025,48.00337],[39.81021,48.00333],[39.81016,48.00329],[39.81011,48.00327],[39.81006,48.00326],[39.81002,48.00324],[39.81,48.00322],[39.80994,48.00324],[39.80993,48.00324],[39.80988,48.00324],[39.80985,48.00323],[39.80981,48.00319],[39.80979,48.00316],[39.80972,48.00307],[39.80969,48.00303],[39.80967,48.003],[39.80964,48.00298],[39.80961,48.00294],[39.80964,48.00291],[39.80964,48.00289],[39.80962,48.00287],[39.8096,48.00284],[39.80962,48.0028],[39.80965,48.00279],[39.80974,48.00276],[39.8098,48.00274],[39.80987,48.00274],[39.80999,48.00271],[39.81011,48.0027],[39.81024,48.00268],[39.81029,48.00269],[39.81037,48.0027],[39.81041,48.00269],[39.81045,48.00265],[39.8105,48.00265],[39.81068,48.00264],[39.81075,48.00264],[39.81084,48.00264],[39.81092,48.00263],[39.81099,48.00264],[39.811,48.00266],[39.81107,48.00267],[39.81116,48.00267],[39.81123,48.00265],[39.81127,48.00264],[39.81131,48.00266],[39.81136,48.00266],[39.81141,48.00266],[39.81149,48.00267],[39.81153,48.00266],[39.81156,48.00264],[39.81161,48.00263],[39.81165,48.00264],[39.81167,48.00265],[39.8117,48.00266],[39.81176,48.00266],[39.81177,48.00265],[39.8118,48.00263],[39.81183,48.00261],[39.8119,48.00258],[39.81199,48.00258],[39.81205,48.00257],[39.81212,48.00255],[39.81219,48.00258],[39.81222,48.00259],[39.81228,48.0026],[39.81234,48.00261],[39.81238,48.00261],[39.81242,48.00259],[39.8125,48.00259],[39.81261,48.00261],[39.81274,48.00264],[39.81281,48.00267],[39.81284,48.00269],[39.81286,48.00273],[39.81288,48.00274],[39.81294,48.00276],[39.81302,48.00275],[39.81308,48.00273],[39.81314,48.00271],[39.81317,48.00266],[39.81321,48.00264],[39.81328,48.00263],[39.81337,48.00262],[39.81342,48.0026],[39.81346,48.00256],[39.8135,48.00251],[39.81356,48.00249],[39.81358,48.00247],[39.81359,48.00244],[39.81364,48.00241],[39.81366,48.00241],[39.81371,48.00242],[39.81376,48.00241],[39.81379,48.00242],[39.81379,48.00244],[39.81382,48.00245],[39.81385,48.00247],[39.81388,48.00249],[39.81388,48.00252],[39.81385,48.00256],[39.81386,48.00259],[39.8139,48.0026],[39.81395,48.0026],[39.81401,48.0026],[39.81404,48.00256],[39.81406,48.00253],[39.81409,48.00249],[39.81411,48.00248],[39.81415,48.00245],[39.81415,48.0024],[39.81417,48.00235],[39.81418,48.00228],[39.81418,48.00224],[39.81417,48.00219],[39.81418,48.00216],[39.81421,48.00213],[39.81421,48.00209],[39.81422,48.00207],[39.8142,48.00201],[39.8142,48.00198],[39.81419,48.00192],[39.8142,48.00189],[39.81422,48.00185],[39.81427,48.00177],[39.81432,48.00171],[39.81436,48.00166],[39.81441,48.00164],[39.81449,48.00161],[39.81468,48.00157],[39.81484,48.00156],[39.81498,48.00157],[39.81514,48.00158],[39.81528,48.00157],[39.81538,48.00156],[39.81545,48.00156],[39.8155,48.00154],[39.81552,48.0015],[39.81561,48.00149],[39.81567,48.00149],[39.81571,48.00151],[39.81577,48.00153],[39.81584,48.00153],[39.81589,48.00151],[39.81596,48.00146],[39.81599,48.00144],[39.81598,48.00139],[39.81601,48.00134],[39.81609,48.00132],[39.81612,48.0013],[39.81615,48.00127],[39.81617,48.0012],[39.81618,48.00111],[39.81621,48.00109],[39.81625,48.00107],[39.8163,48.00103],[39.81629,48.00099],[39.81623,48.00097],[39.81621,48.00096],[39.81623,48.00091],[39.81634,48.00087],[39.81641,48.00083],[39.81644,48.00081],[39.81647,48.00072],[39.81649,48.00057],[39.81648,48.00046],[39.81646,48.00037],[39.81646,48.00033],[39.81645,48.00028],[39.8164,48.00022],[39.81638,48.0002],[39.81629,48.00016],[39.81626,48.00016],[39.81621,48.00018],[39.8162,48.00021],[39.81624,48.00027],[39.81626,48.00031],[39.81624,48.0004],[39.81617,48.0004],[39.81614,48.00042],[39.81606,48.0004],[39.81596,48.00034],[39.8159,48.00027],[39.81587,48.0002],[39.81583,48.00012],[39.8158,48.00006],[39.81566,48],[39.81561,48],[39.81554,47.99999],[39.81538,47.99991],[39.81521,47.99982],[39.81512,47.99974],[39.81508,47.99971],[39.815,47.99959],[39.8149,47.9995],[39.81473,47.99933],[39.81465,47.99926],[39.81455,47.99912],[39.81454,47.99907],[39.81454,47.999],[39.81447,47.99892],[39.81435,47.99889],[39.81425,47.99889],[39.81416,47.99882],[39.81406,47.99877],[39.81387,47.99865],[39.81372,47.99867],[39.81363,47.99868],[39.81332,47.99866],[39.81324,47.99858],[39.81318,47.99852],[39.81313,47.99849],[39.81308,47.99844],[39.81312,47.99838],[39.81318,47.99835],[39.81328,47.99826],[39.81332,47.99823],[39.81332,47.99811],[39.81331,47.99799],[39.81327,47.99795],[39.8132,47.99785],[39.8131,47.9978],[39.81294,47.99776],[39.81279,47.9977],[39.81275,47.99765],[39.81279,47.99763],[39.81282,47.99762],[39.81296,47.9976],[39.81305,47.99756],[39.8131,47.99753],[39.81314,47.9975],[39.81315,47.99748],[39.8132,47.99744],[39.81325,47.99737],[39.81319,47.99733],[39.81312,47.99734],[39.81303,47.99737],[39.81292,47.9974],[39.81284,47.99737],[39.81278,47.99734],[39.81277,47.99733],[39.81283,47.9973],[39.81286,47.99727],[39.81286,47.99726],[39.81282,47.99722],[39.81274,47.99719],[39.81271,47.99717],[39.81273,47.99715],[39.8128,47.99714],[39.8129,47.99713],[39.81298,47.99706],[39.81299,47.99702],[39.81298,47.99699],[39.81302,47.99694],[39.81306,47.99692],[39.81314,47.9969],[39.81319,47.99689],[39.8133,47.99689],[39.81342,47.9969],[39.81351,47.99691],[39.81361,47.99691],[39.81366,47.99689],[39.81375,47.99683],[39.81375,47.99679],[39.81379,47.99677],[39.81384,47.99676],[39.81394,47.99675],[39.81401,47.99673],[39.8141,47.99671],[39.81415,47.99667],[39.81416,47.99665],[39.81423,47.99665],[39.81426,47.99662],[39.81427,47.9966],[39.81426,47.99658],[39.81421,47.99656],[39.81413,47.99654],[39.81408,47.99653],[39.81392,47.9965],[39.81388,47.99649],[39.81385,47.99647],[39.81392,47.99643],[39.81402,47.99641],[39.81406,47.99639],[39.8141,47.99638],[39.81421,47.99634],[39.81428,47.99633],[39.81439,47.99635],[39.81446,47.99637],[39.8145,47.99638],[39.81453,47.9964],[39.81453,47.99642],[39.81451,47.99644],[39.81449,47.99647],[39.8145,47.9965],[39.81452,47.99653],[39.81458,47.99653],[39.8147,47.99653],[39.81487,47.99652],[39.81496,47.99651],[39.81516,47.99652],[39.81526,47.99652],[39.81541,47.99647],[39.8155,47.9964],[39.81556,47.99635],[39.81561,47.99631],[39.81562,47.99628],[39.81563,47.99626],[39.81569,47.99622],[39.81574,47.9962],[39.8158,47.99617],[39.81581,47.99614],[39.8158,47.99611],[39.81578,47.99609],[39.81573,47.99607],[39.81569,47.99607],[39.81564,47.99607],[39.8156,47.99607],[39.81557,47.99606],[39.81557,47.99605],[39.81563,47.99599],[39.81568,47.99596],[39.81571,47.99594],[39.81576,47.99593],[39.8158,47.99592],[39.81583,47.99591],[39.81584,47.99591],[39.81585,47.99589],[39.81584,47.99589],[39.8158,47.99588],[39.81574,47.99587],[39.81572,47.99588],[39.81571,47.99588],[39.8157,47.99583],[39.81572,47.9958],[39.81573,47.99579],[39.81574,47.99577],[39.81578,47.99576],[39.81582,47.99572],[39.8158,47.99568],[39.81578,47.99566],[39.81576,47.99562],[39.8158,47.99556],[39.81582,47.99554],[39.8159,47.99547],[39.81599,47.99544],[39.81602,47.99541],[39.81607,47.99538],[39.81619,47.99532],[39.81625,47.99532],[39.81631,47.99532],[39.81634,47.99532],[39.81637,47.99531],[39.8164,47.9953],[39.81642,47.99529],[39.81645,47.99529],[39.8165,47.9953],[39.81653,47.99533],[39.81656,47.99535],[39.81657,47.99535],[39.81662,47.99534],[39.81667,47.99535],[39.81671,47.99538],[39.81675,47.9954],[39.81679,47.99542],[39.81686,47.99543],[39.81696,47.99543],[39.81705,47.99544],[39.81712,47.99545],[39.8172,47.99546],[39.81727,47.99547],[39.81733,47.99546],[39.81737,47.99544],[39.81742,47.99541],[39.81745,47.99537],[39.81747,47.99533],[39.81753,47.99529],[39.81758,47.99524],[39.81763,47.99516],[39.81767,47.99509],[39.8177,47.99502],[39.81776,47.99495],[39.81785,47.99486],[39.81792,47.99481],[39.81797,47.99474],[39.81791,47.9946],[39.81787,47.99451],[39.81786,47.99449],[39.81784,47.99445],[39.81783,47.99442],[39.81781,47.99441],[39.81779,47.99438],[39.81781,47.99435],[39.81783,47.99432],[39.8178,47.99429],[39.81777,47.99428],[39.81774,47.99426],[39.81775,47.99423],[39.81777,47.99419],[39.81779,47.99417],[39.81781,47.99415],[39.81782,47.99413],[39.81778,47.99411],[39.81773,47.9941],[39.81771,47.99406],[39.81771,47.99405],[39.81772,47.99403],[39.81773,47.99402],[39.81775,47.99402],[39.81777,47.99404],[39.81779,47.99407],[39.81781,47.99407],[39.81782,47.99407],[39.81783,47.99407],[39.81782,47.99404],[39.81782,47.99402],[39.81782,47.994],[39.81781,47.99397],[39.81779,47.99393],[39.81777,47.99389],[39.8177,47.99385],[39.81765,47.99383],[39.81761,47.9938],[39.81756,47.99376],[39.81752,47.99373],[39.81743,47.99368],[39.81735,47.99363],[39.81717,47.99354],[39.81707,47.99351],[39.81698,47.99349],[39.81692,47.99347],[39.81687,47.99344],[39.81683,47.99343],[39.81675,47.99343],[39.81666,47.99343],[39.81661,47.99343],[39.8165,47.99341],[39.81646,47.99339],[39.8164,47.99337],[39.81637,47.99337],[39.8163,47.99337],[39.81628,47.99336],[39.81622,47.99333],[39.81618,47.99331],[39.81615,47.99327],[39.81605,47.99323],[39.816,47.99321],[39.81597,47.9932],[39.81592,47.99317],[39.81591,47.99314],[39.81595,47.99312],[39.816,47.99309],[39.81604,47.99309],[39.81608,47.99305],[39.81611,47.99297],[39.81614,47.99289],[39.81618,47.99288],[39.81618,47.99282],[39.81619,47.9928],[39.81618,47.99276],[39.81618,47.99271],[39.81618,47.99265],[39.81616,47.99258],[39.81615,47.99253],[39.81615,47.99249],[39.8162,47.99242],[39.81626,47.99238],[39.81627,47.99235],[39.81629,47.99227],[39.81635,47.99219],[39.81638,47.99213],[39.81642,47.99208],[39.81646,47.99202],[39.81651,47.99188],[39.81656,47.99176],[39.81658,47.99172],[39.81666,47.99169],[39.81667,47.99166],[39.81666,47.99163],[39.81661,47.9916],[39.81659,47.99157],[39.81659,47.99153],[39.81664,47.99149],[39.81668,47.99144],[39.81667,47.9914],[39.81664,47.99137],[39.81661,47.99136],[39.81655,47.99131],[39.81654,47.99127],[39.81659,47.99122],[39.81665,47.99119],[39.81667,47.99117],[39.81666,47.99113],[39.81664,47.9911],[39.81658,47.99108],[39.81648,47.99104],[39.81649,47.991],[39.81651,47.99097],[39.81657,47.9909],[39.81659,47.99086],[39.81654,47.99085],[39.81646,47.99082],[39.81647,47.9908],[39.81654,47.99079],[39.81662,47.99079],[39.81667,47.99076],[39.81667,47.99075],[39.81663,47.99071],[39.81664,47.99069],[39.81666,47.99067],[39.81668,47.99066],[39.81673,47.99066],[39.81681,47.99066],[39.81691,47.99064],[39.81696,47.99063],[39.81717,47.99063],[39.81728,47.99064],[39.81734,47.99065],[39.81745,47.99067],[39.81756,47.99067],[39.81766,47.99065],[39.81786,47.99065],[39.81803,47.99066],[39.81813,47.99066],[39.8182,47.99064],[39.8183,47.99058],[39.81838,47.99053],[39.81847,47.99054],[39.81864,47.99048],[39.81868,47.99042],[39.81871,47.99033],[39.81868,47.99013],[39.81867,47.99005],[39.81861,47.98994],[39.81852,47.98982],[39.81851,47.9897],[39.8185,47.98968],[39.81844,47.98966],[39.81833,47.98963],[39.81824,47.98958],[39.81808,47.98955],[39.81797,47.98941],[39.81788,47.98935],[39.81778,47.98931],[39.81765,47.98933],[39.81757,47.98935],[39.81743,47.98934],[39.81727,47.98934],[39.81709,47.98935],[39.81695,47.98938],[39.81678,47.98939],[39.81666,47.98944],[39.81659,47.98949],[39.81645,47.98956],[39.81636,47.98957],[39.81622,47.98954],[39.81614,47.98947],[39.816,47.98936],[39.81584,47.98928],[39.81572,47.9892],[39.81563,47.98916],[39.81555,47.98914],[39.81551,47.98913],[39.81532,47.98912],[39.81527,47.98911],[39.81515,47.98888],[39.81508,47.98875],[39.81506,47.98862],[39.81506,47.98861],[39.81508,47.98858],[39.81509,47.98856],[39.81511,47.98854],[39.81524,47.98855],[39.81528,47.98854],[39.81531,47.98852],[39.81532,47.98849],[39.81534,47.98844],[39.81535,47.98822],[39.8154,47.98821],[39.81546,47.98816],[39.81546,47.98811],[39.81546,47.98809],[39.81547,47.98805],[39.81548,47.98804],[39.8155,47.98799],[39.8155,47.98795],[39.81551,47.98792],[39.81556,47.98786],[39.81555,47.98782],[39.81553,47.98778],[39.81549,47.98773],[39.81545,47.9877],[39.81537,47.98765],[39.81533,47.98763],[39.81527,47.98761],[39.81526,47.98753],[39.81527,47.98744],[39.81529,47.98741],[39.81529,47.98738],[39.81529,47.98735],[39.8153,47.98731],[39.81531,47.98729],[39.81535,47.98724],[39.81535,47.9872],[39.81532,47.98714],[39.8153,47.9871],[39.81525,47.98703],[39.81519,47.98698],[39.81518,47.98692],[39.81521,47.98685],[39.81523,47.98679],[39.81523,47.98673],[39.81523,47.98667],[39.81523,47.9866],[39.81528,47.98654],[39.81529,47.98651],[39.81523,47.98645],[39.81519,47.9864],[39.81517,47.98633],[39.81515,47.98629],[39.81505,47.98617],[39.81506,47.98614],[39.81506,47.98608],[39.81501,47.98594],[39.81505,47.98589],[39.81505,47.98584],[39.81502,47.98579],[39.81507,47.98571],[39.81515,47.98564],[39.81517,47.98558],[39.81523,47.98552],[39.81527,47.98548],[39.81537,47.98542],[39.81548,47.98542],[39.81563,47.98542],[39.81578,47.98544],[39.8159,47.98544],[39.81598,47.98543],[39.81604,47.98542],[39.81612,47.9854],[39.81626,47.98537],[39.81631,47.98534],[39.81634,47.98531],[39.81636,47.98525],[39.81633,47.98516],[39.81624,47.98504],[39.81623,47.9849],[39.81622,47.98484],[39.81619,47.98478],[39.81613,47.98472],[39.81611,47.98462],[39.81611,47.98451],[39.81613,47.98441],[39.81615,47.98432],[39.81615,47.98426],[39.81611,47.98422],[39.81601,47.9842],[39.81596,47.98417],[39.81592,47.9841],[39.81593,47.98403],[39.81593,47.98399],[39.81598,47.98391],[39.81603,47.98387],[39.81611,47.98379],[39.81613,47.98374],[39.81616,47.98365],[39.81624,47.98356],[39.81627,47.98354],[39.81632,47.98356],[39.81636,47.9836],[39.81642,47.98363],[39.81647,47.98367],[39.81651,47.98368],[39.81662,47.98368],[39.81668,47.98366],[39.81674,47.98365],[39.81679,47.98364],[39.81688,47.98366],[39.81696,47.98369],[39.81703,47.9837],[39.81718,47.98369],[39.81729,47.98374],[39.81733,47.98381],[39.81744,47.9839],[39.81753,47.98399],[39.81766,47.98408],[39.81784,47.9842],[39.818,47.98422],[39.81814,47.9842],[39.8183,47.98418],[39.81847,47.98413],[39.8187,47.98404],[39.81894,47.98395],[39.81908,47.98394],[39.81911,47.98393],[39.81915,47.98389],[39.81925,47.98385],[39.81932,47.9838],[39.81934,47.98379],[39.81937,47.98377],[39.8194,47.98375],[39.8194,47.98373],[39.8194,47.98371],[39.81941,47.98369],[39.81942,47.98365],[39.81943,47.98363],[39.81946,47.98359],[39.81949,47.98355],[39.81955,47.98351],[39.81962,47.98347],[39.81976,47.98345],[39.81991,47.98342],[39.82006,47.9834],[39.82013,47.98344],[39.82023,47.98346],[39.82032,47.98347],[39.82038,47.98347],[39.82046,47.98342],[39.82046,47.98338],[39.82047,47.98335],[39.8205,47.98333],[39.82054,47.9833],[39.82063,47.98328],[39.8207,47.98325],[39.82075,47.98324],[39.82084,47.98325],[39.82089,47.98326],[39.82093,47.98325],[39.82096,47.98324],[39.82097,47.98324],[39.82098,47.98324],[39.82098,47.98326],[39.82099,47.98326],[39.82101,47.98326],[39.82104,47.98326],[39.82107,47.98327],[39.82112,47.98328],[39.82117,47.98329],[39.82122,47.98327],[39.82133,47.98327],[39.82137,47.98326],[39.82138,47.98325],[39.8214,47.98323],[39.82145,47.98321],[39.82148,47.9832],[39.82152,47.9832],[39.82158,47.98319],[39.82162,47.98318],[39.82168,47.98317],[39.82173,47.98315],[39.82173,47.98315],[39.82171,47.98312],[39.82172,47.98311],[39.82178,47.98309],[39.82187,47.98309],[39.82193,47.9831],[39.82197,47.98312],[39.82202,47.98315],[39.82209,47.98318],[39.82213,47.9832],[39.82218,47.98322],[39.82223,47.98323],[39.82232,47.98321],[39.82237,47.98319],[39.82244,47.98316],[39.82249,47.98314],[39.82255,47.98312],[39.82259,47.98308],[39.82264,47.98305],[39.82272,47.98303],[39.82283,47.98297],[39.82288,47.98292],[39.82291,47.98287],[39.82293,47.98282],[39.82291,47.98279],[39.82289,47.98277],[39.82287,47.98275],[39.82284,47.98274],[39.82282,47.98266],[39.82283,47.98261],[39.82285,47.98254],[39.82286,47.98249],[39.82284,47.98246],[39.82281,47.98242],[39.82278,47.98242],[39.82274,47.98242],[39.8227,47.98241],[39.82267,47.98239],[39.82265,47.98234],[39.82264,47.98231],[39.82265,47.98228],[39.82269,47.98225],[39.82272,47.98222],[39.82278,47.98218],[39.82279,47.98215],[39.82278,47.9821],[39.82276,47.98206],[39.82274,47.98201],[39.8227,47.98198],[39.82268,47.98195],[39.82268,47.9819],[39.82272,47.98184],[39.82273,47.98179],[39.82273,47.98176],[39.82271,47.98173],[39.82264,47.98168],[39.82258,47.98164],[39.82255,47.98162],[39.82254,47.98156],[39.82253,47.98149],[39.82255,47.98143],[39.82256,47.98141],[39.82257,47.98139],[39.82257,47.98136],[39.8226,47.98133],[39.82263,47.9813],[39.82264,47.98125],[39.82264,47.98122],[39.82263,47.98116],[39.82264,47.98114],[39.82263,47.98112],[39.82259,47.98111],[39.82255,47.9811],[39.8225,47.98109],[39.82245,47.98109],[39.82238,47.9811],[39.82235,47.98109],[39.82233,47.98108],[39.82233,47.98105],[39.8223,47.98102],[39.82229,47.98098],[39.82228,47.98095],[39.82229,47.98091],[39.8223,47.98089],[39.82229,47.98088],[39.82228,47.98087],[39.82226,47.98087],[39.82224,47.98087],[39.82221,47.98087],[39.82217,47.98087],[39.82215,47.98086],[39.82214,47.98086],[39.82213,47.98084],[39.82214,47.98082],[39.82215,47.98081],[39.82216,47.98078],[39.82215,47.98077],[39.82213,47.98075],[39.82208,47.98073],[39.82205,47.98071],[39.82204,47.98067],[39.82204,47.98064],[39.82202,47.9806],[39.82206,47.98054],[39.82206,47.98047],[39.82208,47.98042],[39.82212,47.98039],[39.82215,47.98035],[39.82215,47.98028],[39.82215,47.98023],[39.82213,47.98018],[39.82213,47.98013],[39.82215,47.98008],[39.82219,47.98004],[39.82227,47.98002],[39.82237,47.97998],[39.82246,47.97995],[39.8225,47.97994],[39.82255,47.9799],[39.82253,47.97987],[39.82253,47.97985],[39.82252,47.97982],[39.8225,47.9798],[39.82248,47.97979],[39.82247,47.97977],[39.82245,47.97974],[39.82245,47.97971],[39.82244,47.97968],[39.82242,47.97967],[39.82242,47.97966],[39.82241,47.97963],[39.8224,47.97961],[39.82239,47.97959],[39.82235,47.97959],[39.82232,47.97958],[39.82231,47.97956],[39.82231,47.97954],[39.82229,47.97953],[39.82227,47.97952],[39.82225,47.97951],[39.82224,47.9795],[39.82218,47.97949],[39.82215,47.97949],[39.82213,47.97949],[39.82211,47.97947],[39.82209,47.97947],[39.82206,47.97947],[39.822,47.97947],[39.82198,47.97948],[39.82194,47.9795],[39.8219,47.9795],[39.82186,47.9795],[39.82182,47.9795],[39.82176,47.9795],[39.82173,47.9795],[39.82168,47.97951],[39.82165,47.97951],[39.82163,47.9795],[39.82161,47.97948],[39.8216,47.97946],[39.82159,47.97943],[39.82153,47.9794],[39.82151,47.97938],[39.82149,47.97935],[39.82148,47.97933],[39.82149,47.9793],[39.8215,47.97927],[39.8215,47.97925],[39.82146,47.97924],[39.82144,47.97923],[39.8214,47.97921],[39.8214,47.97918],[39.8214,47.97915],[39.82141,47.97912],[39.82142,47.97909],[39.82141,47.97906],[39.82137,47.97904],[39.82136,47.97904],[39.82131,47.97903],[39.82123,47.97901],[39.82119,47.97899],[39.82118,47.97898],[39.82119,47.97895],[39.8212,47.97893],[39.82121,47.9789],[39.82119,47.97888],[39.82117,47.97886],[39.82115,47.97885],[39.82112,47.97886],[39.82108,47.97886],[39.82106,47.97886],[39.82106,47.97883],[39.82105,47.97882],[39.82103,47.97879],[39.82099,47.97878],[39.82095,47.97877],[39.82093,47.97876],[39.8209,47.97875],[39.82088,47.97872],[39.82087,47.97871],[39.82087,47.97869],[39.82088,47.97867],[39.82089,47.97864],[39.82089,47.97862],[39.82089,47.97859],[39.82088,47.97857],[39.82085,47.97856],[39.82084,47.97855],[39.82083,47.97853],[39.82083,47.97851],[39.82083,47.9785],[39.82082,47.97848],[39.82082,47.97846],[39.8208,47.97844],[39.82078,47.97843],[39.82077,47.97842],[39.82077,47.9784],[39.82077,47.97839],[39.82078,47.97838],[39.82079,47.97837],[39.82083,47.97835],[39.82082,47.9783],[39.8208,47.97828],[39.82076,47.97826],[39.82072,47.97824],[39.82071,47.9782],[39.82072,47.97817],[39.8207,47.97813],[39.82071,47.97808],[39.82065,47.97803],[39.82062,47.97798],[39.8206,47.97791],[39.82052,47.97785],[39.82046,47.97776],[39.82042,47.97765],[39.82038,47.97756],[39.82032,47.97751],[39.82028,47.97749],[39.82024,47.97746],[39.82021,47.97741],[39.82018,47.97735],[39.82016,47.97729],[39.82016,47.97725],[39.82018,47.97724],[39.82021,47.97723],[39.82023,47.97721],[39.82024,47.97719],[39.82025,47.97716],[39.82027,47.97708],[39.82027,47.97704],[39.82029,47.977],[39.82032,47.97698],[39.82035,47.97697],[39.82035,47.97695],[39.82034,47.97694],[39.82033,47.97692],[39.82029,47.97691],[39.82026,47.9769],[39.82025,47.97689],[39.82025,47.97686],[39.82026,47.97685],[39.82026,47.97683],[39.82025,47.97682],[39.82022,47.97681],[39.82019,47.97678],[39.82017,47.97677],[39.82016,47.97675],[39.82014,47.97673],[39.82012,47.97672],[39.8201,47.97669],[39.8201,47.97668],[39.82011,47.97666],[39.82014,47.97664],[39.82017,47.97663],[39.82021,47.97659],[39.82023,47.97658],[39.82025,47.97657],[39.82028,47.97655],[39.8203,47.97652],[39.8203,47.9765],[39.82027,47.97647],[39.82024,47.97644],[39.82022,47.97641],[39.82022,47.97638],[39.82021,47.97635],[39.82021,47.97633],[39.82018,47.9763],[39.82019,47.97628],[39.82019,47.97626],[39.82017,47.97623],[39.82015,47.97622],[39.82013,47.9762],[39.82011,47.97619],[39.8201,47.97618],[39.82008,47.97617],[39.82009,47.97611],[39.82009,47.97608],[39.82006,47.97606],[39.82004,47.97602],[39.82004,47.97597],[39.82005,47.97594],[39.82005,47.9759],[39.82017,47.97581],[39.82021,47.97578],[39.82023,47.97575],[39.82027,47.97569],[39.82029,47.97564],[39.8203,47.9756],[39.82031,47.97557],[39.82031,47.97551],[39.8203,47.97549],[39.82026,47.97548],[39.82022,47.97547],[39.82018,47.97546],[39.82012,47.97544],[39.82007,47.97544],[39.81998,47.97542],[39.81993,47.97539],[39.81986,47.97532],[39.81982,47.97528],[39.81975,47.97525],[39.81969,47.97523],[39.81957,47.97523],[39.81951,47.97522],[39.81947,47.9752],[39.81943,47.97517],[39.8194,47.97514],[39.81937,47.97509],[39.81932,47.97508],[39.81929,47.97508],[39.81925,47.97505],[39.81924,47.97503],[39.81924,47.975],[39.81922,47.97498],[39.81916,47.97496],[39.8191,47.97489],[39.81904,47.97486],[39.819,47.97484],[39.81896,47.9748],[39.81891,47.97475],[39.81887,47.97472],[39.81883,47.97472],[39.8188,47.9747],[39.81875,47.97469],[39.81871,47.97466],[39.81869,47.97464],[39.81866,47.97461],[39.81863,47.97461],[39.81857,47.97464],[39.81853,47.97465],[39.81848,47.97466],[39.81843,47.97466],[39.81839,47.97464],[39.81835,47.97464],[39.81831,47.97461],[39.81829,47.97459],[39.81827,47.97455],[39.81818,47.9744],[39.81817,47.97435],[39.8181,47.97431],[39.81805,47.97427],[39.81805,47.97421],[39.81808,47.97412],[39.81807,47.97402],[39.81804,47.97398],[39.81799,47.97389],[39.81793,47.97378],[39.81594,47.9713],[39.81597,47.97113],[39.81599,47.9711],[39.816,47.97105],[39.81602,47.97101],[39.81607,47.97099],[39.8161,47.97097],[39.81612,47.97096],[39.81615,47.97095],[39.81626,47.97096],[39.81633,47.97096],[39.81637,47.97098],[39.81643,47.971],[39.81646,47.971],[39.81655,47.97099],[39.8166,47.97097],[39.81662,47.97097],[39.81664,47.97096],[39.81672,47.97097],[39.81676,47.97097],[39.81679,47.97099],[39.8168,47.97103],[39.8168,47.97105],[39.81682,47.97107],[39.81685,47.97107],[39.81686,47.97107],[39.81687,47.97105],[39.8169,47.97105],[39.81692,47.97105],[39.81695,47.97105],[39.81697,47.97103],[39.81701,47.97102],[39.81702,47.971],[39.81702,47.97098],[39.817,47.97097],[39.81699,47.97097],[39.81695,47.97097],[39.81693,47.97097],[39.8169,47.97096],[39.8169,47.97094],[39.8169,47.97091],[39.8169,47.97088],[39.81689,47.97085],[39.81685,47.97084],[39.81683,47.97082],[39.81682,47.97081],[39.81682,47.97079],[39.81681,47.97078],[39.81677,47.97077],[39.81675,47.97076],[39.81673,47.97073],[39.8167,47.97071],[39.81665,47.97069],[39.81664,47.97066],[39.81663,47.97063],[39.81663,47.97058],[39.81661,47.97054],[39.81657,47.9705],[39.81656,47.97049],[39.81655,47.97047],[39.81657,47.97045],[39.81659,47.97043],[39.81661,47.97041],[39.8166,47.97039],[39.81658,47.97038],[39.81658,47.97034],[39.81663,47.9703],[39.81666,47.97025],[39.81667,47.9702],[39.81671,47.97016],[39.81672,47.97014],[39.81675,47.97012],[39.81676,47.97008],[39.81674,47.97005],[39.81675,47.97],[39.81675,47.96994],[39.81675,47.96991],[39.81678,47.96988],[39.81681,47.96987],[39.81684,47.96987],[39.81686,47.96986],[39.81688,47.96984],[39.81687,47.96981],[39.81688,47.96979],[39.81688,47.96976],[39.81691,47.96972],[39.81695,47.96965],[39.81697,47.96962],[39.81701,47.96959],[39.81705,47.96954],[39.81708,47.9695],[39.81711,47.96949],[39.81716,47.96949],[39.81721,47.96949],[39.8173,47.96948],[39.81736,47.96947],[39.8174,47.96946],[39.81741,47.96944],[39.81743,47.96943],[39.81754,47.96941],[39.8176,47.96934],[39.81763,47.9693],[39.81766,47.96926],[39.81769,47.96921],[39.8177,47.96917],[39.81768,47.96914],[39.8177,47.9691],[39.81772,47.96906],[39.81775,47.96902],[39.81778,47.969],[39.81787,47.96897],[39.81792,47.96895],[39.81805,47.96889],[39.81807,47.96886],[39.81808,47.96884],[39.81815,47.96882],[39.81819,47.9688],[39.81823,47.96879],[39.81826,47.96878],[39.81831,47.9688],[39.81837,47.96878],[39.81839,47.96876],[39.81841,47.96874],[39.81846,47.96872],[39.81852,47.96869],[39.81861,47.96865],[39.81865,47.96862],[39.81867,47.96859],[39.81872,47.96854],[39.81876,47.96851],[39.81878,47.96848],[39.81882,47.96843],[39.81886,47.9684],[39.81888,47.96836],[39.81887,47.96832],[39.81888,47.96829],[39.81887,47.96825],[39.81887,47.96822],[39.81884,47.96818],[39.81884,47.96814],[39.81885,47.96809],[39.81885,47.96806],[39.81884,47.96804],[39.81885,47.968],[39.81887,47.96796],[39.81889,47.96791],[39.81888,47.96788],[39.81886,47.96787],[39.81882,47.96787],[39.81876,47.96785],[39.81876,47.96782],[39.81875,47.96781],[39.81871,47.9678],[39.8187,47.96777],[39.81869,47.96775],[39.81867,47.96773],[39.81865,47.96771],[39.81863,47.96769],[39.81861,47.96768],[39.8186,47.96766],[39.81859,47.96762],[39.81855,47.9676],[39.81851,47.96758],[39.81845,47.96756],[39.81841,47.96756],[39.81839,47.96754],[39.81837,47.96752],[39.81836,47.96749],[39.81835,47.96747],[39.81835,47.96745],[39.81835,47.96742],[39.81834,47.96737],[39.81833,47.96735],[39.81831,47.96734],[39.8183,47.96727],[39.8183,47.96723],[39.81831,47.9672],[39.81831,47.96717],[39.81831,47.96714],[39.81832,47.96712],[39.8183,47.9671],[39.81823,47.96707],[39.81804,47.96703],[39.81795,47.96699],[39.81786,47.96698],[39.8178,47.96699],[39.81774,47.96698],[39.81767,47.96697],[39.81759,47.96694],[39.81749,47.96692],[39.81739,47.96689],[39.81735,47.96684],[39.81731,47.96681],[39.81724,47.96677],[39.81716,47.96674],[39.81711,47.96671],[39.81706,47.9667],[39.81701,47.96666],[39.81692,47.96667],[39.81685,47.96663],[39.81676,47.96659],[39.8167,47.96655],[39.81668,47.9665],[39.81669,47.96645],[39.81669,47.96644],[39.81671,47.96642],[39.81675,47.96639],[39.81675,47.96636],[39.81674,47.96633],[39.81671,47.96632],[39.81671,47.96629],[39.81671,47.96628],[39.8167,47.96623],[39.8167,47.96621],[39.81672,47.96619],[39.81675,47.96617],[39.81677,47.96616],[39.81681,47.96615],[39.81684,47.96617],[39.81686,47.96619],[39.8169,47.96619],[39.81696,47.96618],[39.81701,47.96615],[39.81702,47.96612],[39.81705,47.96609],[39.81706,47.96606],[39.81708,47.96604],[39.81711,47.96601],[39.81716,47.96596],[39.81719,47.96594],[39.81722,47.96592],[39.81724,47.9659],[39.81729,47.96582],[39.81735,47.96579],[39.81739,47.96575],[39.8174,47.96571],[39.81742,47.96566],[39.81742,47.96564],[39.81741,47.96561],[39.8174,47.96559],[39.81741,47.96558],[39.81742,47.96558],[39.81745,47.96557],[39.81749,47.96556],[39.81752,47.96556],[39.81753,47.96555],[39.81755,47.96553],[39.81756,47.9655],[39.81756,47.96549],[39.81758,47.96547],[39.81762,47.96546],[39.81765,47.96545],[39.81768,47.96546],[39.81772,47.96545],[39.81775,47.96544],[39.81778,47.96541],[39.8178,47.9654],[39.81783,47.9654],[39.81787,47.9654],[39.81789,47.9654],[39.81792,47.96538],[39.81793,47.96535],[39.81794,47.96532],[39.81791,47.9653],[39.81788,47.96529],[39.81788,47.96528],[39.81789,47.96525],[39.81792,47.96523],[39.81795,47.96521],[39.81797,47.96518],[39.81801,47.96515],[39.81803,47.96513],[39.81802,47.96511],[39.818,47.96508],[39.81803,47.96505],[39.81805,47.96504],[39.81806,47.96501],[39.81806,47.965],[39.81806,47.96498],[39.81809,47.96497],[39.81811,47.96497],[39.81812,47.96497],[39.81813,47.96496],[39.81812,47.96491],[39.81812,47.96487],[39.81813,47.96483],[39.81816,47.96478],[39.81813,47.96472],[39.81813,47.9647],[39.81814,47.96467],[39.81814,47.96466],[39.8181,47.96463],[39.81807,47.96462],[39.81804,47.96461],[39.81803,47.96458],[39.81801,47.96455],[39.81797,47.96451],[39.81794,47.96448],[39.81789,47.96447],[39.81787,47.96447],[39.81784,47.96446],[39.81782,47.96445],[39.81778,47.96445],[39.81773,47.96441],[39.81767,47.9644],[39.81765,47.96438],[39.81762,47.96436],[39.81758,47.96432],[39.81756,47.96431],[39.81752,47.96428],[39.81749,47.96425],[39.81748,47.96421],[39.81744,47.96417],[39.81741,47.96417],[39.81737,47.96417],[39.81735,47.96418],[39.8173,47.96416],[39.81727,47.96413],[39.81723,47.96404],[39.8172,47.96401],[39.81714,47.96394],[39.81716,47.9639],[39.81717,47.96389],[39.81717,47.96385],[39.81715,47.96381],[39.81713,47.96379],[39.81711,47.96377],[39.8171,47.96375],[39.81708,47.96371],[39.81704,47.96365],[39.817,47.96362],[39.81697,47.9636],[39.81697,47.96356],[39.81695,47.96349],[39.81695,47.96346],[39.81696,47.96341],[39.81695,47.96336],[39.81696,47.96334],[39.81699,47.96333],[39.81701,47.96334],[39.81703,47.96336],[39.81705,47.96337],[39.81708,47.96338],[39.81711,47.96338],[39.81713,47.96337],[39.81715,47.96334],[39.81718,47.96332],[39.81723,47.9633],[39.81731,47.9633],[39.81741,47.9633],[39.81748,47.9633],[39.81754,47.96329],[39.81758,47.96327],[39.81763,47.96326],[39.81769,47.96326],[39.81773,47.96325],[39.81777,47.96323],[39.81777,47.9632],[39.81776,47.96318],[39.81774,47.96316],[39.81775,47.96313],[39.81775,47.96312],[39.81776,47.96309],[39.81779,47.96308],[39.81783,47.96307],[39.81785,47.96306],[39.81787,47.96305],[39.81788,47.96303],[39.81792,47.96301],[39.81793,47.963],[39.81793,47.96296],[39.81791,47.96293],[39.81788,47.96291],[39.81786,47.96291],[39.81784,47.96289],[39.81782,47.96286],[39.81783,47.96284],[39.81784,47.9628],[39.81785,47.96277],[39.81785,47.96273],[39.81784,47.96269],[39.81783,47.96265],[39.8178,47.96262],[39.81779,47.96261],[39.81776,47.96261],[39.81775,47.96261],[39.81772,47.9626],[39.8177,47.96257],[39.81769,47.96255],[39.81767,47.96253],[39.81766,47.96251],[39.81767,47.9625],[39.81768,47.96249],[39.81771,47.96248],[39.81774,47.96245],[39.81779,47.96242],[39.81782,47.9624],[39.81782,47.96238],[39.81783,47.96235],[39.81785,47.96231],[39.81785,47.96227],[39.81787,47.96226],[39.81789,47.96224],[39.81789,47.9622],[39.8179,47.96217],[39.81791,47.96215],[39.81794,47.96212],[39.81797,47.96211],[39.81797,47.96209],[39.81797,47.96206],[39.81799,47.96204],[39.81802,47.96202],[39.81806,47.96197],[39.8181,47.96193],[39.81812,47.96192],[39.81812,47.96191],[39.81814,47.96191],[39.81813,47.96188],[39.81817,47.96186],[39.81822,47.96183],[39.81831,47.96178],[39.81841,47.96173],[39.8185,47.96168],[39.81856,47.96163],[39.81863,47.96159],[39.81868,47.96155],[39.8187,47.96153],[39.81871,47.96151],[39.8187,47.96149],[39.81868,47.96147],[39.81867,47.96142],[39.81866,47.96135],[39.81862,47.96127],[39.81858,47.9612],[39.81859,47.96115],[39.81859,47.96109],[39.81856,47.96104],[39.81853,47.96102],[39.81848,47.96101],[39.81844,47.96098],[39.81839,47.96091],[39.81833,47.96088],[39.81823,47.96085],[39.81822,47.96085],[39.81817,47.96084],[39.81812,47.96081],[39.81809,47.9608],[39.81804,47.9608],[39.81803,47.96077],[39.81802,47.96074],[39.81803,47.96072],[39.81805,47.96069],[39.81808,47.96063],[39.81807,47.96061],[39.81809,47.96059],[39.81817,47.96055],[39.81822,47.9605],[39.81828,47.96047],[39.8183,47.96046],[39.81834,47.96046],[39.81838,47.96045],[39.81839,47.96041],[39.81841,47.96041],[39.81845,47.96038],[39.81849,47.96036],[39.81852,47.96037],[39.81852,47.96038],[39.81853,47.9604],[39.81854,47.96041],[39.81868,47.96039],[39.81879,47.96036],[39.81886,47.96032],[39.81892,47.9603],[39.81895,47.96029],[39.81896,47.96028],[39.81897,47.96026],[39.81898,47.96024],[39.81901,47.96023],[39.81906,47.96024],[39.81914,47.96024],[39.81922,47.96024],[39.81926,47.96024],[39.81928,47.96023],[39.81929,47.96021],[39.81932,47.9602],[39.81935,47.96017],[39.81941,47.96012],[39.81942,47.96009],[39.81947,47.9601],[39.81949,47.96011],[39.81951,47.96012],[39.81953,47.96014],[39.81957,47.96013],[39.8196,47.96011],[39.81964,47.96009],[39.81968,47.96008],[39.81969,47.96008],[39.81972,47.96009],[39.81975,47.96011],[39.8198,47.96013],[39.81987,47.96016],[39.82014,47.96013],[39.8202,47.96013],[39.8203,47.96014],[39.82034,47.96013],[39.8204,47.96012],[39.82044,47.96013],[39.8205,47.96014],[39.82054,47.96013],[39.82058,47.96012],[39.82065,47.96008],[39.82081,47.96003],[39.82089,47.96],[39.82093,47.96002],[39.82096,47.96003],[39.821,47.96004],[39.82102,47.96002],[39.82104,47.95998],[39.82106,47.95996],[39.8211,47.95996],[39.82118,47.95999],[39.82126,47.96],[39.8213,47.96003],[39.82135,47.96004],[39.82137,47.96003],[39.82143,47.96001],[39.82148,47.96001],[39.82152,47.96002],[39.82156,47.96001],[39.8216,47.96001],[39.82163,47.96],[39.82166,47.95997],[39.82167,47.95995],[39.82169,47.95993],[39.82172,47.95992],[39.82178,47.95987],[39.82182,47.95984],[39.82186,47.95984],[39.82191,47.95984],[39.82195,47.95983],[39.82198,47.95981],[39.82198,47.95979],[39.822,47.95976],[39.82203,47.95974],[39.82208,47.95971],[39.82214,47.95969],[39.82215,47.95965],[39.82216,47.95962],[39.82219,47.95961],[39.82221,47.95958],[39.82222,47.95955],[39.82224,47.95954],[39.82227,47.95952],[39.8223,47.9595],[39.82232,47.95946],[39.82231,47.95945],[39.82228,47.95943],[39.82229,47.95941],[39.82227,47.9594],[39.82222,47.95937],[39.82219,47.95936],[39.82216,47.95934],[39.82214,47.95932],[39.82215,47.95929],[39.82217,47.95927],[39.82222,47.95923],[39.82221,47.95917],[39.8222,47.95913],[39.82221,47.95911],[39.82218,47.95907],[39.82216,47.95902],[39.82219,47.95898],[39.82219,47.95894],[39.82222,47.9589],[39.82227,47.95887],[39.82232,47.95884],[39.8224,47.9588],[39.82244,47.95878],[39.82249,47.95877],[39.82251,47.95878],[39.82255,47.95877],[39.82256,47.95874],[39.82258,47.95872],[39.82264,47.9587],[39.82271,47.95869],[39.82275,47.95867],[39.82281,47.95864],[39.82285,47.95862],[39.82291,47.9586],[39.82296,47.95857],[39.823,47.95855],[39.82302,47.95851],[39.82306,47.9585],[39.82308,47.95847],[39.82308,47.95843],[39.82308,47.95841],[39.82306,47.95838],[39.82307,47.95835],[39.82311,47.95835],[39.82316,47.95834],[39.82317,47.95832],[39.82323,47.9583],[39.82326,47.95826],[39.8233,47.95825],[39.82333,47.95823],[39.82332,47.95821],[39.82334,47.95817],[39.82337,47.95812],[39.82337,47.95808],[39.82333,47.95805],[39.8233,47.95801],[39.82329,47.95798],[39.8233,47.95792],[39.82331,47.95788],[39.82331,47.95784],[39.82331,47.95781],[39.82326,47.95778],[39.82324,47.95773],[39.82325,47.95769],[39.82328,47.95766],[39.82325,47.95758],[39.82323,47.95757],[39.82321,47.95756],[39.82317,47.95752],[39.8231,47.95747],[39.82303,47.95745],[39.82298,47.95742],[39.82292,47.95741],[39.82289,47.95743],[39.82284,47.95742],[39.82281,47.9574],[39.82278,47.95738],[39.82278,47.95735],[39.82274,47.95732],[39.8227,47.95733],[39.82265,47.95733],[39.8226,47.95734],[39.82255,47.95734],[39.82252,47.95733],[39.82247,47.9573],[39.82243,47.95729],[39.82238,47.95727],[39.82228,47.95721],[39.82225,47.95719],[39.82224,47.95718],[39.82224,47.95715],[39.82225,47.95712],[39.82224,47.95708],[39.82224,47.95704],[39.82222,47.95702],[39.82221,47.95699],[39.82224,47.95696],[39.82226,47.95694],[39.82227,47.95691],[39.82231,47.95686],[39.82231,47.95685],[39.82235,47.95683],[39.82239,47.95679],[39.82241,47.95675],[39.8224,47.95673],[39.82238,47.9567],[39.82239,47.95668],[39.8224,47.95665],[39.82241,47.95661],[39.82239,47.95658],[39.82239,47.95656],[39.8224,47.95651],[39.82241,47.9565],[39.82242,47.95647],[39.82242,47.95645],[39.82239,47.95644],[39.8224,47.95642],[39.82241,47.95641],[39.82244,47.95637],[39.82244,47.95634],[39.82245,47.9563],[39.82246,47.95624],[39.82249,47.95622],[39.82253,47.95621],[39.8226,47.9562],[39.82267,47.95622],[39.82272,47.95622],[39.82275,47.9562],[39.82282,47.95619],[39.82291,47.95617],[39.82294,47.95616],[39.82301,47.95617],[39.82305,47.95616],[39.82308,47.95615],[39.82312,47.95613],[39.82316,47.95612],[39.82328,47.95612],[39.82334,47.95612],[39.82343,47.95612],[39.82352,47.95613],[39.82359,47.95613],[39.82366,47.95614],[39.82396,47.95625],[39.82398,47.95628],[39.824,47.95629],[39.82404,47.9563],[39.82408,47.95631],[39.82413,47.95631],[39.82418,47.95632],[39.82419,47.95632],[39.82426,47.95629],[39.82435,47.95627],[39.82438,47.95627],[39.82442,47.95626],[39.82444,47.95625],[39.82446,47.95623],[39.82448,47.95622],[39.82451,47.95621],[39.82454,47.9562],[39.82454,47.95618],[39.82453,47.95617],[39.8245,47.95615],[39.8245,47.95612],[39.82452,47.95609],[39.82454,47.95606],[39.82459,47.95603],[39.8246,47.95602],[39.82464,47.95601],[39.82466,47.95599],[39.82467,47.95596],[39.82466,47.95593],[39.82465,47.95588],[39.82467,47.95585],[39.82466,47.95582],[39.82466,47.9558],[39.82463,47.95575],[39.82463,47.95572],[39.82465,47.95571],[39.82468,47.95569],[39.8247,47.95568],[39.82473,47.95565],[39.82474,47.95562],[39.82472,47.95557],[39.82471,47.95553],[39.82472,47.95547],[39.82476,47.95541],[39.82478,47.95536],[39.82476,47.95534],[39.82474,47.95532],[39.82472,47.95528],[39.82472,47.95526],[39.82473,47.95524],[39.82473,47.95523],[39.82472,47.95523],[39.82469,47.95523],[39.82464,47.95522],[39.82461,47.95517],[39.82458,47.95512],[39.82447,47.95503],[39.82442,47.955],[39.82437,47.95497],[39.82435,47.95494],[39.82434,47.95489],[39.82432,47.95484],[39.8243,47.95483],[39.82426,47.9548],[39.82421,47.95475],[39.82411,47.95469],[39.82398,47.95466],[39.82392,47.95465],[39.82386,47.95463],[39.82382,47.95461],[39.82375,47.95461],[39.82371,47.9546],[39.82365,47.95457],[39.8236,47.95455],[39.82355,47.95452],[39.8235,47.95449],[39.82347,47.95444],[39.82345,47.95442],[39.82341,47.9544],[39.82327,47.95435],[39.82323,47.95434],[39.82317,47.95434],[39.82314,47.95433],[39.8231,47.95429],[39.82307,47.95426],[39.82302,47.95423],[39.823,47.95424],[39.82294,47.95421],[39.82289,47.95419],[39.82284,47.95419],[39.82281,47.95419],[39.8228,47.95417],[39.82271,47.95413],[39.82255,47.95409],[39.8225,47.95407],[39.82248,47.95403],[39.82246,47.95399],[39.82245,47.95393],[39.82244,47.95391],[39.82242,47.9539],[39.82237,47.95388],[39.82233,47.95387],[39.82232,47.95384],[39.82231,47.9538],[39.82227,47.95373],[39.8222,47.95367],[39.82214,47.95359],[39.82215,47.95353],[39.82211,47.95343],[39.82206,47.95337],[39.82203,47.95333],[39.82204,47.95327],[39.82205,47.95323],[39.82204,47.95319],[39.82202,47.95316],[39.82203,47.95315],[39.82204,47.95311],[39.82201,47.95307],[39.822,47.95304],[39.82203,47.95303],[39.82206,47.95302],[39.82209,47.953],[39.82213,47.95298],[39.82216,47.95298],[39.82218,47.95294],[39.82215,47.95289],[39.82214,47.95285],[39.82215,47.95281],[39.82211,47.95277],[39.82206,47.95272],[39.82203,47.95267],[39.82202,47.95263],[39.82196,47.95258],[39.82191,47.95258],[39.82188,47.95255],[39.8218,47.95251],[39.82173,47.95245],[39.82164,47.95239],[39.82155,47.95234],[39.82147,47.95227],[39.82143,47.95224],[39.82141,47.95221],[39.82141,47.95217],[39.82138,47.95213],[39.82133,47.95208],[39.82127,47.95201],[39.82124,47.95201],[39.82121,47.95199],[39.82121,47.95197],[39.82119,47.95194],[39.82117,47.95192],[39.82116,47.95189],[39.82113,47.95186],[39.82109,47.95186],[39.82106,47.95184],[39.82105,47.95181],[39.82103,47.95176],[39.82103,47.95173],[39.82105,47.95169],[39.8211,47.95164],[39.82112,47.9516],[39.82117,47.95158],[39.82117,47.95155],[39.82122,47.95144],[39.82123,47.95135],[39.82127,47.95133],[39.82129,47.95129],[39.82132,47.95127],[39.82137,47.95125],[39.8214,47.95123],[39.82141,47.95121],[39.82141,47.95119],[39.82139,47.95116],[39.8214,47.95113],[39.82142,47.95111],[39.82146,47.95109],[39.82154,47.95108],[39.82158,47.95108],[39.82161,47.95106],[39.8217,47.95104],[39.82176,47.95101],[39.8218,47.95097],[39.82182,47.95093],[39.82182,47.95082],[39.8218,47.95079],[39.82177,47.95076],[39.82136,47.95076],[39.8187,47.95074],[39.81819,47.95072],[39.81598,47.95069],[39.81443,47.95065],[39.81364,47.95064],[39.8132,47.95061],[39.81276,47.9506],[39.81103,47.95059],[39.80961,47.95057],[39.80859,47.95056],[39.80777,47.95056],[39.80712,47.95052],[39.80675,47.95051],[39.80643,47.95052],[39.80633,47.95051],[39.80629,47.95049],[39.80627,47.95045],[39.80641,47.93486],[39.80619,47.93495],[39.80612,47.93495],[39.80608,47.93494],[39.80594,47.93489],[39.80587,47.93489],[39.80581,47.93492],[39.80578,47.93497],[39.80573,47.935],[39.80568,47.935],[39.80563,47.93498],[39.80541,47.93494],[39.80534,47.93492],[39.80525,47.93491],[39.80521,47.93492],[39.80515,47.93495],[39.80511,47.93498],[39.80507,47.93502],[39.805,47.93503],[39.80488,47.93505],[39.80481,47.93506],[39.80475,47.93503],[39.80468,47.935],[39.80453,47.93492],[39.80438,47.93486],[39.80427,47.93483],[39.80414,47.93482],[39.80321,47.9348],[39.80307,47.9348],[39.80298,47.93481],[39.80293,47.93484],[39.80291,47.93489],[39.8029,47.93496],[39.8029,47.93501],[39.80292,47.93514],[39.80292,47.93529],[39.80296,47.93535],[39.80294,47.93541],[39.80294,47.93544],[39.80296,47.93547],[39.80293,47.93554],[39.80293,47.93566],[39.80292,47.93574],[39.80288,47.9358],[39.80283,47.93581],[39.80281,47.93584],[39.80279,47.93588],[39.80271,47.9359],[39.8026,47.93592],[39.80253,47.93593],[39.80247,47.93595],[39.80236,47.93599],[39.80225,47.93601],[39.80212,47.936],[39.80203,47.93598],[39.80198,47.93596],[39.80191,47.93591],[39.80184,47.93587],[39.80172,47.93583],[39.80157,47.93577],[39.80144,47.93567],[39.80137,47.93563],[39.80135,47.9356],[39.80128,47.93552],[39.80121,47.93548],[39.80114,47.93548],[39.80106,47.93544],[39.80099,47.93543],[39.80096,47.93537],[39.80092,47.93533],[39.80089,47.93531],[39.80082,47.93529],[39.80077,47.93523],[39.80072,47.93518],[39.80065,47.93515],[39.80062,47.93512],[39.80058,47.93511],[39.80052,47.93511],[39.80048,47.93508],[39.80034,47.93505],[39.8001,47.93503],[39.80002,47.93499],[39.79992,47.93498],[39.79986,47.93495],[39.79978,47.93495],[39.79975,47.93492],[39.79977,47.93486],[39.79973,47.9348],[39.79965,47.93476],[39.79963,47.93473],[39.79951,47.93471],[39.79936,47.93462],[39.7993,47.9345],[39.7993,47.93439],[39.79934,47.93429],[39.79937,47.9342],[39.79938,47.93412],[39.79937,47.93404],[39.79942,47.93399],[39.79962,47.93394],[39.79978,47.93388],[39.79985,47.93382],[39.79995,47.93379],[39.80017,47.93375],[39.80044,47.93371],[39.80072,47.93368],[39.80098,47.93363],[39.8011,47.93352],[39.80112,47.93335],[39.80115,47.93322],[39.80115,47.9331],[39.80111,47.93301],[39.80113,47.93294],[39.80115,47.93282],[39.80113,47.93267],[39.80106,47.93259],[39.80097,47.93248],[39.80094,47.93243],[39.80093,47.93241],[39.80088,47.93236],[39.80078,47.93231],[39.80071,47.93222],[39.80071,47.93215],[39.80073,47.93212],[39.80073,47.93208],[39.80071,47.93203],[39.80061,47.93193],[39.80052,47.93187],[39.80048,47.93181],[39.80046,47.93173],[39.80047,47.93165],[39.80049,47.93158],[39.80045,47.93154],[39.80045,47.93149],[39.80042,47.93145],[39.80039,47.93142],[39.8004,47.93139],[39.80043,47.93136],[39.8005,47.93135],[39.80054,47.93134],[39.80056,47.9313],[39.80059,47.93126],[39.80061,47.93125],[39.80065,47.93121],[39.80067,47.93118],[39.80066,47.9311],[39.80065,47.93104],[39.80062,47.93098],[39.8006,47.93094],[39.8005,47.93088],[39.80048,47.93087],[39.80048,47.93081],[39.80051,47.93076],[39.80058,47.93074],[39.80059,47.93071],[39.80056,47.93069],[39.80054,47.93063],[39.80055,47.93056],[39.80053,47.93047],[39.80053,47.93037],[39.80055,47.9302],[39.80055,47.93016],[39.80048,47.93012],[39.80047,47.93007],[39.80048,47.93],[39.80052,47.92997],[39.80057,47.92991],[39.8006,47.92981],[39.80058,47.92977],[39.80052,47.9297],[39.80045,47.92968],[39.80043,47.92963],[39.80043,47.92959],[39.80046,47.92956],[39.80046,47.9295],[39.80041,47.92946],[39.80037,47.92943],[39.8004,47.92941],[39.80044,47.92938],[39.80041,47.92936],[39.80037,47.92935],[39.80037,47.92932],[39.80041,47.92931],[39.80048,47.92928],[39.80052,47.92923],[39.80051,47.92919],[39.8005,47.92912],[39.8005,47.92906],[39.80048,47.92901],[39.80044,47.92896],[39.80041,47.92889],[39.80042,47.92883],[39.80048,47.92883],[39.80054,47.92884],[39.8006,47.92881],[39.80064,47.92877],[39.80069,47.92874],[39.80071,47.92867],[39.80081,47.9286],[39.80088,47.92851],[39.80089,47.92846],[39.8009,47.92836],[39.80092,47.9283],[39.80099,47.92825],[39.80099,47.92819],[39.80105,47.9281],[39.80108,47.92804],[39.80108,47.92796],[39.80111,47.92789],[39.80119,47.92784],[39.80122,47.92776],[39.80126,47.92771],[39.80125,47.92766],[39.80123,47.92763],[39.80113,47.92749],[39.80114,47.92745],[39.80116,47.92742],[39.80121,47.92738],[39.80128,47.92735],[39.8013,47.92732],[39.80131,47.92726],[39.80131,47.92719],[39.80133,47.92715],[39.80141,47.92711],[39.80143,47.92707],[39.80141,47.92702],[39.80136,47.92696],[39.8013,47.92687],[39.80122,47.92676],[39.80121,47.92665],[39.80119,47.92652],[39.80115,47.92645],[39.8011,47.9264],[39.80102,47.92635],[39.80099,47.9263],[39.80096,47.92626],[39.80096,47.9262],[39.80091,47.92616],[39.80088,47.92616],[39.80082,47.92616],[39.80081,47.92614],[39.80074,47.92606],[39.80073,47.92602],[39.80073,47.92595],[39.80074,47.92588],[39.80071,47.92583],[39.80066,47.92579],[39.80056,47.92571],[39.80047,47.92563],[39.80037,47.92557],[39.80023,47.9255],[39.80011,47.9254],[39.79997,47.9253],[39.79989,47.92528],[39.79982,47.92522],[39.79973,47.9251],[39.79963,47.92505],[39.7995,47.92497],[39.79949,47.92492],[39.79945,47.92486],[39.79942,47.92483],[39.79938,47.92479],[39.7994,47.92472],[39.79935,47.92466],[39.79929,47.92463],[39.79921,47.92456],[39.79915,47.92449],[39.7988,47.92434],[39.79861,47.92427],[39.79848,47.92421],[39.79841,47.92416],[39.7984,47.9241],[39.7984,47.924],[39.79836,47.92396],[39.79833,47.92389],[39.79834,47.92386],[39.79836,47.92378],[39.79832,47.9237],[39.79824,47.92364],[39.79813,47.92361],[39.79794,47.9236],[39.79785,47.92351],[39.79783,47.92344],[39.79782,47.92335],[39.79768,47.92322],[39.79747,47.92301],[39.79739,47.92294],[39.79729,47.92292],[39.7971,47.92283],[39.79704,47.92272],[39.79704,47.92266],[39.79697,47.92261],[39.79683,47.92256],[39.79666,47.92246],[39.7966,47.92236],[39.79666,47.92231],[39.79666,47.92225],[39.79659,47.92214],[39.79656,47.92199],[39.79648,47.92189],[39.79633,47.9218],[39.79609,47.92166],[39.79589,47.92156],[39.79567,47.92137],[39.79544,47.92127],[39.79519,47.92119],[39.79496,47.92104],[39.7948,47.92088],[39.7946,47.92072],[39.79453,47.92059],[39.79453,47.92036],[39.79446,47.92024],[39.79438,47.92009],[39.79427,47.91978],[39.79394,47.91964],[39.79373,47.91944],[39.79362,47.91878],[39.79334,47.9161],[39.79338,47.91589],[39.79345,47.91575],[39.79356,47.91567],[39.79367,47.91555],[39.79373,47.91541],[39.79376,47.91501],[39.79378,47.91446],[39.79382,47.9139],[39.79383,47.91341],[39.79386,47.91293],[39.79386,47.91205],[39.79384,47.9114],[39.79384,47.91066],[39.79383,47.90986],[39.79384,47.90945],[39.79382,47.90915],[39.79383,47.90816],[39.79383,47.90791],[39.79381,47.90723],[39.79386,47.90704],[39.79391,47.90693],[39.79399,47.90664],[39.79404,47.90638],[39.79408,47.90609],[39.79409,47.90568],[39.7941,47.90525],[39.79411,47.90464],[39.79405,47.90442],[39.79404,47.90413],[39.79405,47.9035],[39.79407,47.9028],[39.79408,47.90221],[39.79409,47.90139],[39.79413,47.90123],[39.79417,47.90097],[39.79419,47.9007],[39.79421,47.90031],[39.79424,47.89985],[39.79427,47.89957],[39.79428,47.8993],[39.7943,47.89898],[39.79431,47.89852],[39.79438,47.89435],[39.79439,47.8938],[39.79442,47.89366],[39.79447,47.89311],[39.79451,47.89265],[39.79447,47.89233],[39.79444,47.89189],[39.79448,47.8909],[39.79451,47.8901],[39.79454,47.88917],[39.79459,47.88797],[39.79464,47.88681],[39.79468,47.88608],[39.79471,47.88569],[39.79474,47.88524],[39.79476,47.8848],[39.79468,47.88445],[39.79464,47.88412],[39.79463,47.8836],[39.79461,47.88306],[39.79461,47.88277],[39.79463,47.8821],[39.79465,47.88148],[39.79466,47.88067],[39.79467,47.87973],[39.7947,47.8788],[39.79474,47.87815],[39.7948,47.87741],[39.79479,47.87715],[39.79482,47.8762],[39.79486,47.87589],[39.79489,47.87524],[39.79491,47.87446],[39.79486,47.87422],[39.79483,47.87393],[39.79486,47.87365],[39.79495,47.87338],[39.79513,47.87318],[39.79511,47.87306],[39.79503,47.87298],[39.79493,47.87257],[39.79493,47.8718],[39.7949,47.87162],[39.79478,47.87107],[39.79492,47.87032],[39.79449,47.87023],[39.79425,47.8702],[39.79417,47.87018],[39.79414,47.87014],[39.79414,47.87007],[39.79415,47.86999],[39.79412,47.86993],[39.79404,47.86987],[39.79399,47.86977],[39.79399,47.86971],[39.79395,47.86968],[39.7939,47.86961],[39.79388,47.86952],[39.79385,47.8694],[39.79382,47.86937],[39.79373,47.86933],[39.79363,47.86929],[39.79346,47.86934],[39.79327,47.86933],[39.79311,47.86928],[39.79298,47.86924],[39.7927,47.86919],[39.79261,47.86916],[39.79253,47.86919],[39.79242,47.8692],[39.7923,47.86916],[39.7922,47.86916],[39.7921,47.86912],[39.79204,47.86907],[39.79192,47.86903],[39.79182,47.86904],[39.79164,47.86904],[39.79154,47.86899],[39.79142,47.86898],[39.79135,47.86894],[39.7913,47.86889],[39.79096,47.86887],[39.79068,47.86887],[39.79036,47.86891],[39.79003,47.86891],[39.78968,47.86892],[39.78921,47.86895],[39.78913,47.86898],[39.7889,47.869],[39.78886,47.86902],[39.78881,47.86905],[39.78866,47.86906],[39.78834,47.86904],[39.78809,47.86903],[39.78804,47.869],[39.78792,47.869],[39.78784,47.86904],[39.78774,47.86909],[39.7877,47.86912],[39.78762,47.86911],[39.78751,47.86916],[39.7874,47.86918],[39.78726,47.86918],[39.78706,47.86915],[39.78685,47.86912],[39.78667,47.86913],[39.78664,47.86916],[39.78659,47.86919],[39.78648,47.86917],[39.78642,47.86919],[39.78633,47.8692],[39.78628,47.86918],[39.78625,47.86921],[39.78619,47.8692],[39.78611,47.86918],[39.78605,47.8692],[39.78602,47.86924],[39.78593,47.86927],[39.78571,47.86932],[39.78553,47.86932],[39.78539,47.86933],[39.78526,47.86932],[39.78515,47.8693],[39.78495,47.86937],[39.78464,47.86947],[39.78458,47.86949],[39.78448,47.86949],[39.78442,47.86946],[39.78438,47.86946],[39.78431,47.86946],[39.78425,47.86951],[39.78423,47.86952],[39.78416,47.86952],[39.78402,47.86949],[39.78385,47.86946],[39.78361,47.86946],[39.78348,47.86949],[39.78322,47.86952],[39.78281,47.86958],[39.78253,47.86956],[39.78215,47.86953],[39.78192,47.86956],[39.78167,47.86961],[39.7814,47.86979],[39.78131,47.86983],[39.78113,47.86986],[39.78084,47.86983],[39.78074,47.86982],[39.78069,47.8698],[39.78058,47.86976],[39.78048,47.8697],[39.78027,47.86962],[39.78018,47.86957],[39.78011,47.86947],[39.77998,47.86942],[39.77988,47.86934],[39.77983,47.86929],[39.77971,47.86928],[39.77955,47.86926],[39.77945,47.86921],[39.77935,47.86924],[39.77912,47.86927],[39.77892,47.86927],[39.77875,47.8693],[39.77848,47.86937],[39.77821,47.86942],[39.77801,47.86946],[39.77786,47.86945],[39.77777,47.86945],[39.77769,47.86948],[39.77762,47.86948],[39.77758,47.86946],[39.77748,47.86939],[39.77728,47.86932],[39.77721,47.86929],[39.7771,47.86926],[39.77673,47.86924],[39.77654,47.86926],[39.77628,47.86932],[39.77614,47.86939],[39.77598,47.8694],[39.77595,47.86945],[39.77583,47.86947],[39.77526,47.86952],[39.77511,47.86955],[39.77503,47.86958],[39.77492,47.86962],[39.77484,47.86964],[39.77483,47.86961],[39.77478,47.86961],[39.77467,47.86962],[39.7746,47.86965],[39.77455,47.86966],[39.77436,47.86976],[39.77423,47.86982],[39.77409,47.86984],[39.77398,47.86983],[39.77391,47.86989],[39.77383,47.86989],[39.77378,47.86996],[39.77374,47.87001],[39.77366,47.87006],[39.77356,47.87006],[39.77347,47.87006],[39.773,47.87002],[39.77265,47.87006],[39.77233,47.87013],[39.77194,47.87019],[39.77179,47.87016],[39.77175,47.87017],[39.77174,47.87021],[39.77174,47.87027],[39.77171,47.87033],[39.77166,47.87036],[39.77161,47.87038],[39.77154,47.87044],[39.77145,47.87051],[39.77138,47.87051],[39.77105,47.87049],[39.77071,47.87047],[39.77062,47.87044],[39.77048,47.87045],[39.7703,47.8705],[39.77009,47.87043],[39.76995,47.87045],[39.76967,47.8706],[39.76959,47.87062],[39.76946,47.87063],[39.76931,47.87061],[39.7692,47.87056],[39.76906,47.87061],[39.7689,47.87068],[39.76859,47.87065],[39.76836,47.87064],[39.76828,47.87065],[39.76817,47.8707],[39.76799,47.87077],[39.76788,47.87081],[39.76781,47.87097],[39.76776,47.871],[39.76769,47.871],[39.76752,47.87099],[39.76718,47.87096],[39.76677,47.8711],[39.76654,47.87109],[39.76625,47.87111],[39.76593,47.87115],[39.76552,47.87124],[39.76507,47.87121],[39.76483,47.87119],[39.76464,47.87112],[39.76433,47.87097],[39.76423,47.87095],[39.76403,47.87095],[39.7638,47.87086],[39.76358,47.87076],[39.76349,47.87074],[39.76355,47.84645],[39.75654,47.84687],[39.75639,47.84665],[39.75538,47.84521],[39.75387,47.84365],[39.7529,47.84268],[39.75196,47.84169],[39.75119,47.84091],[39.75071,47.84046],[39.7501,47.83983],[39.74956,47.83928],[39.74908,47.8388],[39.74867,47.83837],[39.74813,47.83782],[39.7476,47.8373],[39.74684,47.83651],[39.74588,47.83551],[39.74486,47.83447],[39.74431,47.8339],[39.74375,47.83335],[39.74325,47.83279],[39.74292,47.83247],[39.7424,47.8319],[39.74204,47.83154],[39.74155,47.83105],[39.74111,47.83059],[39.74066,47.83012],[39.74009,47.82953],[39.7395,47.82892],[39.73903,47.82841],[39.73868,47.82806],[39.73849,47.82791],[39.73829,47.82779],[39.73816,47.82773],[39.73801,47.82768],[39.7378,47.82763],[39.73762,47.82762],[39.73728,47.82762],[39.73704,47.82767],[39.73655,47.8277],[39.73584,47.82771],[39.73188,47.828],[39.7284,47.82827],[39.72575,47.82844],[39.72534,47.82847],[39.72474,47.82852],[39.72435,47.82852],[39.72396,47.8285],[39.72365,47.82844],[39.72342,47.82838],[39.72329,47.82845],[39.72311,47.8285],[39.72279,47.82854],[39.72136,47.82861],[39.72065,47.82864],[39.71977,47.82868],[39.71896,47.8287],[39.71809,47.82874],[39.71672,47.82887],[39.71514,47.82899],[39.71009,47.82933],[39.70981,47.82935],[39.70918,47.82939],[39.70654,47.82956],[39.70276,47.8298],[39.70123,47.82989],[39.69927,47.83002],[39.69868,47.83006],[39.69834,47.83004],[39.69802,47.83006],[39.69788,47.83009],[39.6963,47.83019],[39.69466,47.83029],[39.69247,47.83043],[39.6909,47.83053],[39.68918,47.83063],[39.68723,47.83076],[39.68637,47.83081],[39.68504,47.83088],[39.68357,47.83098],[39.68183,47.83109],[39.68033,47.83118],[39.67918,47.83125],[39.67742,47.83137],[39.67567,47.83149],[39.67461,47.83155],[39.67386,47.83161],[39.67309,47.83164],[39.67261,47.83169],[39.67208,47.83174],[39.67119,47.83179],[39.6702,47.83184],[39.66899,47.83194],[39.66729,47.83203],[39.66591,47.83213],[39.6653,47.83214],[39.66461,47.83217],[39.66343,47.83224],[39.66209,47.8323],[39.66065,47.83237],[39.6596,47.83241],[39.65895,47.83246],[39.65808,47.8325],[39.65768,47.83251],[39.65668,47.83256],[39.65586,47.8326],[39.65542,47.83259],[39.6551,47.83259],[39.65166,47.83265],[39.65149,47.83325],[39.65137,47.83331],[39.65129,47.83336],[39.65083,47.83355],[39.6502,47.83388],[39.64958,47.83422],[39.64879,47.83459],[39.64791,47.83501],[39.64763,47.83516],[39.64743,47.83526],[39.64729,47.83531],[39.64715,47.83534],[39.64691,47.83532],[39.64664,47.83529],[39.64646,47.83526],[39.63452,47.83849],[39.6344,47.83854],[39.63409,47.83865],[39.63402,47.83867],[39.63393,47.83867],[39.63387,47.83866],[39.63358,47.83865],[39.63348,47.83865],[39.63343,47.83863],[39.63338,47.8386],[39.63332,47.83858],[39.63306,47.83862],[39.63301,47.83861],[39.63294,47.83858],[39.6329,47.83855],[39.63286,47.83856],[39.63281,47.83857],[39.63274,47.8386],[39.63267,47.83862],[39.63262,47.83861],[39.63256,47.83859],[39.63246,47.83856],[39.63236,47.83859],[39.63228,47.83862],[39.63211,47.83865],[39.63204,47.83865],[39.63195,47.83863],[39.63189,47.8386],[39.6318,47.83858],[39.6317,47.83859],[39.63148,47.83864],[39.63136,47.83865],[39.63128,47.83864],[39.63115,47.83861],[39.6309,47.83862],[39.63076,47.83859],[39.63056,47.83854],[39.63035,47.83851],[39.63021,47.83852],[39.63,47.83852],[39.62982,47.83855],[39.62945,47.83869],[39.62939,47.8387],[39.62931,47.8387],[39.62922,47.83868],[39.62914,47.83868],[39.62906,47.83875],[39.62899,47.83878],[39.62893,47.83878],[39.6288,47.83877],[39.6287,47.83876],[39.62859,47.83877],[39.62854,47.83881],[39.62851,47.83885],[39.62849,47.83889],[39.62843,47.83891],[39.62828,47.83893],[39.62821,47.83899],[39.62809,47.83897],[39.62792,47.83898],[39.62776,47.83895],[39.62762,47.83892],[39.62746,47.83893],[39.62731,47.83896],[39.62719,47.83903],[39.62707,47.83906],[39.62698,47.83907],[39.62696,47.83913],[39.62693,47.83915],[39.62685,47.83917],[39.62668,47.83917],[39.62656,47.83918],[39.62651,47.83913],[39.62645,47.83908],[39.6263,47.83908],[39.62622,47.83908],[39.62612,47.83911],[39.62601,47.83909],[39.62569,47.83902],[39.62561,47.83898],[39.6256,47.83895],[39.62563,47.83889],[39.6257,47.83885],[39.62571,47.83884],[39.62588,47.83881],[39.62598,47.83877],[39.62602,47.83872],[39.62601,47.83864],[39.62603,47.8386],[39.62599,47.83854],[39.62595,47.83852],[39.6259,47.8385],[39.62566,47.83845],[39.62531,47.83835],[39.62499,47.83828],[39.62451,47.83819],[39.62433,47.83819],[39.62413,47.83817],[39.62387,47.8382],[39.62371,47.83818],[39.62358,47.83814],[39.62353,47.83805],[39.6235,47.83796],[39.6235,47.8379],[39.62351,47.83783],[39.62353,47.83774],[39.6235,47.83771],[39.62339,47.83766],[39.6233,47.83767],[39.62323,47.83768],[39.62307,47.83759],[39.62291,47.83746],[39.62281,47.83731],[39.62276,47.83716],[39.62269,47.83703],[39.62256,47.8369],[39.62241,47.83677],[39.62236,47.83659],[39.62243,47.83627],[39.62254,47.83598],[39.56555,47.83646],[39.56503,47.83602],[39.56449,47.83579],[39.56406,47.83545],[39.56392,47.83513],[39.56364,47.83492],[39.56271,47.83459],[39.56236,47.83391],[39.5619,47.83358],[39.56117,47.83324],[39.56061,47.83303],[39.56046,47.8328],[39.55998,47.8327],[39.55782,47.8319],[39.55741,47.83167],[39.55717,47.83141],[39.557,47.8313],[39.55694,47.83124],[39.55688,47.83119],[39.55669,47.83119],[39.55629,47.83106],[39.55599,47.83097],[39.55593,47.83092],[39.55587,47.8309],[39.55575,47.83088],[39.55569,47.83082],[39.55571,47.83076],[39.55568,47.83071],[39.55559,47.83073],[39.5555,47.83073],[39.55545,47.83073],[39.55521,47.83071],[39.55491,47.83067],[39.55482,47.83065],[39.55474,47.83062],[39.55467,47.83065],[39.55453,47.83062],[39.55437,47.83054],[39.5542,47.83043],[39.55406,47.83039],[39.55398,47.83028],[39.55365,47.82996],[39.55348,47.82989],[39.55335,47.8298],[39.55305,47.82974],[39.55285,47.82967],[39.55261,47.82962],[39.55238,47.82956],[39.5522,47.82947],[39.55204,47.82936],[39.55186,47.82926],[39.55168,47.82917],[39.55149,47.82901],[39.55124,47.82888],[39.55106,47.82882],[39.55083,47.82876],[39.55051,47.82877],[39.55017,47.82877],[39.54969,47.82872],[39.54933,47.82866],[39.54906,47.8286],[39.54879,47.82848],[39.5487,47.8284],[39.54865,47.82835],[39.54858,47.82826],[39.54849,47.82821],[39.54835,47.82817],[39.54823,47.82817],[39.54795,47.82809],[39.54759,47.82799],[39.54727,47.82795],[39.54684,47.8279],[39.54672,47.82787],[39.54658,47.82779],[39.54641,47.82761],[39.54627,47.8274],[39.54601,47.82705],[39.54589,47.82691],[39.54572,47.82678],[39.54553,47.82669],[39.54529,47.82661],[39.54487,47.82652],[39.54466,47.82649],[39.54452,47.82643],[39.54437,47.82629],[39.54424,47.82607],[39.54407,47.8258],[39.5438,47.82561],[39.54349,47.82546],[39.54318,47.82538],[39.5428,47.82526],[39.54242,47.82507],[39.54228,47.82494],[39.54076,47.82629],[39.54062,47.82645],[39.54039,47.82667],[39.5399,47.82715],[39.53941,47.82765],[39.53892,47.82815],[39.53825,47.82885],[39.53758,47.82954],[39.53714,47.82999],[39.53651,47.83065],[39.53612,47.83106],[39.53555,47.83165],[39.53492,47.8323],[39.53478,47.83241],[39.53456,47.83256],[39.52048,47.82549],[39.52022,47.82569],[39.51948,47.82631],[39.51846,47.82716],[39.51717,47.82825],[39.51609,47.82917],[39.51477,47.83025],[39.51412,47.8308],[39.51276,47.83194],[39.51152,47.83298],[39.51061,47.83373],[39.50939,47.83472],[39.50796,47.83594],[39.50607,47.83748],[39.50451,47.83874],[39.50279,47.84016],[39.50109,47.84152],[39.50079,47.84176],[39.49819,47.84379],[39.49811,47.84397],[39.49777,47.84419],[39.49564,47.84586],[39.49255,47.84836],[39.49183,47.84894],[39.4911,47.84951],[39.49039,47.85005],[39.4899,47.85042],[39.48959,47.85071],[39.48888,47.85127],[39.4883,47.85174],[39.4876,47.85232],[39.48701,47.85279],[39.48604,47.85357],[39.48497,47.85443],[39.48405,47.85518],[39.48287,47.8562],[39.48135,47.85746],[39.47988,47.85867],[39.47875,47.8596],[39.47869,47.85962],[39.47855,47.85972],[39.47851,47.85975],[39.47842,47.85984],[39.47836,47.85988],[39.47813,47.8602],[39.4778,47.86024],[39.47739,47.86026],[39.47733,47.86022],[39.47716,47.86022],[39.477,47.86023],[39.47692,47.86022],[39.47682,47.86022],[39.4766,47.86021],[39.47643,47.86019],[39.47639,47.86016],[39.47636,47.86012],[39.47627,47.86006],[39.4762,47.86003],[39.47613,47.86002],[39.47602,47.86002],[39.4759,47.85999],[39.47579,47.85994],[39.47567,47.85989],[39.47552,47.85981],[39.47548,47.85983],[39.47544,47.85982],[39.47542,47.85979],[39.47535,47.85977],[39.47522,47.85977],[39.47505,47.85977],[39.47498,47.85976],[39.47489,47.85972],[39.47476,47.85964],[39.47469,47.85963],[39.47462,47.8596],[39.47457,47.85961],[39.47452,47.85963],[39.47443,47.85963],[39.47421,47.85961],[39.47415,47.85962],[39.47413,47.85963],[39.47408,47.85965],[39.47404,47.85964],[39.474,47.85963],[39.47396,47.85961],[39.47393,47.85958],[39.47388,47.85958],[39.47384,47.85959],[39.47381,47.8596],[39.47375,47.85959],[39.47369,47.85957],[39.47363,47.85954],[39.47358,47.85949],[39.4735,47.85946],[39.47336,47.85944],[39.47326,47.85938],[39.47315,47.85933],[39.47308,47.85928],[39.47303,47.85926],[39.47297,47.85926],[39.4729,47.85928],[39.47283,47.85928],[39.47273,47.85926],[39.4727,47.85925],[39.47264,47.85925],[39.47255,47.85921],[39.47247,47.85915],[39.4724,47.85912],[39.47229,47.85908],[39.4722,47.85906],[39.47215,47.85907],[39.47212,47.85908],[39.47209,47.85911],[39.47206,47.8591],[39.47203,47.85908],[39.47201,47.85906],[39.47196,47.85902],[39.4719,47.85899],[39.47185,47.85897],[39.47181,47.85896],[39.47176,47.85899],[39.47177,47.859],[39.47178,47.85902],[39.47178,47.85904],[39.47175,47.85906],[39.47174,47.85907],[39.47168,47.85909],[39.47161,47.8591],[39.47154,47.8591],[39.47152,47.8591],[39.47148,47.85912],[39.47143,47.85915],[39.47128,47.85914],[39.47116,47.85914],[39.4711,47.85917],[39.47103,47.85919],[39.47099,47.85919],[39.47093,47.85914],[39.47085,47.85914],[39.47078,47.85915],[39.47072,47.85918],[39.47066,47.85917],[39.47057,47.85916],[39.47045,47.85915],[39.47032,47.85918],[39.47023,47.85922],[39.47019,47.85926],[39.47016,47.85928],[39.4701,47.85932],[39.47007,47.85933],[39.47001,47.85934],[39.46995,47.85934],[39.46992,47.85933],[39.46986,47.85933],[39.46982,47.85935],[39.46974,47.85938],[39.46968,47.85941],[39.4696,47.85942],[39.46955,47.85942],[39.46951,47.8594],[39.46947,47.85939],[39.4694,47.85939],[39.46933,47.85941],[39.46927,47.85945],[39.46916,47.85948],[39.4689,47.8595],[39.4688,47.85952],[39.46877,47.85955],[39.46875,47.85957],[39.46875,47.85959],[39.46874,47.85962],[39.46871,47.85964],[39.46868,47.85965],[39.46864,47.85967],[39.46859,47.8597],[39.46852,47.85972],[39.46841,47.85971],[39.46834,47.85969],[39.46821,47.85968],[39.46807,47.85967],[39.46797,47.85967],[39.46791,47.85969],[39.46786,47.8597],[39.4678,47.85969],[39.46773,47.85967],[39.46767,47.85967],[39.46759,47.85966],[39.46754,47.85967],[39.46753,47.85968],[39.46755,47.8597],[39.46753,47.85972],[39.46748,47.85971],[39.46742,47.85969],[39.46731,47.85967],[39.46724,47.85964],[39.46718,47.85965],[39.46711,47.85965],[39.46705,47.85964],[39.467,47.85962],[39.46693,47.85961],[39.46686,47.85961],[39.46679,47.85962],[39.46668,47.85962],[39.46662,47.85962],[39.46659,47.85964],[39.46658,47.85966],[39.46652,47.8597],[39.4665,47.85973],[39.4665,47.85975],[39.46651,47.85981],[39.46648,47.85983],[39.46645,47.85984],[39.4664,47.85987],[39.46637,47.85989],[39.46635,47.85989],[39.46629,47.85986],[39.46624,47.85984],[39.46621,47.8598],[39.46618,47.85979],[39.46613,47.85982],[39.46604,47.85983],[39.46598,47.85983],[39.4659,47.8598],[39.46582,47.85976],[39.46573,47.85971],[39.46568,47.85968],[39.46562,47.85968],[39.46556,47.85971],[39.46544,47.85967],[39.46531,47.85963],[39.46525,47.85962],[39.46516,47.85961],[39.4651,47.85958],[39.46508,47.85959],[39.46501,47.85961],[39.46487,47.85961],[39.46481,47.8596],[39.46475,47.85959],[39.46469,47.85959],[39.46458,47.85958],[39.46455,47.85957],[39.46454,47.85953],[39.46453,47.8595],[39.4645,47.85948],[39.46443,47.85945],[39.46434,47.85943],[39.46429,47.8594],[39.46428,47.85936],[39.46427,47.85933],[39.46424,47.85932],[39.4642,47.85932],[39.46416,47.85932],[39.46415,47.8593],[39.4641,47.85919],[39.46409,47.85914],[39.4641,47.85911],[39.46411,47.85907],[39.46409,47.85905],[39.46401,47.85901],[39.46396,47.85899],[39.46389,47.85899],[39.46384,47.85898],[39.46375,47.85896],[39.46371,47.85896],[39.46368,47.85895],[39.46365,47.85892],[39.46361,47.85891],[39.46356,47.85892],[39.4635,47.85892],[39.46342,47.85892],[39.46329,47.85894],[39.46323,47.85895],[39.46314,47.85894],[39.46297,47.85891],[39.46292,47.85893],[39.46287,47.85893],[39.46278,47.8589],[39.46271,47.85887],[39.46265,47.85886],[39.46263,47.85887],[39.4626,47.85887],[39.46252,47.85885],[39.46244,47.85882],[39.46237,47.85883],[39.4623,47.85879],[39.46223,47.8588],[39.46217,47.85879],[39.46213,47.85878],[39.4621,47.85875],[39.4621,47.85871],[39.46212,47.85869],[39.46209,47.85864],[39.46207,47.85859],[39.46207,47.85853],[39.46206,47.85849],[39.462,47.85845],[39.46196,47.85843],[39.46196,47.85839],[39.46194,47.85835],[39.46189,47.85831],[39.46183,47.85831],[39.46179,47.85829],[39.46176,47.85828],[39.4617,47.85822],[39.46165,47.85818],[39.46161,47.85819],[39.46159,47.85816],[39.46159,47.85814],[39.4616,47.8581],[39.46158,47.85807],[39.46155,47.85804],[39.46148,47.858],[39.46142,47.85797],[39.46139,47.85793],[39.46136,47.85789],[39.46138,47.85787],[39.46138,47.85785],[39.46136,47.85781],[39.46133,47.85777],[39.4613,47.8577],[39.46131,47.85768],[39.46131,47.85765],[39.4613,47.85762],[39.46128,47.85759],[39.46123,47.85757],[39.46121,47.85755],[39.4612,47.85753],[39.46117,47.85751],[39.4611,47.85752],[39.46104,47.85753],[39.46096,47.85753],[39.46087,47.85748],[39.46078,47.85748],[39.46077,47.85745],[39.46073,47.85745],[39.46068,47.85746],[39.46063,47.85747],[39.46061,47.85748],[39.46056,47.85748],[39.46052,47.85746],[39.46051,47.85742],[39.4605,47.85737],[39.46049,47.85732],[39.46049,47.85727],[39.46047,47.85722],[39.46044,47.85719],[39.46036,47.85718],[39.46028,47.85716],[39.46019,47.85713],[39.46007,47.85713],[39.45998,47.85711],[39.45991,47.85711],[39.45984,47.85709],[39.45975,47.85703],[39.45969,47.857],[39.45966,47.85698],[39.45961,47.85691],[39.45958,47.85686],[39.45958,47.85681],[39.45959,47.85676],[39.4596,47.85672],[39.45961,47.85664],[39.4596,47.85659],[39.4596,47.85653],[39.45963,47.85646],[39.45967,47.85637],[39.45963,47.8563],[39.4596,47.85625],[39.45955,47.8562],[39.45948,47.85613],[39.45941,47.85609],[39.45933,47.85602],[39.45932,47.85597],[39.45926,47.85589],[39.45912,47.85578],[39.45906,47.85572],[39.45903,47.85565],[39.45897,47.85559],[39.45886,47.85556],[39.45868,47.8555],[39.45848,47.85543],[39.45818,47.85535],[39.45798,47.85534],[39.45789,47.85537],[39.45776,47.85542],[39.45761,47.85542],[39.45745,47.8554],[39.4573,47.85536],[39.4572,47.85532],[39.45707,47.85527],[39.45689,47.85524],[39.45672,47.85522],[39.45657,47.85518],[39.45641,47.85519],[39.45628,47.85521],[39.45615,47.85522],[39.456,47.85519],[39.4557,47.85518],[39.4556,47.85519],[39.4555,47.85524],[39.45538,47.85526],[39.45532,47.85529],[39.45531,47.85531],[39.45529,47.85533],[39.45523,47.85532],[39.45513,47.85534],[39.45508,47.85535],[39.45499,47.85534],[39.45492,47.85532],[39.45476,47.85531],[39.45468,47.8553],[39.45457,47.85532],[39.4545,47.85531],[39.45439,47.85529],[39.45433,47.8553],[39.45427,47.85531],[39.45417,47.85529],[39.4541,47.85528],[39.45406,47.85527],[39.45402,47.85525],[39.45395,47.85522],[39.45389,47.85522],[39.45382,47.8552],[39.45375,47.85518],[39.45371,47.85517],[39.45366,47.85513],[39.45361,47.85511],[39.45358,47.85508],[39.45349,47.85501],[39.45343,47.85499],[39.4534,47.85497],[39.45338,47.85493],[39.45338,47.85491],[39.45336,47.85487],[39.4533,47.85482],[39.45324,47.85478],[39.45318,47.85476],[39.45307,47.8547],[39.45305,47.85468],[39.45299,47.85463],[39.45294,47.85459],[39.45287,47.85452],[39.45279,47.85448],[39.45271,47.85446],[39.45266,47.85445],[39.45261,47.85443],[39.45252,47.85439],[39.45247,47.85438],[39.45243,47.85439],[39.4524,47.8544],[39.45237,47.85439],[39.45236,47.85436],[39.45235,47.85432],[39.45234,47.85429],[39.45229,47.85427],[39.45224,47.85427],[39.45218,47.85426],[39.45213,47.85423],[39.45211,47.8542],[39.45204,47.85414],[39.45197,47.85413],[39.45192,47.85412],[39.45189,47.85409],[39.45184,47.85406],[39.45181,47.85402],[39.45177,47.85399],[39.45174,47.85397],[39.4517,47.85396],[39.45167,47.85394],[39.45159,47.85393],[39.45151,47.85393],[39.45148,47.85394],[39.45145,47.85393],[39.45144,47.85391],[39.45139,47.85389],[39.45131,47.85388],[39.45127,47.85383],[39.45126,47.85381],[39.45122,47.85378],[39.45119,47.85376],[39.45118,47.85374],[39.45115,47.85368],[39.45114,47.85366],[39.45108,47.85363],[39.45106,47.85355],[39.45102,47.85353],[39.45099,47.8535],[39.45097,47.85343],[39.4509,47.85341],[39.45085,47.85338],[39.4508,47.85333],[39.45071,47.85324],[39.4507,47.85321],[39.45069,47.85316],[39.45068,47.85311],[39.45063,47.85306],[39.45057,47.85302],[39.45052,47.85299],[39.45047,47.85297],[39.45043,47.85296],[39.45039,47.85295],[39.4503,47.85296],[39.45027,47.85294],[39.45021,47.85293],[39.45017,47.85294],[39.45014,47.85295],[39.45012,47.85296],[39.45009,47.85294],[39.45006,47.85292],[39.44999,47.85288],[39.44994,47.85285],[39.44989,47.85284],[39.44985,47.85283],[39.4498,47.85283],[39.44977,47.85281],[39.44975,47.85277],[39.44973,47.85274],[39.44971,47.85269],[39.44969,47.85263],[39.44971,47.85261],[39.44976,47.85261],[39.44978,47.8526],[39.4498,47.85259],[39.44985,47.85257],[39.44988,47.85255],[39.44989,47.85252],[39.44988,47.85249],[39.44987,47.85247],[39.44981,47.85245],[39.44975,47.85244],[39.44968,47.85245],[39.44966,47.85244],[39.44962,47.85244],[39.44959,47.85242],[39.44951,47.85241],[39.44943,47.85239],[39.44935,47.85237],[39.44929,47.85235],[39.44922,47.85228],[39.44918,47.85227],[39.44915,47.85228],[39.44908,47.85229],[39.44904,47.85227],[39.44898,47.85224],[39.44891,47.85224],[39.44888,47.85223],[39.44883,47.85223],[39.44879,47.85223],[39.44876,47.85223],[39.44873,47.85219],[39.44876,47.85217],[39.44877,47.85216],[39.44877,47.85213],[39.44876,47.85213],[39.44873,47.85211],[39.4487,47.8521],[39.44865,47.8521],[39.44859,47.8521],[39.44854,47.8521],[39.44853,47.85209],[39.4485,47.85206],[39.44848,47.85202],[39.44845,47.85199],[39.44842,47.85196],[39.44837,47.85195],[39.44828,47.85194],[39.44822,47.85194],[39.44815,47.85198],[39.44811,47.85201],[39.44812,47.85204],[39.44808,47.85209],[39.44801,47.85213],[39.44796,47.85216],[39.44788,47.85218],[39.44782,47.85219],[39.44774,47.85219],[39.44764,47.8522],[39.44754,47.85222],[39.44739,47.85224],[39.44729,47.85226],[39.44725,47.85227],[39.44717,47.85227],[39.44711,47.85228],[39.44705,47.85229],[39.44702,47.85232],[39.44696,47.85234],[39.4469,47.85237],[39.44683,47.8524],[39.44677,47.85245],[39.4467,47.85249],[39.44665,47.8525],[39.4466,47.85249],[39.44655,47.85248],[39.44651,47.85247],[39.44647,47.85248],[39.44641,47.85248],[39.44636,47.85246],[39.44628,47.85243],[39.44618,47.85243],[39.44609,47.85243],[39.44602,47.85242],[39.44594,47.85241],[39.44588,47.85238],[39.44581,47.85238],[39.44572,47.85239],[39.44568,47.8524],[39.44563,47.85242],[39.4456,47.85248],[39.44555,47.85253],[39.44551,47.85259],[39.44546,47.85262],[39.44541,47.85265],[39.44538,47.85268],[39.44536,47.85271],[39.44539,47.85274],[39.44553,47.85284],[39.44566,47.85292],[39.44575,47.85296],[39.44583,47.853],[39.44589,47.85304],[39.44599,47.85307],[39.44607,47.85312],[39.44612,47.85315],[39.44623,47.85332],[39.44626,47.8534],[39.44628,47.85348],[39.44631,47.85355],[39.44638,47.85359],[39.44645,47.85363],[39.44657,47.85367],[39.44659,47.85371],[39.44666,47.85378],[39.44669,47.85383],[39.44669,47.85387],[39.44669,47.85403],[39.44666,47.85407],[39.4467,47.85416],[39.44668,47.85422],[39.44666,47.85427],[39.44672,47.85437],[39.44673,47.85441],[39.44672,47.85445],[39.4467,47.85449],[39.44666,47.85453],[39.44664,47.85457],[39.44665,47.85461],[39.44667,47.85466],[39.44668,47.8547],[39.44663,47.85475],[39.44652,47.85484],[39.4464,47.85496],[39.44637,47.85503],[39.44637,47.85508],[39.44634,47.85514],[39.44629,47.85517],[39.44627,47.85521],[39.44625,47.85524],[39.44618,47.85529],[39.4461,47.85531],[39.44602,47.85535],[39.44596,47.85538],[39.44588,47.85545],[39.44586,47.85549],[39.44586,47.85554],[39.44584,47.8556],[39.44581,47.85568],[39.44577,47.85578],[39.44573,47.85584],[39.44566,47.85588],[39.44554,47.85589],[39.44542,47.8559],[39.44532,47.85588],[39.44523,47.85585],[39.44509,47.85579],[39.44503,47.85576],[39.44491,47.85572],[39.44474,47.85571],[39.44458,47.85569],[39.44437,47.85572],[39.44416,47.85576],[39.44405,47.85577],[39.44394,47.85577],[39.44385,47.85579],[39.44378,47.85582],[39.44369,47.85584],[39.44355,47.85582],[39.44344,47.85584],[39.44326,47.8558],[39.44308,47.85582],[39.443,47.85579],[39.44291,47.85574],[39.44278,47.85565],[39.44271,47.85556],[39.44267,47.85552],[39.4426,47.85542],[39.44256,47.85537],[39.44249,47.85529],[39.4424,47.85522],[39.44233,47.8552],[39.44213,47.85514],[39.44203,47.85509],[39.44191,47.85507],[39.4418,47.85504],[39.44173,47.85502],[39.44165,47.85499],[39.44155,47.85498],[39.4415,47.85499],[39.43287,47.84445],[39.43858,47.83992],[39.43849,47.83987],[39.43839,47.83984],[39.43821,47.83981],[39.43816,47.83979],[39.43809,47.83973],[39.43799,47.8397],[39.43785,47.83965],[39.43778,47.83962],[39.43773,47.83959],[39.43771,47.83955],[39.43774,47.83944],[39.43773,47.8394],[39.43767,47.83938],[39.43762,47.83935],[39.43757,47.83932],[39.43754,47.83927],[39.43752,47.83923],[39.43751,47.83919],[39.43748,47.83915],[39.43741,47.83914],[39.4374,47.83911],[39.43739,47.83908],[39.4374,47.83906],[39.43733,47.83905],[39.43731,47.83907],[39.43727,47.83909],[39.43722,47.83912],[39.4371,47.83912],[39.43704,47.83911],[39.437,47.83912],[39.43696,47.83914],[39.43703,47.83918],[39.43701,47.83924],[39.43692,47.83926],[39.43682,47.83924],[39.43677,47.83927],[39.43669,47.83926],[39.43663,47.83922],[39.43658,47.83924],[39.43652,47.83923],[39.43649,47.83922],[39.43644,47.83922],[39.43632,47.83913],[39.43626,47.83912],[39.43621,47.8391],[39.43611,47.83905],[39.43601,47.83904],[39.43586,47.839],[39.43579,47.83897],[39.43565,47.8389],[39.4355,47.83882],[39.43537,47.83872],[39.43527,47.83873],[39.4352,47.83872],[39.43507,47.83868],[39.43494,47.83864],[39.43476,47.83871],[39.43474,47.83873],[39.43469,47.83875],[39.4346,47.83874],[39.43456,47.83872],[39.4345,47.83873],[39.43441,47.83874],[39.43432,47.8387],[39.43426,47.83871],[39.43416,47.83872],[39.43411,47.8387],[39.43402,47.83869],[39.43396,47.8387],[39.43391,47.8387],[39.43385,47.83869],[39.43379,47.83873],[39.43374,47.83874],[39.43367,47.83876],[39.43357,47.83876],[39.43348,47.83874],[39.43346,47.83872],[39.43344,47.83869],[39.43346,47.83867],[39.43342,47.83862],[39.43338,47.83859],[39.43337,47.83857],[39.43335,47.83854],[39.43331,47.8385],[39.43326,47.83846],[39.43321,47.83843],[39.43317,47.8384],[39.43316,47.83838],[39.43315,47.83834],[39.43312,47.83827],[39.43314,47.83823],[39.43318,47.83821],[39.43323,47.83819],[39.43327,47.83817],[39.43324,47.83815],[39.43319,47.83814],[39.4331,47.83813],[39.43299,47.83812],[39.43291,47.83812],[39.43282,47.83814],[39.43269,47.83817],[39.43259,47.83821],[39.43254,47.8382],[39.43247,47.83818],[39.43238,47.83816],[39.43231,47.83809],[39.43223,47.83805],[39.43219,47.83802],[39.43217,47.83802],[39.43212,47.83799],[39.432,47.8379],[39.43191,47.83782],[39.43184,47.83779],[39.43174,47.83777],[39.4317,47.83775],[39.43167,47.83773],[39.43163,47.83769],[39.43156,47.83762],[39.4315,47.83758],[39.43112,47.83741],[39.43043,47.83729],[39.42945,47.8372],[39.4284,47.83714],[39.42708,47.83713],[39.42605,47.83697],[39.42505,47.83631],[39.42406,47.83533],[39.4233,47.83428],[39.42235,47.83351],[39.42106,47.83287],[39.41979,47.83242],[39.41765,47.8318],[39.4166,47.83158],[39.41545,47.83123],[39.41449,47.83085],[39.41336,47.83036],[39.41247,47.82994],[39.41181,47.83106],[39.38755,47.87126],[39.3874,47.87124],[39.38731,47.87125],[39.38707,47.87127],[39.38643,47.87129],[39.38548,47.87134],[39.38454,47.8714],[39.38329,47.87148],[39.38254,47.87152],[39.3812,47.87159],[39.37878,47.87171],[39.37735,47.87179],[39.3649,47.87232],[39.3634,47.87237],[39.3622,47.87244],[39.36163,47.87246],[39.36082,47.87249],[39.3606,47.87249],[39.36024,47.8725],[39.35989,47.87251],[39.35918,47.87256],[39.35871,47.87258],[39.35813,47.87262],[39.35745,47.87265],[39.35649,47.87269],[39.35582,47.87272],[39.35537,47.87274],[39.35475,47.87271],[39.35438,47.8727],[39.35409,47.87268],[39.35384,47.87266],[39.35285,47.87245],[39.35189,47.87226],[39.35095,47.87206],[39.35009,47.87188],[39.34903,47.87165],[39.34876,47.87161],[39.34869,47.8716],[39.35136,47.86705],[39.24191,47.86743],[39.2418,47.86723],[39.2417,47.86707],[39.24165,47.86701],[39.24159,47.86699],[39.24153,47.86693],[39.24104,47.86672],[39.24035,47.86642],[39.23995,47.86622],[39.23992,47.86616],[39.2398,47.86608],[39.23961,47.86599],[39.23952,47.86593],[39.23938,47.86588],[39.23911,47.86579],[39.23877,47.86566],[39.23868,47.86561],[39.23855,47.86556],[39.23843,47.86549],[39.23832,47.86543],[39.23822,47.86538],[39.23815,47.86533],[39.23811,47.86526],[39.23792,47.86516],[39.23756,47.86504],[39.23738,47.86493],[39.23723,47.86484],[39.23715,47.86485],[39.23698,47.86478],[39.23698,47.86473],[39.23689,47.86467],[39.23659,47.86449],[39.23644,47.86443],[39.2363,47.86437],[39.23618,47.86433],[39.23602,47.86429],[39.23585,47.86421],[39.2358,47.86415],[39.23579,47.86409],[39.23578,47.864],[39.23579,47.8639],[39.23578,47.86385],[39.2357,47.86384],[39.23562,47.86382],[39.23553,47.86379],[39.23548,47.86377],[39.23542,47.86376],[39.2355,47.86369],[39.23551,47.86366],[39.23554,47.86361],[39.23555,47.86355],[39.23557,47.86347],[39.23558,47.86335],[39.23562,47.86326],[39.23573,47.86326],[39.23584,47.86324],[39.23592,47.86321],[39.23598,47.86315],[39.23608,47.8631],[39.23621,47.8631],[39.23632,47.86309],[39.23643,47.86308],[39.23659,47.86304],[39.23668,47.86298],[39.23671,47.86293],[39.23676,47.86291],[39.23678,47.86287],[39.23678,47.86283],[39.23681,47.86276],[39.23683,47.86271],[39.23687,47.86268],[39.23691,47.86269],[39.23697,47.86269],[39.23703,47.86268],[39.2371,47.86268],[39.23714,47.86265],[39.23717,47.86262],[39.23718,47.86257],[39.23718,47.86254],[39.23718,47.86251],[39.23716,47.86248],[39.23712,47.86244],[39.2371,47.86242],[39.23708,47.8624],[39.23705,47.86236],[39.23704,47.8623],[39.23706,47.86222],[39.23726,47.86205],[39.23731,47.86195],[39.23729,47.86186],[39.23729,47.86179],[39.23732,47.8617],[39.23734,47.86164],[39.23732,47.86159],[39.23726,47.86155],[39.2372,47.86153],[39.23715,47.86148],[39.2371,47.86143],[39.23707,47.86141],[39.23706,47.86137],[39.23706,47.86134],[39.23703,47.86129],[39.237,47.86126],[39.23699,47.86121],[39.23697,47.86118],[39.23697,47.86116],[39.23694,47.86112],[39.23692,47.8611],[39.2369,47.86106],[39.23687,47.86102],[39.23683,47.86097],[39.23679,47.86093],[39.23676,47.86089],[39.23672,47.86088],[39.23664,47.86086],[39.23655,47.86085],[39.23648,47.86085],[39.23641,47.86083],[39.23634,47.86081],[39.2362,47.86076],[39.23604,47.86074],[39.23594,47.86072],[39.23586,47.8607],[39.23575,47.86067],[39.23569,47.86066],[39.23561,47.86065],[39.23551,47.86061],[39.23549,47.86059],[39.23547,47.86056],[39.23547,47.86054],[39.23546,47.86051],[39.2354,47.86049],[39.23515,47.86042],[39.23501,47.86037],[39.23489,47.86031],[39.23477,47.86029],[39.23468,47.86031],[39.23457,47.86034],[39.23454,47.86034],[39.23451,47.86034],[39.23449,47.86032],[39.23448,47.86029],[39.23447,47.86029],[39.23442,47.86029],[39.23438,47.86027],[39.23435,47.86025],[39.23435,47.86016],[39.23432,47.86013],[39.23428,47.86007],[39.23426,47.86],[39.23421,47.85996],[39.23418,47.85996],[39.23414,47.85995],[39.23413,47.85992],[39.23411,47.85988],[39.23411,47.85989],[39.2341,47.85984],[39.23408,47.8598],[39.23407,47.85977],[39.23401,47.85969],[39.23399,47.85967],[39.23397,47.85963],[39.23396,47.8596],[39.23391,47.85955],[39.23388,47.85952],[39.23386,47.85949],[39.23386,47.85945],[39.23387,47.85941],[39.23389,47.85938],[39.2339,47.85935],[39.2339,47.85932],[39.23395,47.8593],[39.23402,47.85926],[39.23402,47.85921],[39.234,47.85916],[39.23402,47.85913],[39.23407,47.85907],[39.23408,47.85903],[39.23406,47.85898],[39.23408,47.85894],[39.23408,47.85888],[39.2341,47.85885],[39.23412,47.85884],[39.23417,47.85876],[39.23416,47.85871],[39.23415,47.85866],[39.23413,47.85861],[39.23402,47.85848],[39.23397,47.85839],[39.2339,47.85825],[39.23388,47.85818],[39.23386,47.85808],[39.23385,47.85804],[39.23384,47.85802],[39.23382,47.858],[39.23373,47.85797],[39.23371,47.85795],[39.23368,47.8579],[39.23367,47.85783],[39.23365,47.85772],[39.23359,47.85761],[39.23356,47.85744],[39.23356,47.85741],[39.23359,47.85741],[39.23363,47.85738],[39.23365,47.85736],[39.23365,47.85733],[39.23367,47.8573],[39.23373,47.85729],[39.23377,47.85729],[39.23381,47.85729],[39.23384,47.85728],[39.23386,47.85726],[39.23387,47.85722],[39.2339,47.85719],[39.23395,47.85717],[39.23398,47.85716],[39.23403,47.85713],[39.23402,47.85711],[39.23407,47.85708],[39.23409,47.85703],[39.23412,47.85697],[39.23417,47.85691],[39.23417,47.85689],[39.2342,47.85688],[39.23424,47.85687],[39.23426,47.85685],[39.23429,47.85681],[39.23431,47.85678],[39.23435,47.85675],[39.23434,47.85672],[39.23434,47.8567],[39.23437,47.85669],[39.23446,47.85667],[39.23452,47.85666],[39.23458,47.85663],[39.2346,47.85659],[39.23471,47.85654],[39.23476,47.85652],[39.23478,47.8565],[39.23479,47.85647],[39.23487,47.85641],[39.23492,47.85636],[39.23492,47.85632],[39.23492,47.85627],[39.23494,47.85622],[39.23496,47.85617],[39.23498,47.85613],[39.23502,47.85611],[39.23505,47.85609],[39.23506,47.85608],[39.23507,47.85606],[39.23508,47.85603],[39.23511,47.85601],[39.23513,47.85598],[39.23518,47.85594],[39.23521,47.85591],[39.23522,47.85586],[39.2352,47.85582],[39.23517,47.85581],[39.23515,47.8558],[39.23514,47.85579],[39.23514,47.85576],[39.23517,47.85574],[39.23519,47.85572],[39.23521,47.8557],[39.23523,47.85567],[39.23534,47.85566],[39.2354,47.85566],[39.23546,47.8556],[39.23546,47.85558],[39.23546,47.85555],[39.23547,47.8555],[39.23549,47.85547],[39.2355,47.85544],[39.23551,47.85543],[39.23561,47.85542],[39.23565,47.85543],[39.23571,47.85544],[39.23577,47.85546],[39.23584,47.85548],[39.23596,47.85546],[39.23603,47.85542],[39.23605,47.85537],[39.23605,47.85532],[39.23599,47.85523],[39.23602,47.85519],[39.23606,47.85514],[39.23612,47.85507],[39.23622,47.85445],[39.23638,47.85433],[39.23638,47.8543],[39.23638,47.85429],[39.23638,47.85428],[39.23638,47.85427],[39.23641,47.85424],[39.23645,47.85422],[39.23653,47.8542],[39.23655,47.85417],[39.23655,47.85415],[39.23656,47.85407],[39.23655,47.85405],[39.23652,47.85403],[39.2365,47.85402],[39.2365,47.85399],[39.23652,47.85393],[39.23651,47.85388],[39.2365,47.85383],[39.23649,47.85377],[39.23642,47.85366],[39.23643,47.85363],[39.23649,47.85361],[39.23652,47.85359],[39.23651,47.85355],[39.18103,47.85379],[39.18091,47.85359],[39.18079,47.85344],[39.18072,47.85336],[39.18059,47.85323],[39.18044,47.85315],[39.18036,47.8531],[39.18012,47.85292],[39.1799,47.85273],[39.17961,47.85249],[39.17953,47.85242],[39.17943,47.85235],[39.17931,47.85231],[39.179,47.85214],[39.1785,47.85176],[39.17841,47.85169],[39.17833,47.85163],[39.17826,47.85158],[39.17807,47.85147],[39.17794,47.85141],[39.1778,47.85128],[39.17768,47.85119],[39.17755,47.85113],[39.17747,47.85111],[39.17739,47.8511],[39.17729,47.85109],[39.17717,47.85109],[39.17704,47.85105],[39.17686,47.85096],[39.17673,47.85088],[39.17654,47.85076],[39.17642,47.85072],[39.17618,47.85066],[39.17602,47.85058],[39.17588,47.85047],[39.17585,47.85037],[39.17588,47.85027],[39.17595,47.85014],[39.17602,47.85007],[39.17603,47.85001],[39.17605,47.84993],[39.17595,47.84978],[39.17571,47.84951],[39.17553,47.84936],[39.17541,47.8493],[39.17528,47.84927],[39.1752,47.84929],[39.17515,47.84928],[39.17508,47.84925],[39.17501,47.84921],[39.17487,47.84907],[39.17481,47.84898],[39.17461,47.84883],[39.17459,47.84877],[39.17452,47.84866],[39.17444,47.84864],[39.17427,47.84857],[39.17387,47.84832],[39.17372,47.84822],[39.17362,47.84812],[39.17329,47.84783],[39.17314,47.84771],[39.17282,47.8475],[39.17269,47.84744],[39.17253,47.84739],[39.1724,47.8473],[39.17232,47.8472],[39.17228,47.8471],[39.17227,47.84697],[39.17227,47.84685],[39.17222,47.84676],[39.17217,47.84665],[39.17215,47.84656],[39.17209,47.84647],[39.172,47.84643],[39.1719,47.8464],[39.17176,47.84634],[39.17174,47.84643],[39.17172,47.84648],[39.17168,47.8465],[39.17162,47.84652],[39.17154,47.84651],[39.17143,47.8465],[39.17139,47.84649],[39.17129,47.8465],[39.17121,47.8465],[39.17106,47.8465],[39.17099,47.84654],[39.17096,47.84659],[39.17096,47.84664],[39.17097,47.84669],[39.17095,47.84673],[39.1709,47.84675],[39.17083,47.84677],[39.17071,47.84681],[39.17051,47.84675],[39.17039,47.84668],[39.17031,47.84665],[39.17019,47.84663],[39.17005,47.84658],[39.16993,47.84656],[39.16982,47.84653],[39.16973,47.84655],[39.16973,47.84656],[39.16972,47.84659],[39.16969,47.8466],[39.16961,47.84662],[39.16945,47.84665],[39.1694,47.8467],[39.16937,47.84677],[39.16936,47.84681],[39.16934,47.84686],[39.16934,47.84692],[39.16927,47.84699],[39.16919,47.84703],[39.16918,47.84707],[39.16913,47.84708],[39.16908,47.84709],[39.16906,47.84711],[39.16905,47.84715],[39.16902,47.84718],[39.16898,47.84719],[39.16889,47.84718],[39.16882,47.84716],[39.1688,47.84717],[39.16872,47.8472],[39.16867,47.8472],[39.16861,47.84719],[39.16857,47.8472],[39.16854,47.84727],[39.16849,47.84733],[39.16842,47.84737],[39.16833,47.84741],[39.16819,47.84751],[39.16814,47.84763],[39.16809,47.84767],[39.16808,47.84771],[39.1681,47.84774],[39.16811,47.84778],[39.1681,47.84784],[39.16806,47.84792],[39.16802,47.848],[39.16796,47.84802],[39.16794,47.84807],[39.1679,47.84813],[39.16783,47.84817],[39.16778,47.8482],[39.16772,47.84822],[39.16767,47.84825],[39.16762,47.84825],[39.16757,47.84826],[39.16751,47.8483],[39.16745,47.84831],[39.1673,47.84833],[39.16721,47.84838],[39.16689,47.84859],[39.16679,47.84864],[39.16672,47.84868],[39.16667,47.84874],[39.16664,47.84877],[39.16665,47.84879],[39.16665,47.84881],[39.16659,47.84885],[39.16652,47.84888],[39.16647,47.84893],[39.16641,47.84899],[39.16637,47.84905],[39.16632,47.84907],[39.16628,47.84912],[39.16627,47.84921],[39.16633,47.84931],[39.16633,47.84939],[39.16628,47.8495],[39.16617,47.84969],[39.16614,47.84972],[39.16609,47.84973],[39.16596,47.84975],[39.16585,47.84979],[39.16576,47.84985],[39.16568,47.84987],[39.16559,47.84991],[39.16554,47.84994],[39.16551,47.84995],[39.16548,47.85001],[39.16546,47.85006],[39.16541,47.8501],[39.16529,47.85018],[39.16523,47.85022],[39.16516,47.85025],[39.16508,47.85025],[39.16494,47.85024],[39.16478,47.85026],[39.16469,47.85027],[39.16459,47.85029],[39.16447,47.85032],[39.16434,47.85033],[39.16422,47.85034],[39.16412,47.85036],[39.16408,47.85039],[39.16406,47.85044],[39.16403,47.85049],[39.16399,47.85052],[39.1639,47.85054],[39.16383,47.85055],[39.16374,47.85058],[39.16364,47.85059],[39.16362,47.85064],[39.16358,47.8507],[39.16354,47.85073],[39.16351,47.85075],[39.16345,47.85075],[39.16341,47.85078],[39.16335,47.85081],[39.16332,47.85081],[39.16331,47.85083],[39.16327,47.85086],[39.16323,47.8509],[39.16312,47.85094],[39.16308,47.85097],[39.16303,47.85101],[39.163,47.85104],[39.16296,47.85107],[39.16289,47.85109],[39.16285,47.85112],[39.16268,47.85125],[39.1626,47.85131],[39.16253,47.85136],[39.16248,47.85142],[39.16242,47.85147],[39.16239,47.85149],[39.16234,47.8515],[39.16231,47.8515],[39.16228,47.85159],[39.16231,47.85165],[39.16234,47.8517],[39.16236,47.85175],[39.16239,47.85181],[39.16237,47.85187],[39.16235,47.85192],[39.16233,47.85199],[39.16231,47.85203],[39.16232,47.85205],[39.16238,47.85217],[39.1624,47.85228],[39.16241,47.85234],[39.16243,47.85239],[39.16247,47.85244],[39.16249,47.85245],[39.1625,47.85249],[39.16249,47.85252],[39.16249,47.85253],[39.16246,47.85255],[39.14954,47.85119],[39.14965,47.84198],[39.13953,47.84251],[39.13941,47.84252],[39.13909,47.8425],[39.13892,47.84247],[39.13849,47.84248],[39.13802,47.84249],[39.13724,47.84249],[39.1366,47.84247],[39.13613,47.84244],[39.13565,47.84244],[39.13502,47.84245],[39.13475,47.84246],[39.13409,47.84245],[39.13348,47.84246],[39.13324,47.84245],[39.133,47.84246],[39.13257,47.84251],[39.13184,47.8425],[39.13096,47.84248],[39.13043,47.84248],[39.13011,47.8425],[39.12957,47.84251],[39.12895,47.84251],[39.12845,47.8425],[39.12816,47.84252],[39.12713,47.84252],[39.12644,47.84251],[39.12631,47.84251],[39.12615,47.84249],[39.12585,47.84248],[39.12537,47.84252],[39.12521,47.84253],[39.12506,47.84259],[39.12495,47.84265],[39.12477,47.8427],[39.1236,47.84271],[39.12208,47.84269],[39.12169,47.84268],[39.12148,47.84266],[39.12121,47.84258],[39.1209,47.84251],[39.1206,47.84248],[39.12044,47.84247],[39.11902,47.84248],[39.11787,47.84247],[39.1166,47.84247],[39.11551,47.84248],[39.11437,47.84246],[39.11368,47.84247],[39.11291,47.84249],[39.11243,47.84249],[39.11202,47.84248],[39.11159,47.84249],[39.11096,47.8425],[39.11056,47.84247],[39.11003,47.84246],[39.10977,47.84248],[39.1098,47.843],[39.10979,47.84313],[39.10977,47.84337],[39.10976,47.84364],[39.10977,47.84402],[39.10977,47.8445],[39.10977,47.84479],[39.10977,47.84506],[39.10976,47.84538],[39.10977,47.84569],[39.10979,47.84613],[39.10979,47.84644],[39.10981,47.84657],[39.10984,47.8467],[39.10986,47.84679],[39.10986,47.84686],[39.10987,47.84705],[39.10987,47.84725],[39.10986,47.84754],[39.10984,47.84766],[39.1098,47.84792],[39.10979,47.84827],[39.10978,47.84865],[39.10979,47.84908],[39.10979,47.84936],[39.10978,47.84977],[39.10978,47.85031],[39.10978,47.85088],[39.10978,47.85121],[39.10978,47.85152],[39.10977,47.85158],[39.10973,47.85171],[39.0976,47.8516],[39.09687,47.85161],[39.09672,47.85163],[39.09639,47.85166],[39.09448,47.85169],[39.0914,47.85172],[39.09119,47.8517],[39.08292,47.85165],[39.08297,47.85193],[39.08298,47.85214],[39.083,47.85283],[39.08301,47.85341],[39.08303,47.85414],[39.08304,47.85469],[39.08307,47.85616],[39.0831,47.85644],[39.08307,47.8567],[39.0831,47.85708],[39.08311,47.85745],[39.08313,47.85804],[39.08313,47.85857],[39.08308,47.86156],[39.08306,47.86262],[39.08302,47.86335],[39.08302,47.86366],[39.08304,47.86405],[39.08306,47.86465],[39.08307,47.86602],[39.08309,47.86736],[39.08311,47.86888],[39.08306,47.86957],[39.08309,47.8697],[39.0744,47.86968],[39.03612,47.86959],[38.95561,47.8694],[38.9548,47.8694],[38.95455,47.86943],[38.9544,47.86943],[38.95417,47.86944],[38.95398,47.86946],[38.95382,47.86948],[38.95364,47.86949],[38.95346,47.86948],[38.95323,47.8695],[38.95314,47.86953],[38.95316,47.86959],[38.95315,47.86963],[38.9531,47.8697],[38.95298,47.86973],[38.95286,47.86973],[38.95275,47.86975],[38.95262,47.86978],[38.95259,47.86981],[38.9526,47.86987],[38.95261,47.86992],[38.9525,47.86999],[38.95235,47.87003],[38.95221,47.87005],[38.95206,47.87009],[38.95193,47.87018],[38.95175,47.8702],[38.95165,47.87019],[38.95153,47.87019],[38.95142,47.87021],[38.95139,47.87024],[38.95139,47.87028],[38.95135,47.87033],[38.95125,47.87036],[38.95113,47.87036],[38.95103,47.87036],[38.95093,47.87039],[38.95073,47.87045],[38.95061,47.87046],[38.9504,47.87048],[38.95036,47.87049],[38.95024,47.87056],[38.95012,47.87069],[38.94998,47.87079],[38.94987,47.87086],[38.94971,47.87093],[38.94955,47.87097],[38.94929,47.87101],[38.94914,47.87106],[38.94909,47.8711],[38.94901,47.87118],[38.94896,47.87125],[38.94887,47.8713],[38.94873,47.87133],[38.94863,47.8713],[38.94851,47.87128],[38.94833,47.87125],[38.94824,47.87126],[38.94814,47.8713],[38.94807,47.87135],[38.94805,47.8714],[38.94809,47.87146],[38.94811,47.87151],[38.94808,47.87158],[38.94801,47.87164],[38.94784,47.87168],[38.94772,47.87169],[38.94761,47.87168],[38.94747,47.87161],[38.94737,47.87155],[38.94723,47.87151],[38.94711,47.87153],[38.94699,47.87158],[38.94685,47.87161],[38.94677,47.87164],[38.94665,47.8717],[38.94653,47.87176],[38.94635,47.87182],[38.94622,47.87185],[38.94603,47.8719],[38.94582,47.87194],[38.94565,47.87198],[38.94534,47.87204],[38.94511,47.87209],[38.945,47.87213],[38.94487,47.8722],[38.94476,47.87227],[38.94463,47.87234],[38.9446,47.87238],[38.94458,47.87248],[38.94458,47.87255],[38.94456,47.87262],[38.9445,47.87266],[38.94443,47.87269],[38.94408,47.8727],[38.94379,47.87275],[38.94356,47.87277],[38.94332,47.8728],[38.94316,47.87284],[38.943,47.87299],[38.91424,47.87457],[38.91368,47.87523],[38.91346,47.87525],[38.91323,47.87531],[38.91301,47.87538],[38.91286,47.87545],[38.91254,47.87554],[38.91237,47.87559],[38.91226,47.87559],[38.9122,47.87558],[38.91209,47.87554],[38.9119,47.87545],[38.91165,47.87525],[38.91146,47.8751],[38.91117,47.87493],[38.91089,47.87478],[38.9107,47.87471],[38.91037,47.8746],[38.91017,47.87451],[38.90997,47.87437],[38.90974,47.87415],[38.90963,47.87402],[38.90943,47.87337],[38.90935,47.87322],[38.90929,47.8731],[38.90917,47.873],[38.90901,47.87292],[38.9086,47.87275],[38.90816,47.87264],[38.90744,47.87256],[38.90717,47.87255],[38.90683,47.87252],[38.90657,47.87246],[38.90637,47.8724],[38.90628,47.8724],[38.90611,47.87246],[38.90594,47.87251],[38.90579,47.87254],[38.90558,47.87254],[38.90506,47.87245],[38.90465,47.87239],[38.90415,47.87235],[38.90369,47.87234],[38.90346,47.87235],[38.90278,47.87241],[38.90206,47.87245],[38.90102,47.87253],[38.90047,47.87261],[38.89983,47.87276],[38.89933,47.87289],[38.89916,47.87293],[38.89898,47.87301],[38.89886,47.87318],[38.89882,47.87333],[38.89876,47.87353],[38.89863,47.87394],[38.89858,47.87403],[38.89849,47.87408],[38.89837,47.8742],[38.89826,47.87428],[38.89816,47.87434],[38.89808,47.87436],[38.8979,47.87436],[38.89776,47.87434],[38.89758,47.87433],[38.89735,47.87435],[38.89716,47.87438],[38.89696,47.8744],[38.89671,47.87441],[38.89643,47.87439],[38.89634,47.87437],[38.89619,47.87433],[38.896,47.87429],[38.89577,47.87429],[38.89567,47.8743],[38.89556,47.87434],[38.89547,47.87435],[38.89538,47.87435],[38.89523,47.87433],[38.8951,47.87431],[38.89494,47.8743],[38.89467,47.87432],[38.89446,47.87436],[38.89428,47.87438],[38.89407,47.8744],[38.89398,47.87441],[38.89378,47.8744],[38.89361,47.87435],[38.89344,47.87426],[38.89321,47.87408],[38.89304,47.87388],[38.89289,47.87362],[38.89257,47.87328],[38.89251,47.87321],[38.89241,47.87316],[38.89222,47.87308],[38.89201,47.87305],[38.89181,47.87304],[38.89167,47.8731],[38.89157,47.87316],[38.89147,47.87326],[38.8914,47.87336],[38.89137,47.87342],[38.89137,47.87352],[38.89137,47.87363],[38.89137,47.87374],[38.89136,47.87378],[38.89132,47.87389],[38.89125,47.87395],[38.89107,47.87407],[38.89086,47.87416],[38.89052,47.87426],[38.89032,47.87429],[38.88998,47.8743],[38.88973,47.87429],[38.88953,47.87427],[38.88934,47.87422],[38.88922,47.87415],[38.88909,47.87411],[38.88886,47.87404],[38.88864,47.87394],[38.88835,47.87388],[38.88802,47.87386],[38.88797,47.87389],[38.88797,47.87394],[38.88798,47.87398],[38.8879,47.87404],[38.88785,47.87407],[38.88769,47.87411],[38.88748,47.87413],[38.88731,47.87413],[38.88721,47.87411],[38.88702,47.87411],[38.88682,47.8742],[38.88669,47.87428],[38.88635,47.8745],[38.88627,47.87453],[38.88596,47.87453],[38.88576,47.8745],[38.88553,47.87447],[38.88536,47.8745],[38.8852,47.87456],[38.88475,47.87458],[38.88454,47.87447],[38.88438,47.87439],[38.88418,47.87438],[38.88412,47.87441],[38.88409,47.87448],[38.88401,47.87454],[38.88405,47.87456],[38.8841,47.87459],[38.88417,47.87462],[38.88419,47.87466],[38.88412,47.87471],[38.88397,47.87475],[38.8839,47.87476],[38.88372,47.87477],[38.88358,47.8748],[38.88348,47.87486],[38.88347,47.87492],[38.88355,47.87499],[38.88355,47.87505],[38.88342,47.87505],[38.88319,47.875],[38.88307,47.87503],[38.88305,47.87511],[38.88307,47.87518],[38.883,47.87521],[38.88286,47.87526],[38.88257,47.87537],[38.8823,47.8755],[38.88207,47.87556],[38.88187,47.87563],[38.88161,47.87566],[38.88133,47.87569],[38.88115,47.87574],[38.88103,47.87579],[38.8809,47.87584],[38.88082,47.87586],[38.88057,47.87583],[38.88026,47.87586],[38.88007,47.8759],[38.87991,47.87595],[38.87982,47.876],[38.87977,47.87607],[38.87967,47.87608],[38.8796,47.87608],[38.87957,47.87606],[38.87951,47.87603],[38.87937,47.876],[38.87918,47.87599],[38.87896,47.87601],[38.87865,47.87599],[38.87839,47.87597],[38.87819,47.87594],[38.87796,47.87586],[38.87789,47.87583],[38.87783,47.87578],[38.87788,47.87574],[38.87801,47.8757],[38.8781,47.87565],[38.87821,47.87559],[38.87822,47.87554],[38.87819,47.87549],[38.87809,47.87547],[38.87798,47.87543],[38.87798,47.87536],[38.87801,47.87532],[38.87811,47.87531],[38.8782,47.87531],[38.87836,47.87531],[38.87842,47.87529],[38.87845,47.8752],[38.87833,47.87516],[38.87825,47.87509],[38.87825,47.87497],[38.87846,47.87491],[38.87861,47.87489],[38.87872,47.87488],[38.87883,47.87481],[38.87881,47.87474],[38.87877,47.87471],[38.87865,47.87463],[38.87857,47.87458],[38.87857,47.87452],[38.87859,47.8745],[38.87867,47.87446],[38.87885,47.87441],[38.87889,47.87438],[38.87893,47.87438],[38.87897,47.87439],[38.879,47.87442],[38.87908,47.87443],[38.87913,47.87437],[38.87918,47.87426],[38.8792,47.87413],[38.87911,47.874],[38.87903,47.87388],[38.87904,47.87379],[38.879,47.87374],[38.87894,47.87366],[38.87887,47.87353],[38.87887,47.87344],[38.87898,47.87331],[38.87906,47.87323],[38.87916,47.87316],[38.87917,47.87312],[38.87914,47.8731],[38.87909,47.87312],[38.879,47.87315],[38.8789,47.87315],[38.87879,47.87312],[38.87879,47.87307],[38.87886,47.87301],[38.87897,47.87296],[38.87902,47.87292],[38.87903,47.87289],[38.87906,47.87288],[38.87909,47.87289],[38.87913,47.87292],[38.87915,47.87297],[38.87925,47.87306],[38.87931,47.87306],[38.87935,47.87305],[38.87937,47.87302],[38.87938,47.87297],[38.87938,47.87291],[38.8794,47.87284],[38.87945,47.8728],[38.87952,47.87279],[38.87966,47.87279],[38.8797,47.87277],[38.87972,47.87272],[38.87969,47.87258],[38.87955,47.87241],[38.8794,47.87232],[38.87927,47.87221],[38.87915,47.87208],[38.87902,47.872],[38.87894,47.87191],[38.87885,47.87181],[38.87868,47.87163],[38.87853,47.87144],[38.87847,47.87131],[38.87844,47.87117],[38.87847,47.87099],[38.87854,47.87082],[38.87863,47.87061],[38.87867,47.87037],[38.87771,47.86735],[38.85903,47.86632],[38.85873,47.8663],[38.85839,47.86628],[38.85827,47.86628],[38.84305,47.86544],[38.84274,47.85148],[38.83815,47.85163],[38.83784,47.85164],[38.83412,47.84968],[38.83409,47.84973],[38.83401,47.84973],[38.83392,47.84973],[38.83385,47.84975],[38.83378,47.84983],[38.83371,47.84985],[38.83358,47.84986],[38.83348,47.84985],[38.83332,47.84985],[38.8332,47.84989],[38.83314,47.84993],[38.83301,47.84994],[38.83286,47.84998],[38.83266,47.84995],[38.83256,47.84997],[38.83243,47.85004],[38.83209,47.8501],[38.83154,47.85011],[38.8308,47.85015],[38.83028,47.85015],[38.83,47.85001],[38.8298,47.84994],[38.82965,47.84984],[38.82956,47.84974],[38.8295,47.84965],[38.82948,47.84949],[38.82951,47.84935],[38.82952,47.84922],[38.82955,47.84909],[38.82957,47.84891],[38.82959,47.84887],[38.82971,47.84874],[38.8298,47.84871],[38.82992,47.84871],[38.82999,47.84871],[38.83006,47.84867],[38.83009,47.84863],[38.83011,47.84858],[38.83008,47.84851],[38.82999,47.84847],[38.8299,47.84836],[38.82988,47.84828],[38.82983,47.84822],[38.82978,47.84821],[38.82973,47.84825],[38.82968,47.84825],[38.82964,47.84823],[38.82963,47.8482],[38.82959,47.84819],[38.82954,47.8482],[38.8294,47.84821],[38.82912,47.84827],[38.82891,47.84833],[38.8288,47.84842],[38.82871,47.84846],[38.82861,47.84846],[38.82842,47.84844],[38.82824,47.84843],[38.82801,47.84844],[38.82794,47.84847],[38.82788,47.84848],[38.82783,47.84844],[38.82779,47.8484],[38.82772,47.84836],[38.82757,47.84831],[38.82753,47.8482],[38.82747,47.84812],[38.82742,47.84809],[38.82737,47.84803],[38.82735,47.84798],[38.82733,47.84793],[38.82734,47.84776],[38.82734,47.84766],[38.82741,47.84763],[38.82747,47.84763],[38.82754,47.84761],[38.82761,47.84755],[38.82772,47.8475],[38.82774,47.84747],[38.82766,47.84734],[38.82755,47.84731],[38.8275,47.8473],[38.82744,47.84726],[38.82744,47.84721],[38.82736,47.84712],[38.82722,47.84696],[38.82716,47.84687],[38.82704,47.84682],[38.82697,47.84677],[38.8269,47.84667],[38.82694,47.84659],[38.82694,47.84653],[38.82689,47.84646],[38.82681,47.84636],[38.82675,47.84623],[38.82672,47.84618],[38.82661,47.84617],[38.82653,47.84615],[38.82647,47.84612],[38.8264,47.846],[38.82634,47.84582],[38.82628,47.84572],[38.8262,47.8457],[38.82614,47.84565],[38.82621,47.84559],[38.82627,47.84555],[38.8263,47.84549],[38.82628,47.84537],[38.82624,47.84526],[38.82616,47.84518],[38.82609,47.84517],[38.82602,47.84516],[38.82599,47.84511],[38.82606,47.84506],[38.82612,47.84501],[38.8261,47.84497],[38.82605,47.84489],[38.82602,47.84483],[38.82601,47.84469],[38.82605,47.84458],[38.8261,47.84445],[38.8262,47.84432],[38.82625,47.84426],[38.82623,47.84417],[38.82625,47.84407],[38.8263,47.84404],[38.82624,47.844],[38.82623,47.84395],[38.82632,47.84389],[38.82632,47.84385],[38.82623,47.8437],[38.82614,47.84364],[38.82609,47.84361],[38.82609,47.84356],[38.82617,47.84352],[38.82625,47.84348],[38.82625,47.84343],[38.82622,47.84337],[38.82621,47.84329],[38.82625,47.8432],[38.82632,47.84309],[38.82632,47.84299],[38.82634,47.84287],[38.82631,47.84276],[38.82627,47.84269],[38.82619,47.84259],[38.82604,47.8425],[38.82577,47.84226],[38.8256,47.84206],[38.82562,47.84187],[38.82565,47.84174],[38.82561,47.84161],[38.82558,47.84149],[38.82554,47.84142],[38.82549,47.84135],[38.8254,47.84132],[38.82533,47.84132],[38.82528,47.84132],[38.82521,47.84129],[38.82516,47.84121],[38.82509,47.84103],[38.82505,47.84086],[38.82496,47.84066],[38.82496,47.8405],[38.82494,47.8403],[38.82499,47.84017],[38.82529,47.83997],[38.82567,47.83968],[38.82591,47.83954],[38.82605,47.83949],[38.8262,47.83936],[38.82651,47.83913],[38.82661,47.839],[38.82665,47.83887],[38.82664,47.8387],[38.8265,47.83846],[38.8264,47.8383],[38.82634,47.83809],[38.82628,47.83795],[38.82628,47.8378],[38.82627,47.83771],[38.82625,47.83763],[38.82623,47.83761],[38.82614,47.83759],[38.82603,47.83759],[38.82594,47.83756],[38.82592,47.83754],[38.82604,47.8374],[38.82612,47.83727],[38.82618,47.83716],[38.8262,47.83709],[38.8262,47.83701],[38.82611,47.83682],[38.82607,47.83662],[38.8261,47.83657],[38.82613,47.83654],[38.82619,47.83646],[38.82621,47.83637],[38.82617,47.83629],[38.82609,47.83617],[38.82588,47.8361],[38.82571,47.83595],[38.82561,47.83587],[38.82553,47.83579],[38.82547,47.8356],[38.82539,47.83549],[38.82536,47.83535],[38.82546,47.83521],[38.8256,47.83511],[38.82569,47.83501],[38.82592,47.83465],[38.82608,47.83413],[38.8262,47.8338],[38.82635,47.83368],[38.8267,47.83339],[38.82686,47.83331],[38.82705,47.83321],[38.8272,47.83315],[38.82734,47.83317],[38.82744,47.83321],[38.82752,47.83322],[38.82764,47.83319],[38.82785,47.83311],[38.82795,47.83304],[38.82822,47.83274],[38.82846,47.83232],[38.82845,47.83188],[38.82844,47.83106],[38.82827,47.8306],[38.82817,47.83055],[38.82811,47.83056],[38.82801,47.83058],[38.82793,47.83062],[38.82785,47.83069],[38.82779,47.83064],[38.82772,47.83053],[38.82764,47.83037],[38.82761,47.83029],[38.82772,47.83024],[38.82783,47.83021],[38.82789,47.83018],[38.82796,47.83009],[38.82796,47.82992],[38.82788,47.82974],[38.82778,47.82959],[38.82776,47.82954],[38.82783,47.82949],[38.82795,47.82949],[38.82812,47.8295],[38.82827,47.82947],[38.82844,47.82944],[38.82856,47.82944],[38.82869,47.82944],[38.82877,47.82945],[38.82893,47.82945],[38.82907,47.8294],[38.82908,47.82935],[38.82906,47.82929],[38.829,47.82922],[38.82889,47.82917],[38.82876,47.82913],[38.82842,47.82857],[38.82834,47.82833],[38.82829,47.82828],[38.8283,47.82822],[38.82833,47.8282],[38.82838,47.82818],[38.82845,47.82818],[38.82853,47.82817],[38.82858,47.82815],[38.82873,47.82806],[38.82884,47.82802],[38.82892,47.82804],[38.82902,47.82809],[38.82911,47.82812],[38.82917,47.82813],[38.82928,47.8281],[38.82933,47.82818],[38.82936,47.82823],[38.82945,47.8283],[38.82951,47.82835],[38.82956,47.82838],[38.82964,47.8284],[38.82973,47.82841],[38.82979,47.82841],[38.82987,47.82837],[38.82996,47.8284],[38.83005,47.82842],[38.83013,47.82845],[38.83034,47.82834],[38.83042,47.82829],[38.8305,47.82819],[38.83055,47.82811],[38.83055,47.82801],[38.83051,47.82794],[38.83047,47.82782],[38.83062,47.82776],[38.83062,47.82776],[38.83068,47.82769],[38.83083,47.82761],[38.83096,47.82759],[38.83118,47.82763],[38.83128,47.82767],[38.83149,47.82769],[38.83164,47.8277],[38.83181,47.82769],[38.83189,47.82766],[38.83197,47.82762],[38.83213,47.8276],[38.83228,47.82758],[38.83233,47.82756],[38.83231,47.82751],[38.83226,47.82747],[38.83222,47.82742],[38.83223,47.82738],[38.83227,47.82734],[38.83238,47.82731],[38.83232,47.82716],[38.83227,47.82712],[38.83219,47.82698],[38.83211,47.82692],[38.8321,47.82686],[38.83208,47.82677],[38.83206,47.82668],[38.83207,47.82656],[38.83211,47.82644],[38.83212,47.82627],[38.83215,47.82611],[38.83217,47.82602],[38.83219,47.82587],[38.83222,47.82577],[38.83223,47.8257],[38.83217,47.82565],[38.83212,47.82561],[38.83209,47.82557],[38.83206,47.82538],[38.83204,47.82529],[38.832,47.82524],[38.83195,47.82521],[38.83196,47.82516],[38.83187,47.82503],[38.83176,47.82494],[38.83161,47.82484],[38.83144,47.82474],[38.83136,47.82465],[38.8312,47.82453],[38.83115,47.82443],[38.83109,47.82439],[38.83096,47.82435],[38.83083,47.82425],[38.8307,47.82412],[38.83064,47.82411],[38.83057,47.82412],[38.83048,47.82414],[38.83047,47.82418],[38.83043,47.8242],[38.83037,47.82418],[38.83031,47.82412],[38.83023,47.82404],[38.83011,47.82398],[38.82995,47.82397],[38.82988,47.82396],[38.82978,47.82398],[38.82971,47.82401],[38.82966,47.824],[38.82959,47.82397],[38.82955,47.82393],[38.8295,47.82389],[38.8294,47.82389],[38.82931,47.82392],[38.82923,47.82391],[38.82885,47.81547],[38.78932,47.8156],[38.78992,47.80082],[38.78995,47.80073],[38.79005,47.80062],[38.79012,47.80055],[38.79022,47.80054],[38.79035,47.8005],[38.79044,47.80042],[38.79048,47.80033],[38.79049,47.80022],[38.79046,47.80012],[38.7904,47.80007],[38.79032,47.80004],[38.79005,47.80001],[38.78996,47.80001],[38.78992,47.79999],[38.78994,47.79995],[38.78999,47.79991],[38.78999,47.79985],[38.79003,47.79978],[38.79002,47.79955],[38.79003,47.79948],[38.79006,47.79943],[38.79017,47.79935],[38.79027,47.79929],[38.79039,47.79925],[38.79045,47.7992],[38.79048,47.79915],[38.79056,47.7988],[38.79059,47.79852],[38.79059,47.79841],[38.79058,47.79825],[38.79053,47.79813],[38.79041,47.79801],[38.79031,47.79786],[38.7902,47.79765],[38.79026,47.79759],[38.79029,47.79745],[38.79033,47.79724],[38.79041,47.79684],[38.79046,47.79653],[38.79044,47.79646],[38.79038,47.79638],[38.7904,47.79632],[38.79046,47.79626],[38.79041,47.79619],[38.79032,47.79612],[38.79009,47.79601],[38.78993,47.79591],[38.78981,47.79582],[38.78973,47.79578],[38.78954,47.7957],[38.78926,47.79559],[38.78908,47.79547],[38.78893,47.7953],[38.78878,47.795],[38.78865,47.79476],[38.78855,47.79466],[38.78853,47.79459],[38.78846,47.79457],[38.78844,47.79456],[38.78845,47.79452],[38.78844,47.79447],[38.78839,47.79439],[38.7883,47.79434],[38.788,47.79403],[38.78721,47.79358],[38.78671,47.79334],[38.78652,47.79327],[38.7863,47.79322],[38.786,47.79314],[38.78572,47.79303],[38.78551,47.79291],[38.78526,47.79273],[38.78513,47.7925],[38.78507,47.79236],[38.78495,47.79226],[38.78465,47.79211],[38.7843,47.79189],[38.78414,47.79176],[38.78389,47.79155],[38.78372,47.79143],[38.78363,47.79131],[38.78353,47.79114],[38.78347,47.79082],[38.78349,47.79055],[38.78357,47.79039],[38.78365,47.79034],[38.7838,47.79027],[38.78392,47.79019],[38.78399,47.79004],[38.784,47.7899],[38.78403,47.78976],[38.78409,47.78968],[38.78421,47.7895],[38.78429,47.78929],[38.7842,47.78904],[38.78414,47.78891],[38.78402,47.78874],[38.78387,47.78855],[38.78382,47.78841],[38.78383,47.78804],[38.78391,47.78782],[38.78408,47.78756],[38.78428,47.78734],[38.78443,47.78725],[38.78455,47.78722],[38.78467,47.78715],[38.7849,47.78691],[38.78506,47.78676],[38.78519,47.78657],[38.78528,47.78646],[38.78532,47.78639],[38.78532,47.78636],[38.78529,47.78629],[38.7853,47.78627],[38.78538,47.78621],[38.78546,47.78613],[38.78551,47.78603],[38.78551,47.78598],[38.78547,47.78589],[38.78547,47.7858],[38.78551,47.78568],[38.78553,47.78556],[38.78557,47.78543],[38.78567,47.78535],[38.78574,47.78526],[38.78574,47.78514],[38.78576,47.78502],[38.78579,47.78494],[38.7859,47.78486],[38.78609,47.78477],[38.7865,47.78457],[38.78655,47.78456],[38.78656,47.78456],[38.78657,47.78456],[38.78658,47.78456],[38.7866,47.78459],[38.78662,47.78465],[38.78666,47.7847],[38.78668,47.78474],[38.78671,47.78477],[38.7868,47.7848],[38.78684,47.7848],[38.78685,47.78475],[38.78683,47.78468],[38.78682,47.78464],[38.78688,47.78461],[38.78694,47.7846],[38.78709,47.78457],[38.78733,47.78456],[38.78761,47.78454],[38.78799,47.78462],[38.78827,47.78469],[38.7886,47.78473],[38.78904,47.78482],[38.78907,47.78481],[38.7891,47.78484],[38.78913,47.78486],[38.78916,47.78486],[38.78921,47.78482],[38.78922,47.78475],[38.78922,47.78471],[38.78929,47.78469],[38.78939,47.78472],[38.78942,47.78472],[38.78963,47.78467],[38.78983,47.78469],[38.78989,47.78468],[38.78997,47.78475],[38.79004,47.78479],[38.79017,47.78483],[38.79035,47.78485],[38.79067,47.78483],[38.79089,47.78481],[38.79098,47.78477],[38.79104,47.78469],[38.79113,47.78464],[38.79125,47.78462],[38.79135,47.78461],[38.79153,47.78466],[38.79167,47.78468],[38.79201,47.78467],[38.79239,47.78467],[38.79265,47.78468],[38.79278,47.78469],[38.7929,47.78466],[38.79302,47.78459],[38.79315,47.78444],[38.79322,47.78427],[38.79322,47.78411],[38.7932,47.78398],[38.79317,47.78387],[38.79309,47.78376],[38.79298,47.78366],[38.79258,47.78335],[38.79192,47.78292],[38.79132,47.78246],[38.7911,47.78232],[38.79097,47.78217],[38.79088,47.78205],[38.79084,47.78192],[38.79083,47.78183],[38.79088,47.78173],[38.79101,47.78159],[38.79104,47.78155],[38.79106,47.78152],[38.79105,47.7815],[38.79104,47.78149],[38.79102,47.78148],[38.79099,47.78149],[38.79097,47.78148],[38.79096,47.78143],[38.79092,47.78137],[38.79094,47.78131],[38.79093,47.78123],[38.79092,47.78113],[38.79087,47.78106],[38.79081,47.781],[38.7908,47.78093],[38.7907,47.78085],[38.79065,47.78078],[38.79057,47.78062],[38.79041,47.7805],[38.79032,47.78045],[38.79031,47.78037],[38.79025,47.78027],[38.79019,47.78021],[38.79007,47.78019],[38.79003,47.78018],[38.79001,47.78011],[38.79,47.78002],[38.78973,47.77983],[38.78945,47.77969],[38.7891,47.77949],[38.78889,47.77933],[38.78882,47.77916],[38.78888,47.7788],[38.78892,47.77844],[38.78904,47.77824],[38.78911,47.77816],[38.78908,47.77814],[38.78907,47.77804],[38.78908,47.77799],[38.78912,47.77795],[38.78928,47.77784],[38.78944,47.77777],[38.78958,47.77778],[38.78974,47.7778],[38.78989,47.77785],[38.79015,47.77789],[38.79033,47.7779],[38.79061,47.77791],[38.79093,47.77792],[38.79132,47.77789],[38.79159,47.77789],[38.79173,47.77789],[38.79187,47.77785],[38.79203,47.77776],[38.79207,47.77766],[38.79216,47.77739],[38.79228,47.77711],[38.79238,47.77708],[38.79249,47.77707],[38.79258,47.77704],[38.79268,47.77685],[38.79276,47.77674],[38.79281,47.77669],[38.79287,47.77661],[38.79292,47.77656],[38.79301,47.77652],[38.79308,47.77652],[38.79329,47.7765],[38.79344,47.77651],[38.79363,47.77649],[38.79387,47.77654],[38.79407,47.77657],[38.79422,47.77658],[38.79469,47.77662],[38.79499,47.77663],[38.79513,47.77663],[38.79524,47.77666],[38.79533,47.77667],[38.79552,47.77665],[38.79573,47.77663],[38.79589,47.77656],[38.79598,47.77646],[38.79603,47.77636],[38.79603,47.77628],[38.796,47.77616],[38.79589,47.77595],[38.7958,47.77581],[38.7957,47.77568],[38.79569,47.77556],[38.7957,47.77549],[38.79572,47.77538],[38.79569,47.77526],[38.79566,47.77515],[38.79563,47.77495],[38.79568,47.77488],[38.79578,47.77481],[38.79591,47.77474],[38.79602,47.77469],[38.7961,47.77462],[38.79616,47.7745],[38.79619,47.77441],[38.79615,47.77428],[38.79614,47.77422],[38.79612,47.77414],[38.79611,47.77409],[38.79611,47.774],[38.79616,47.77395],[38.7963,47.77385],[38.79637,47.77374],[38.79647,47.77365],[38.79648,47.77355],[38.79647,47.77345],[38.79645,47.7734],[38.79639,47.77338],[38.79631,47.77337],[38.79625,47.77336],[38.79615,47.7733],[38.79607,47.77325],[38.79601,47.77325],[38.79595,47.77327],[38.79591,47.77332],[38.79585,47.77333],[38.79579,47.77333],[38.79569,47.77331],[38.79559,47.77327],[38.79545,47.77323],[38.79534,47.77318],[38.79515,47.77312],[38.79492,47.77308],[38.79467,47.77302],[38.79366,47.77286],[38.79344,47.77281],[38.79325,47.77277],[38.79296,47.77269],[38.79278,47.77261],[38.79265,47.77255],[38.79259,47.77252],[38.79245,47.77239],[38.79237,47.77231],[38.79233,47.77225],[38.7923,47.77218],[38.79242,47.77192],[38.79246,47.7718],[38.7925,47.77173],[38.79264,47.77133],[38.7927,47.77126],[38.79282,47.77122],[38.79311,47.77116],[38.79321,47.77113],[38.79325,47.77099],[38.79323,47.77087],[38.79325,47.77076],[38.79326,47.7706],[38.79335,47.77042],[38.79365,47.76992],[38.79377,47.76982],[38.79388,47.76975],[38.79402,47.76969],[38.79417,47.76965],[38.79428,47.76962],[38.79438,47.76959],[38.79441,47.76955],[38.79441,47.76948],[38.79444,47.76942],[38.7945,47.76936],[38.79449,47.76933],[38.79442,47.76929],[38.79427,47.76925],[38.79403,47.76923],[38.79388,47.76921],[38.79379,47.76919],[38.79372,47.76915],[38.79366,47.76909],[38.79364,47.76906],[38.79353,47.76903],[38.79347,47.76892],[38.7932,47.76877],[38.79306,47.76872],[38.7929,47.76868],[38.79258,47.76864],[38.79219,47.76855],[38.79209,47.76849],[38.79197,47.76845],[38.79183,47.76842],[38.79162,47.7684],[38.7914,47.76847],[38.79123,47.76846],[38.79094,47.76843],[38.79057,47.76847],[38.79048,47.7685],[38.79015,47.76855],[38.79,47.76854],[38.78985,47.7685],[38.7898,47.76845],[38.78973,47.76838],[38.78964,47.76834],[38.78927,47.73709],[38.78896,47.73704],[38.7888,47.737],[38.78868,47.73697],[38.78852,47.737],[38.7883,47.73698],[38.78813,47.73698],[38.78801,47.73709],[38.78793,47.73714],[38.78767,47.73721],[38.7875,47.73718],[38.78725,47.73711],[38.78678,47.73708],[38.78654,47.73701],[38.78634,47.73698],[38.78619,47.73701],[38.78593,47.73704],[38.78576,47.73704],[38.78556,47.73704],[38.78538,47.73708],[38.7852,47.73705],[38.78505,47.73699],[38.78485,47.73701],[38.78465,47.737],[38.78451,47.73695],[38.78441,47.73694],[38.78396,47.73696],[38.78362,47.73693],[38.78315,47.73689],[38.783,47.73688],[38.78276,47.73686],[38.78258,47.73685],[38.78244,47.73683],[38.78227,47.73681],[38.78214,47.73684],[38.78207,47.73682],[38.78199,47.73675],[38.78194,47.73669],[38.78188,47.73666],[38.78179,47.73665],[38.78168,47.73667],[38.78158,47.73668],[38.78144,47.73661],[38.78126,47.73659],[38.78113,47.73653],[38.78103,47.73646],[38.78083,47.73639],[38.7802,47.73623],[38.77934,47.73586],[38.77884,47.7356],[38.77853,47.73539],[38.77818,47.73529],[38.77797,47.73523],[38.77786,47.73515],[38.77771,47.73503],[38.77763,47.73498],[38.77743,47.73495],[38.77718,47.73492],[38.77699,47.73489],[38.77683,47.73487],[38.7768,47.73485],[38.77676,47.73484],[38.77666,47.73485],[38.77658,47.73485],[38.77651,47.73481],[38.77644,47.73477],[38.77631,47.73474],[38.77625,47.73468],[38.7762,47.73459],[38.77615,47.73443],[38.77612,47.7343],[38.77608,47.73422],[38.77606,47.73413],[38.77604,47.73403],[38.776,47.73394],[38.77593,47.73387],[38.77591,47.73379],[38.77593,47.73373],[38.77594,47.73365],[38.77591,47.73351],[38.77593,47.73341],[38.77599,47.73329],[38.77609,47.73319],[38.77618,47.73306],[38.77619,47.73293],[38.77617,47.73283],[38.77617,47.73272],[38.77612,47.7325],[38.77611,47.73237],[38.77617,47.73223],[38.77619,47.73215],[38.77628,47.73208],[38.77623,47.73195],[38.77618,47.73168],[38.77623,47.73157],[38.7763,47.73144],[38.77629,47.73132],[38.77634,47.73112],[38.77646,47.731],[38.77652,47.73079],[38.77647,47.73049],[38.77638,47.73025],[38.77626,47.73],[38.77622,47.72985],[38.77623,47.72966],[38.77622,47.72956],[38.77615,47.72948],[38.77602,47.72939],[38.77583,47.72935],[38.77563,47.72936],[38.7755,47.72929],[38.77542,47.72926],[38.7753,47.72925],[38.77524,47.72925],[38.77521,47.72923],[38.7752,47.72919],[38.77514,47.72914],[38.7751,47.72909],[38.77512,47.72905],[38.77512,47.72901],[38.77509,47.72898],[38.77506,47.72897],[38.77503,47.72895],[38.775,47.72892],[38.77492,47.72891],[38.77481,47.72889],[38.77471,47.72891],[38.77466,47.72893],[38.77458,47.729],[38.77454,47.72904],[38.77447,47.72903],[38.77445,47.729],[38.77439,47.72898],[38.77429,47.72898],[38.77412,47.72901],[38.77397,47.72901],[38.77388,47.72901],[38.77381,47.72899],[38.77376,47.72899],[38.77367,47.72901],[38.77358,47.72902],[38.7734,47.72894],[38.77334,47.72893],[38.7733,47.72893],[38.77328,47.7289],[38.77328,47.72888],[38.77334,47.72886],[38.77337,47.72885],[38.77338,47.72882],[38.77334,47.72878],[38.77328,47.72874],[38.77326,47.72871],[38.77329,47.72869],[38.77336,47.72865],[38.77339,47.7286],[38.77344,47.72856],[38.77348,47.72852],[38.77349,47.72849],[38.77346,47.72846],[38.77344,47.72842],[38.77344,47.72837],[38.77345,47.72834],[38.77348,47.72831],[38.77348,47.72827],[38.77346,47.7282],[38.77343,47.72815],[38.77342,47.7281],[38.77338,47.72805],[38.77331,47.72799],[38.77324,47.72794],[38.77316,47.72784],[38.77305,47.72777],[38.77289,47.72773],[38.77278,47.72773],[38.7726,47.72776],[38.77235,47.72782],[38.77221,47.72786],[38.77207,47.72789],[38.77188,47.72789],[38.77174,47.7279],[38.77165,47.72788],[38.77162,47.72785],[38.77157,47.72777],[38.77157,47.72772],[38.77157,47.72766],[38.77158,47.72761],[38.7716,47.72756],[38.77163,47.72751],[38.77163,47.72746],[38.77153,47.72731],[38.77144,47.7271],[38.77132,47.72691],[38.77127,47.72679],[38.77126,47.72672],[38.77133,47.72666],[38.77145,47.72661],[38.77152,47.72658],[38.77158,47.72644],[38.77161,47.72637],[38.77163,47.72627],[38.77163,47.72615],[38.77164,47.72601],[38.77172,47.72584],[38.77187,47.72565],[38.77197,47.72547],[38.77199,47.72531],[38.77194,47.72523],[38.77188,47.72514],[38.77188,47.7251],[38.77192,47.72504],[38.77198,47.72497],[38.77197,47.72492],[38.77193,47.72488],[38.77189,47.72485],[38.77184,47.72483],[38.77178,47.72477],[38.77176,47.72461],[38.77177,47.72452],[38.7718,47.72447],[38.77187,47.72441],[38.77194,47.72438],[38.77198,47.72436],[38.77209,47.72434],[38.77215,47.7243],[38.77219,47.72425],[38.77217,47.72421],[38.77212,47.72417],[38.77212,47.72411],[38.77218,47.72406],[38.77225,47.72401],[38.77235,47.72397],[38.77239,47.72394],[38.77242,47.7239],[38.77245,47.72389],[38.77248,47.72386],[38.77248,47.72385],[38.77246,47.72381],[38.77248,47.72378],[38.7725,47.72373],[38.77249,47.7237],[38.77246,47.72366],[38.77242,47.72365],[38.77232,47.72361],[38.77225,47.72356],[38.77219,47.72343],[38.77216,47.72333],[38.77215,47.72325],[38.77214,47.72319],[38.7721,47.72311],[38.77204,47.72305],[38.77205,47.72301],[38.77204,47.72298],[38.77192,47.72291],[38.77182,47.72289],[38.77176,47.72288],[38.7717,47.72285],[38.77164,47.72284],[38.77161,47.72284],[38.77159,47.72282],[38.77156,47.72278],[38.7715,47.72271],[38.77138,47.7226],[38.77134,47.72255],[38.7713,47.72254],[38.77129,47.72253],[38.77128,47.72251],[38.77128,47.72248],[38.77123,47.72244],[38.77119,47.72237],[38.77115,47.72235],[38.77115,47.72233],[38.77115,47.7223],[38.77105,47.72221],[38.77105,47.72212],[38.77097,47.72206],[38.77095,47.72201],[38.77089,47.72198],[38.77086,47.72191],[38.77082,47.72185],[38.77083,47.72181],[38.77084,47.72176],[38.77083,47.72169],[38.77083,47.72168],[38.7708,47.72166],[38.77077,47.72165],[38.77074,47.72163],[38.77073,47.72159],[38.77072,47.72157],[38.77065,47.72155],[38.77062,47.72153],[38.77058,47.72148],[38.77055,47.72145],[38.77055,47.72142],[38.77051,47.7214],[38.77044,47.72137],[38.77041,47.72135],[38.77036,47.72131],[38.77035,47.72126],[38.77035,47.72124],[38.77032,47.72122],[38.7703,47.72118],[38.77027,47.72116],[38.77025,47.72115],[38.77021,47.72114],[38.77019,47.72112],[38.77019,47.7211],[38.77018,47.72107],[38.77016,47.72106],[38.77014,47.72106],[38.77012,47.72106],[38.7701,47.72104],[38.7701,47.72102],[38.77013,47.72101],[38.77015,47.721],[38.77018,47.72099],[38.77027,47.72101],[38.77033,47.72102],[38.77033,47.72104],[38.77032,47.72105],[38.77032,47.72106],[38.77031,47.72108],[38.77032,47.72109],[38.77034,47.7211],[38.77036,47.7211],[38.77038,47.72109],[38.7704,47.72108],[38.77041,47.72106],[38.77042,47.72104],[38.77044,47.72103],[38.77047,47.72103],[38.7705,47.72102],[38.77051,47.72101],[38.77051,47.72099],[38.77049,47.72096],[38.77049,47.72094],[38.77051,47.72093],[38.77051,47.72091],[38.77051,47.7209],[38.77048,47.72089],[38.77046,47.72089],[38.77043,47.7209],[38.77041,47.72091],[38.77038,47.7209],[38.77037,47.72088],[38.77038,47.72087],[38.77041,47.72084],[38.77042,47.72081],[38.77042,47.7208],[38.77041,47.7208],[38.7704,47.7208],[38.77038,47.72082],[38.77036,47.72081],[38.77036,47.72081],[38.77037,47.72079],[38.77038,47.72076],[38.77041,47.72073],[38.77045,47.72071],[38.77048,47.72061],[38.77051,47.72059],[38.77053,47.72057],[38.77054,47.72054],[38.77055,47.72049],[38.77056,47.72046],[38.77058,47.72044],[38.7706,47.7204],[38.77059,47.72037],[38.77057,47.72033],[38.77055,47.72031],[38.77053,47.72026],[38.77055,47.72025],[38.77058,47.72022],[38.77062,47.72018],[38.77064,47.72014],[38.77063,47.72008],[38.77063,47.72005],[38.77064,47.72003],[38.77068,47.72002],[38.77073,47.72],[38.77073,47.71997],[38.77076,47.71997],[38.77082,47.71998],[38.7709,47.71998],[38.77102,47.71999],[38.77109,47.71998],[38.77112,47.71995],[38.77118,47.71989],[38.77121,47.71989],[38.77126,47.71988],[38.77135,47.71985],[38.77145,47.71984],[38.77152,47.71981],[38.77156,47.71979],[38.7716,47.71977],[38.77164,47.71975],[38.77167,47.71976],[38.77173,47.71976],[38.77179,47.71975],[38.77183,47.71974],[38.77186,47.71971],[38.77192,47.71967],[38.77201,47.71962],[38.77211,47.71956],[38.77215,47.71953],[38.77221,47.71952],[38.77226,47.71953],[38.77233,47.71953],[38.7724,47.71955],[38.77249,47.71958],[38.77253,47.71959],[38.77258,47.71959],[38.77264,47.71958],[38.7727,47.71955],[38.77275,47.71954],[38.77281,47.71953],[38.77287,47.71948],[38.77285,47.71945],[38.77283,47.71943],[38.77283,47.71939],[38.77284,47.71937],[38.77287,47.71936],[38.77261,47.68508],[38.75514,47.68532],[38.75504,47.68532],[38.75497,47.68533],[38.75491,47.68538],[38.75485,47.68543],[38.7548,47.68547],[38.75477,47.6855],[38.75474,47.68554],[38.75469,47.6856],[38.75466,47.68563],[38.75464,47.68566],[38.75465,47.6857],[38.75462,47.68574],[38.75461,47.68577],[38.75463,47.68581],[38.75464,47.68584],[38.75461,47.68586],[38.75455,47.6859],[38.75451,47.68594],[38.75449,47.68598],[38.75444,47.68605],[38.7544,47.6861],[38.75434,47.68612],[38.7543,47.68615],[38.75426,47.68621],[38.75415,47.68631],[38.75405,47.68635],[38.75384,47.68643],[38.75375,47.68645],[38.75367,47.68646],[38.75362,47.68646],[38.75349,47.68649],[38.75328,47.68651],[38.75313,47.6865],[38.75303,47.68647],[38.75288,47.6864],[38.7528,47.68636],[38.75277,47.68631],[38.7527,47.68624],[38.75265,47.6862],[38.7526,47.68616],[38.75258,47.68614],[38.75252,47.6861],[38.75249,47.68607],[38.75248,47.68605],[38.75246,47.68598],[38.7524,47.68595],[38.75236,47.68591],[38.75234,47.68589],[38.75236,47.68585],[38.75238,47.68583],[38.75236,47.68572],[38.75235,47.68558],[38.75231,47.6855],[38.75226,47.6854],[38.75221,47.68528],[38.75216,47.68522],[38.75213,47.6852],[38.7521,47.68517],[38.75208,47.68512],[38.75206,47.68509],[38.75202,47.68507],[38.75199,47.68503],[38.75197,47.68498],[38.75197,47.68494],[38.75197,47.6849],[38.75193,47.68486],[38.75193,47.68483],[38.75193,47.68481],[38.75189,47.68478],[38.75184,47.68473],[38.75182,47.68469],[38.75182,47.68466],[38.75181,47.68462],[38.75178,47.6846],[38.75169,47.6846],[38.75164,47.6846],[38.75159,47.68459],[38.75156,47.68455],[38.75154,47.68452],[38.75148,47.6845],[38.75149,47.68447],[38.75146,47.68445],[38.75141,47.68444],[38.75137,47.68444],[38.75131,47.68445],[38.75126,47.68447],[38.75113,47.68447],[38.75095,47.68447],[38.75075,47.68448],[38.75054,47.6845],[38.75043,47.68453],[38.75041,47.68457],[38.75034,47.68457],[38.75029,47.68457],[38.75024,47.68458],[38.75023,47.6846],[38.75019,47.68462],[38.75011,47.68463],[38.75006,47.68465],[38.75003,47.68467],[38.74996,47.6847],[38.74989,47.68471],[38.74985,47.68474],[38.74981,47.68477],[38.74977,47.68481],[38.74974,47.68483],[38.74974,47.68485],[38.74975,47.68489],[38.74974,47.68492],[38.74972,47.68495],[38.7497,47.68499],[38.74967,47.685],[38.74962,47.68499],[38.74957,47.68497],[38.7495,47.68498],[38.74948,47.68501],[38.74941,47.68503],[38.7494,47.68504],[38.74935,47.68506],[38.74933,47.68509],[38.74929,47.6851],[38.74924,47.68512],[38.74923,47.68512],[38.74916,47.68513],[38.74914,47.68513],[38.74911,47.68515],[38.74907,47.68518],[38.749,47.68522],[38.74892,47.68524],[38.74885,47.68527],[38.74878,47.68533],[38.74875,47.68536],[38.74872,47.68536],[38.74867,47.68536],[38.74862,47.68536],[38.74857,47.68537],[38.74853,47.6854],[38.74852,47.68542],[38.74847,47.68544],[38.74845,47.68548],[38.74843,47.68552],[38.74838,47.68555],[38.74829,47.68556],[38.74821,47.68557],[38.74818,47.68561],[38.74816,47.68565],[38.74806,47.68571],[38.748,47.68577],[38.74795,47.68578],[38.74791,47.6858],[38.74789,47.68584],[38.7479,47.68587],[38.74791,47.68589],[38.74782,47.68602],[38.74777,47.68607],[38.74772,47.68611],[38.7477,47.68613],[38.74764,47.68616],[38.74758,47.68619],[38.74754,47.68625],[38.74751,47.68628],[38.74746,47.6863],[38.74741,47.68632],[38.74724,47.68632],[38.74713,47.68632],[38.74709,47.68632],[38.74705,47.68633],[38.74695,47.68633],[38.74685,47.68632],[38.74682,47.68634],[38.74671,47.68634],[38.74668,47.68632],[38.74665,47.68628],[38.74661,47.68626],[38.74655,47.68625],[38.74646,47.68622],[38.74643,47.68617],[38.74637,47.68613],[38.74631,47.6861],[38.74623,47.68605],[38.74621,47.68602],[38.74612,47.68594],[38.7461,47.68592],[38.74604,47.68587],[38.74601,47.68584],[38.74604,47.68579],[38.74601,47.68575],[38.74593,47.68573],[38.74591,47.68569],[38.74588,47.68567],[38.74587,47.68563],[38.74584,47.68561],[38.74574,47.68558],[38.74557,47.68545],[38.74546,47.68535],[38.74534,47.68527],[38.74525,47.68518],[38.74519,47.68513],[38.74517,47.6851],[38.74515,47.68506],[38.74512,47.68498],[38.74509,47.68495],[38.74505,47.68492],[38.74503,47.68487],[38.74507,47.68481],[38.74507,47.68477],[38.74505,47.68472],[38.74503,47.68465],[38.74502,47.68453],[38.74503,47.68446],[38.74502,47.6844],[38.74504,47.68436],[38.74504,47.68431],[38.74503,47.68427],[38.74499,47.68425],[38.74497,47.68424],[38.74487,47.68412],[38.74478,47.684],[38.74464,47.68378],[38.74455,47.68364],[38.7445,47.68353],[38.74447,47.68345],[38.74446,47.68334],[38.74449,47.68323],[38.74463,47.68302],[38.74467,47.68294],[38.74474,47.68281],[38.74475,47.68275],[38.74477,47.6827],[38.74478,47.68267],[38.74483,47.68265],[38.74489,47.68263],[38.74491,47.68261],[38.74495,47.68253],[38.74494,47.68248],[38.74493,47.68247],[38.74492,47.68243],[38.74491,47.68234],[38.74488,47.68227],[38.74478,47.68213],[38.74474,47.68207],[38.74471,47.682],[38.74465,47.68198],[38.74459,47.68195],[38.74457,47.68191],[38.74455,47.68187],[38.7445,47.68184],[38.74442,47.68181],[38.7443,47.68174],[38.7441,47.68159],[38.74402,47.68149],[38.74393,47.68145],[38.74387,47.68141],[38.74383,47.68137],[38.74383,47.68132],[38.74376,47.6813],[38.74372,47.68128],[38.74364,47.68119],[38.74358,47.68113],[38.74356,47.68107],[38.74355,47.68102],[38.74354,47.68093],[38.74345,47.68082],[38.74341,47.68076],[38.7434,47.68073],[38.74338,47.68072],[38.74335,47.6807],[38.7433,47.68064],[38.74329,47.6806],[38.74323,47.68059],[38.74318,47.68055],[38.74313,47.68054],[38.74309,47.68056],[38.74302,47.68055],[38.74296,47.68051],[38.74289,47.68049],[38.74281,47.68048],[38.74274,47.68048],[38.74258,47.68046],[38.74249,47.68046],[38.7424,47.68046],[38.74227,47.68044],[38.74223,47.68043],[38.74219,47.68042],[38.74211,47.68043],[38.74207,47.68041],[38.74203,47.68039],[38.74194,47.68037],[38.74186,47.68036],[38.74176,47.68037],[38.74166,47.68038],[38.74158,47.68038],[38.74149,47.68035],[38.74139,47.68032],[38.7413,47.68031],[38.74122,47.68031],[38.74114,47.68029],[38.7411,47.68025],[38.74103,47.68023],[38.74095,47.68025],[38.74088,47.68023],[38.74084,47.68023],[38.74081,47.68024],[38.74081,47.68025],[38.74071,47.68024],[38.74067,47.68024],[38.74059,47.68024],[38.7405,47.68025],[38.74042,47.68028],[38.74035,47.68032],[38.74026,47.68032],[38.74021,47.68036],[38.74021,47.68038],[38.74021,47.68041],[38.74017,47.68046],[38.74011,47.68054],[38.74007,47.68058],[38.74006,47.68064],[38.74003,47.68069],[38.74002,47.68071],[38.74003,47.68075],[38.73999,47.6808],[38.73999,47.68085],[38.73998,47.6809],[38.73998,47.68094],[38.73996,47.68098],[38.73988,47.68104],[38.73982,47.68108],[38.73975,47.68111],[38.73963,47.68112],[38.7395,47.6811],[38.73933,47.68108],[38.7392,47.68103],[38.7391,47.681],[38.73907,47.68097],[38.73904,47.68092],[38.73902,47.6809],[38.73891,47.68086],[38.73883,47.68082],[38.73879,47.68077],[38.73876,47.68073],[38.73871,47.68071],[38.73865,47.68067],[38.73858,47.68061],[38.73849,47.68055],[38.73844,47.6805],[38.73836,47.68046],[38.73826,47.6804],[38.73816,47.68036],[38.73811,47.68033],[38.73806,47.68032],[38.738,47.6803],[38.73793,47.68028],[38.73782,47.68027],[38.73768,47.68026],[38.73752,47.68022],[38.73739,47.68021],[38.73731,47.68021],[38.73724,47.68019],[38.7372,47.68018],[38.73707,47.68016],[38.73697,47.68017],[38.73685,47.68015],[38.73678,47.68013],[38.7367,47.68014],[38.73661,47.68014],[38.73656,47.68012],[38.7365,47.68012],[38.73639,47.68012],[38.73629,47.68014],[38.73616,47.68016],[38.73609,47.68016],[38.73598,47.68021],[38.73585,47.68026],[38.73576,47.68029],[38.73571,47.68032],[38.73569,47.68033],[38.73559,47.68038],[38.73553,47.68044],[38.7355,47.68046],[38.73545,47.68047],[38.73537,47.68051],[38.73534,47.68057],[38.73531,47.68069],[38.73527,47.68078],[38.73525,47.68091],[38.73527,47.68099],[38.73524,47.68102],[38.73522,47.68104],[38.73521,47.68105],[38.73521,47.68107],[38.73523,47.68111],[38.73521,47.68127],[38.73523,47.68135],[38.73522,47.68142],[38.73521,47.68146],[38.73523,47.68151],[38.73527,47.6816],[38.7353,47.68166],[38.73534,47.68173],[38.73533,47.68181],[38.73534,47.68189],[38.73555,47.6826],[38.73567,47.68276],[38.73574,47.68288],[38.73577,47.68295],[38.73592,47.6831],[38.73602,47.6832],[38.73611,47.68327],[38.73626,47.68334],[38.73633,47.68337],[38.7365,47.68342],[38.73669,47.68343],[38.73678,47.68343],[38.73696,47.6834],[38.73707,47.68338],[38.73724,47.68334],[38.73734,47.68334],[38.7374,47.68337],[38.73749,47.68338],[38.73761,47.68335],[38.7377,47.68334],[38.73777,47.68338],[38.73787,47.68342],[38.73797,47.68346],[38.73808,47.68349],[38.73824,47.6835],[38.73847,47.68354],[38.7386,47.68353],[38.73866,47.68352],[38.73881,47.68354],[38.73894,47.68357],[38.73903,47.68363],[38.73908,47.68368],[38.73913,47.68373],[38.73925,47.68383],[38.73936,47.68387],[38.73946,47.68391],[38.73952,47.68394],[38.73954,47.68398],[38.73955,47.68403],[38.73966,47.68415],[38.73972,47.68428],[38.73978,47.68434],[38.73982,47.68438],[38.73988,47.68456],[38.73986,47.68462],[38.73982,47.68468],[38.73978,47.68476],[38.73975,47.68486],[38.73972,47.68493],[38.73967,47.68509],[38.73947,47.68527],[38.73945,47.68532],[38.73945,47.68537],[38.73938,47.68546],[38.73923,47.68561],[38.73922,47.68567],[38.73915,47.68576],[38.73908,47.6858],[38.73904,47.68585],[38.73891,47.68594],[38.73887,47.68598],[38.73879,47.68603],[38.73872,47.68608],[38.73864,47.68614],[38.73858,47.6862],[38.73842,47.68628],[38.73836,47.68644],[38.73839,47.6865],[38.73838,47.68658],[38.73833,47.68667],[38.73825,47.68673],[38.73816,47.68682],[38.73813,47.68691],[38.73815,47.687],[38.73816,47.68705],[38.73812,47.68713],[38.73803,47.68721],[38.73795,47.68725],[38.73795,47.68731],[38.73796,47.68737],[38.73792,47.68745],[38.73791,47.68754],[38.73771,47.68772],[38.73752,47.68784],[38.7373,47.68792],[38.73702,47.68794],[38.73693,47.68795],[38.73684,47.68795],[38.73674,47.68793],[38.73665,47.68793],[38.73651,47.68787],[38.73647,47.68781],[38.73641,47.68779],[38.7363,47.68776],[38.73626,47.68771],[38.73616,47.68765],[38.73607,47.68762],[38.73603,47.68757],[38.73596,47.68752],[38.73592,47.6875],[38.73583,47.68748],[38.73566,47.68744],[38.73554,47.68736],[38.73549,47.68733],[38.73542,47.6873],[38.73517,47.68726],[38.73499,47.68723],[38.73489,47.68726],[38.73481,47.68726],[38.73479,47.68726],[38.73476,47.68723],[38.73474,47.6872],[38.73466,47.68718],[38.73465,47.68718],[38.73458,47.6872],[38.73447,47.68724],[38.7344,47.68726],[38.73427,47.68728],[38.7342,47.68729],[38.73416,47.68731],[38.73406,47.6874],[38.73404,47.68745],[38.73406,47.68749],[38.73408,47.68752],[38.73407,47.68756],[38.73403,47.68761],[38.73399,47.6876],[38.73395,47.6876],[38.73394,47.68761],[38.73395,47.68764],[38.73397,47.68766],[38.73397,47.68769],[38.73395,47.68771],[38.7339,47.68771],[38.73384,47.6877],[38.73378,47.6877],[38.73376,47.68771],[38.73379,47.68775],[38.73384,47.68776],[38.73386,47.68778],[38.73385,47.68781],[38.73378,47.68784],[38.73377,47.68785],[38.73378,47.68788],[38.73379,47.6879],[38.73377,47.68792],[38.73373,47.68793],[38.73369,47.68792],[38.73362,47.68792],[38.73359,47.68797],[38.73355,47.68801],[38.73352,47.68807],[38.73352,47.68811],[38.73349,47.68814],[38.73351,47.68818],[38.73352,47.68819],[38.7335,47.68822],[38.73345,47.68825],[38.73347,47.6883],[38.73349,47.68831],[38.73352,47.68835],[38.73351,47.68839],[38.73345,47.68843],[38.73344,47.68846],[38.73333,47.68845],[38.73328,47.68846],[38.73327,47.68849],[38.73328,47.68853],[38.73334,47.68856],[38.73334,47.68858],[38.73334,47.68862],[38.73329,47.68866],[38.73327,47.68869],[38.73323,47.68876],[38.73316,47.68884],[38.73312,47.68886],[38.73308,47.68891],[38.73301,47.68891],[38.73293,47.68891],[38.73292,47.68892],[38.7329,47.68896],[38.73283,47.68901],[38.73273,47.68899],[38.73263,47.689],[38.73248,47.68903],[38.73244,47.68905],[38.73233,47.68911],[38.73213,47.68916],[38.73199,47.6892],[38.73193,47.6892],[38.73187,47.68918],[38.73177,47.68919],[38.73164,47.68922],[38.73152,47.68923],[38.73132,47.68928],[38.73122,47.68933],[38.73118,47.68935],[38.73112,47.68936],[38.73103,47.68936],[38.73098,47.68938],[38.73091,47.68942],[38.73087,47.68945],[38.7308,47.68949],[38.73072,47.68953],[38.73065,47.68957],[38.73062,47.68962],[38.73063,47.68968],[38.73058,47.68973],[38.73049,47.68974],[38.73046,47.68976],[38.73043,47.6898],[38.7304,47.68983],[38.73038,47.68983],[38.73034,47.68986],[38.73032,47.6899],[38.7303,47.68995],[38.73028,47.68995],[38.73024,47.68998],[38.73021,47.69004],[38.73018,47.69008],[38.73019,47.69014],[38.73021,47.69018],[38.73017,47.69022],[38.73017,47.69028],[38.73015,47.69032],[38.73011,47.69035],[38.73006,47.69039],[38.73002,47.69045],[38.72994,47.69051],[38.7299,47.69058],[38.7299,47.69063],[38.72991,47.69069],[38.72986,47.69076],[38.72985,47.6908],[38.72989,47.69085],[38.72989,47.6909],[38.72986,47.69094],[38.7298,47.69104],[38.72983,47.69112],[38.72988,47.69118],[38.72991,47.69123],[38.72987,47.69129],[38.72982,47.69136],[38.72989,47.6914],[38.72989,47.69147],[38.72994,47.69156],[38.72997,47.69164],[38.72996,47.69174],[38.72997,47.69178],[38.72999,47.6918],[38.73001,47.69183],[38.72998,47.69187],[38.72999,47.69191],[38.73002,47.69194],[38.73002,47.69196],[38.73004,47.69201],[38.7301,47.69204],[38.73016,47.6921],[38.73033,47.69222],[38.73043,47.69224],[38.7306,47.69234],[38.73067,47.69241],[38.73069,47.69249],[38.73081,47.69258],[38.73101,47.69269],[38.73115,47.69278],[38.73128,47.69283],[38.73139,47.69285],[38.73163,47.69287],[38.73177,47.69294],[38.73183,47.69294],[38.73191,47.69293],[38.73197,47.69293],[38.73213,47.69298],[38.73224,47.69304],[38.73238,47.69307],[38.73257,47.69316],[38.73277,47.69328],[38.73279,47.69332],[38.73286,47.69337],[38.73295,47.69339],[38.73314,47.69351],[38.73332,47.69359],[38.73347,47.69364],[38.73363,47.69368],[38.73387,47.69382],[38.73396,47.69387],[38.73414,47.69399],[38.7342,47.69404],[38.73427,47.69406],[38.73433,47.69408],[38.73434,47.69411],[38.73436,47.69414],[38.73442,47.69417],[38.73447,47.69416],[38.7345,47.69418],[38.73452,47.69422],[38.73457,47.69424],[38.7346,47.69423],[38.73462,47.69423],[38.73463,47.6942],[38.73471,47.69423],[38.73494,47.69431],[38.73505,47.69436],[38.7351,47.69439],[38.73516,47.6944],[38.73523,47.69443],[38.7353,47.69446],[38.73539,47.69451],[38.73545,47.69457],[38.73548,47.69464],[38.73554,47.69471],[38.73553,47.69474],[38.7355,47.6948],[38.73552,47.69483],[38.73555,47.69485],[38.73554,47.6949],[38.73555,47.69493],[38.73557,47.69505],[38.73556,47.69508],[38.73559,47.69511],[38.73566,47.69513],[38.73569,47.69516],[38.73568,47.69522],[38.73568,47.69526],[38.73562,47.69534],[38.73556,47.69539],[38.73553,47.69543],[38.73553,47.69548],[38.73556,47.69552],[38.73556,47.69554],[38.73554,47.69565],[38.73552,47.69575],[38.73555,47.69581],[38.73552,47.69589],[38.73551,47.69594],[38.73553,47.69599],[38.73558,47.69603],[38.73561,47.69609],[38.73559,47.69612],[38.73555,47.69617],[38.73547,47.69622],[38.73542,47.69631],[38.73542,47.69635],[38.73545,47.6964],[38.73552,47.69645],[38.73556,47.69649],[38.7356,47.69657],[38.73556,47.69658],[38.73552,47.69656],[38.73549,47.69655],[38.73546,47.69655],[38.73542,47.69658],[38.73542,47.69662],[38.73545,47.69665],[38.73551,47.69666],[38.73553,47.69669],[38.73555,47.69674],[38.73557,47.69679],[38.73555,47.69682],[38.7355,47.69685],[38.73543,47.69686],[38.73539,47.69688],[38.73538,47.6969],[38.73543,47.69692],[38.73546,47.69694],[38.73544,47.69701],[38.73541,47.69702],[38.73543,47.69705],[38.73544,47.69707],[38.7354,47.69714],[38.73537,47.6972],[38.73541,47.69722],[38.73545,47.69723],[38.73547,47.69727],[38.73547,47.69734],[38.73549,47.69739],[38.73558,47.69747],[38.73569,47.69758],[38.73584,47.69763],[38.7359,47.69768],[38.736,47.69775],[38.73605,47.69781],[38.73608,47.69786],[38.73608,47.69791],[38.73607,47.69795],[38.73612,47.69803],[38.73612,47.69806],[38.7361,47.69809],[38.73607,47.69812],[38.73609,47.69816],[38.7361,47.6982],[38.73604,47.69826],[38.73596,47.69829],[38.73595,47.69832],[38.73596,47.69836],[38.73592,47.69839],[38.73582,47.69847],[38.73574,47.69857],[38.73563,47.6987],[38.7356,47.69878],[38.73557,47.69885],[38.73558,47.69892],[38.73563,47.69905],[38.73561,47.69912],[38.73558,47.69918],[38.73554,47.69919],[38.73545,47.69921],[38.73537,47.69921],[38.73532,47.69923],[38.73529,47.69926],[38.73528,47.6993],[38.73523,47.69936],[38.73506,47.69945],[38.73502,47.69946],[38.73497,47.69949],[38.73494,47.69955],[38.73488,47.69961],[38.73482,47.69965],[38.73477,47.69967],[38.73458,47.69971],[38.73448,47.69976],[38.73439,47.6998],[38.73432,47.69987],[38.7343,47.69992],[38.72838,47.69878],[38.69759,47.69873],[38.67976,47.6987],[38.67973,47.6987],[38.67935,47.6987],[38.67873,47.69868],[38.67848,47.69866],[38.67824,47.69868],[38.678,47.69869],[38.67715,47.69875],[38.67678,47.69878],[38.67655,47.6988],[38.67607,47.69879],[38.6758,47.69879],[38.67526,47.69877],[38.67448,47.69876],[38.67336,47.69874],[38.67249,47.69874],[38.67177,47.69877],[38.67149,47.69878],[38.67063,47.69877],[38.66975,47.69879],[38.66951,47.6988],[38.6693,47.69881],[38.66884,47.6988],[38.66632,47.6984],[38.66583,47.6988],[38.66558,47.69866],[38.66553,47.69864],[38.6652,47.69846],[38.66539,47.69837],[38.66556,47.69828],[38.6658,47.69814],[38.66606,47.69796],[38.66617,47.69788],[38.66621,47.69786],[38.66614,47.69782],[38.66612,47.69781],[38.66607,47.69778],[38.66606,47.69777],[38.66533,47.69739],[38.66549,47.69721],[38.66564,47.69706],[38.66569,47.69701],[38.66567,47.69501],[38.66576,47.68945],[38.66586,47.68767],[38.66588,47.68689],[38.66586,47.68523],[38.666,47.68279],[38.66603,47.68115],[38.66595,47.6803],[38.66607,47.67957],[38.66616,47.67847],[38.66606,47.67675],[38.66603,47.67529],[38.66597,47.67256],[38.66592,47.6714],[38.66592,47.67025],[38.66587,47.6699],[38.66581,47.66972],[38.66572,47.66955],[38.64374,47.66937],[38.62967,47.66919],[38.62972,47.65359],[38.62635,47.65384],[38.6259,47.653],[38.62552,47.65262],[38.62533,47.65224],[38.6252,47.65212],[38.62502,47.65207],[38.62473,47.65184],[38.62361,47.65073],[38.6227,47.64987],[38.62235,47.64957],[38.62209,47.64942],[38.62178,47.6493],[38.62168,47.64909],[38.62161,47.64875],[38.62143,47.64861],[38.62124,47.64851],[38.62108,47.64851],[38.62096,47.64848],[38.62063,47.64832],[38.62013,47.64804],[38.62004,47.64794],[38.61994,47.64785],[38.61979,47.64779],[38.61955,47.64777],[38.61932,47.64769],[38.61927,47.64766],[38.61913,47.64762],[38.61904,47.6476],[38.61897,47.64754],[38.61893,47.64749],[38.61888,47.64748],[38.61878,47.64739],[38.61859,47.64729],[38.61849,47.64727],[38.61824,47.64728],[38.61808,47.64732],[38.6179,47.64733],[38.61786,47.64728],[38.61783,47.64722],[38.6178,47.64717],[38.61779,47.64714],[38.61783,47.64712],[38.61789,47.64708],[38.61799,47.64709],[38.61806,47.64705],[38.61811,47.647],[38.61809,47.64692],[38.61805,47.64689],[38.61801,47.64684],[38.61808,47.64677],[38.61804,47.64671],[38.61797,47.64667],[38.61791,47.64665],[38.61784,47.64661],[38.61783,47.64654],[38.6178,47.6465],[38.61768,47.64647],[38.61751,47.64639],[38.61741,47.64633],[38.61734,47.64629],[38.61732,47.64622],[38.61737,47.64615],[38.61741,47.64608],[38.61737,47.64593],[38.61732,47.64577],[38.61719,47.64561],[38.61677,47.64531],[38.61656,47.64512],[38.61645,47.64499],[38.61642,47.6449],[38.61641,47.64475],[38.61645,47.64463],[38.61646,47.64456],[38.56382,47.64457],[38.52476,47.64443],[38.4567,47.64419],[38.45671,47.61707],[38.45668,47.61704],[38.45665,47.61702],[38.45564,47.61705],[38.4538,47.61707],[38.45238,47.61704],[38.45014,47.61705],[38.44785,47.61707],[38.44607,47.6171],[38.44426,47.61712],[38.44286,47.61714],[38.44257,47.61715],[38.44185,47.61708],[38.44024,47.61708],[38.43815,47.61706],[38.43637,47.61703],[38.43535,47.61701],[38.43406,47.61703],[38.43222,47.61704],[38.43056,47.61705],[38.43009,47.61707],[38.42956,47.61704],[38.4277,47.61703],[38.42545,47.61702],[38.42313,47.61701],[38.42152,47.617],[38.42078,47.61703],[38.41912,47.61702],[38.41726,47.61699],[38.41579,47.61695],[38.4148,47.61692],[38.41335,47.61691],[38.412,47.6169],[38.41023,47.61689],[38.40835,47.61689],[38.40668,47.61689],[38.40484,47.6169],[38.40325,47.61691],[38.40309,47.61694],[38.40288,47.61705],[38.40274,47.6171],[38.40263,47.61713],[38.4025,47.61713],[38.39525,47.61707],[38.35705,47.61678],[38.3507,47.61671],[38.35073,47.61662],[38.35067,47.61652],[38.35066,47.61639],[38.35067,47.61613],[38.35068,47.61547],[38.35066,47.61472],[38.35065,47.61308],[38.35066,47.61284],[38.35072,47.61233],[38.35076,47.61183],[38.35081,47.61107],[38.35075,47.61031],[38.35075,47.60997],[38.35072,47.60922],[38.35071,47.60843],[38.3507,47.60778],[38.35067,47.60725],[38.35068,47.60662],[38.35068,47.60627],[38.35068,47.60583],[38.35069,47.60541],[38.3507,47.60495],[38.35073,47.60456],[38.35072,47.60428],[38.35073,47.60401],[38.35074,47.60343],[38.35072,47.6029],[38.35068,47.60238],[38.35066,47.60188],[38.35066,47.6014],[38.35066,47.60074],[38.35066,47.6001],[38.35063,47.59992],[38.35063,47.59979],[38.3507,47.59959],[38.35071,47.59934],[38.35073,47.59881],[38.35075,47.59822],[38.35077,47.59747],[38.35079,47.59678],[38.3508,47.5957],[38.35084,47.59481],[38.35084,47.59426],[38.35082,47.59415],[38.35067,47.59378],[38.35063,47.59363],[38.35068,47.59351],[38.35079,47.59335],[38.35079,47.59309],[38.35081,47.59259],[38.35082,47.59194],[38.35082,47.59141],[38.3508,47.59128],[38.35082,47.58994],[38.35085,47.58963],[38.35084,47.58945],[38.35086,47.589],[38.35087,47.58828],[38.3509,47.58786],[38.35088,47.58759],[38.35085,47.58681],[38.35085,47.58657],[38.35083,47.58598],[38.35081,47.58569],[38.3508,47.5851],[38.35079,47.58463],[38.35084,47.58445],[38.35086,47.58422],[38.35085,47.58384],[38.35083,47.58334],[38.35084,47.58307],[38.35084,47.58298],[38.35089,47.58211],[38.35093,47.58089],[38.35093,47.57997],[38.35101,47.5795],[38.35101,47.57922],[38.35099,47.57871],[38.35094,47.57827],[38.35089,47.57793],[38.35091,47.57715],[38.35092,47.57628],[38.35091,47.57624],[38.31104,47.57609],[38.31106,47.5758],[38.31106,47.57566],[38.31106,47.57469],[38.31108,47.57385],[38.31107,47.57329],[38.31111,47.57277],[38.31109,47.57181],[38.31109,47.57088],[38.31109,47.56995],[38.31106,47.56929],[38.31109,47.5683],[38.31112,47.5675],[38.31114,47.56658],[38.31113,47.56558],[38.31111,47.5649],[38.31116,47.56411],[38.31114,47.56354],[38.31118,47.56284],[38.31122,47.5622],[38.31124,47.56172],[38.31126,47.56095],[38.31127,47.56007],[38.31126,47.5593],[38.31125,47.55846],[38.31128,47.55774],[38.31131,47.55706],[38.31135,47.55598],[38.31135,47.5551],[38.31138,47.55435],[38.31139,47.55388],[38.31141,47.5535],[38.31122,47.55306],[38.31103,47.55298],[38.3108,47.55288],[38.31052,47.55278],[38.3104,47.55271],[38.31015,47.55255],[38.30991,47.55246],[38.30969,47.55232],[38.30953,47.55222],[38.3095,47.55218],[38.30952,47.55213],[38.30957,47.55208],[38.30961,47.55205],[38.30962,47.5518],[38.30964,47.55165],[38.30961,47.55151],[38.30959,47.55144],[38.30953,47.55139],[38.30941,47.55132],[38.30929,47.55121],[38.30921,47.55118],[38.30917,47.55109],[38.30897,47.55097],[38.30884,47.5509],[38.30878,47.55078],[38.30854,47.55046],[38.30845,47.55022],[38.30847,47.54995],[38.30832,47.54946],[38.30828,47.54928],[38.30819,47.54914],[38.30805,47.54907],[38.30798,47.54903],[38.30788,47.54889],[38.30758,47.54879],[38.30733,47.54875],[38.30703,47.54874],[38.30688,47.54868],[38.30678,47.54868],[38.30653,47.54865],[38.30644,47.5486],[38.3063,47.54854],[38.30626,47.54847],[38.30623,47.54841],[38.30612,47.54837],[38.30605,47.54833],[38.30599,47.54824],[38.30591,47.54809],[38.30592,47.54802],[38.30584,47.54798],[38.30583,47.54787],[38.30591,47.5478],[38.30603,47.54768],[38.30617,47.54759],[38.30626,47.54748],[38.30634,47.54737],[38.30643,47.54732],[38.30659,47.54727],[38.30684,47.54706],[38.30703,47.54696],[38.30729,47.54687],[38.30741,47.5468],[38.30744,47.54677],[38.30744,47.54672],[38.30737,47.5466],[38.30727,47.5465],[38.30722,47.54642],[38.30713,47.5464],[38.30699,47.54638],[38.30695,47.54635],[38.30694,47.5463],[38.30691,47.54625],[38.30681,47.54622],[38.30662,47.54615],[38.30653,47.54611],[38.30639,47.54606],[38.30624,47.54596],[38.30602,47.54588],[38.3059,47.54582],[38.30583,47.54574],[38.30574,47.54568],[38.30567,47.54569],[38.30562,47.54572],[38.30554,47.5457],[38.30547,47.54567],[38.30546,47.54564],[38.30543,47.54558],[38.30533,47.54551],[38.30523,47.54545],[38.30517,47.54541],[38.30514,47.54527],[38.30522,47.54519],[38.30524,47.54514],[38.30521,47.54509],[38.30522,47.54504],[38.3052,47.54499],[38.30521,47.54494],[38.30529,47.5449],[38.30539,47.54488],[38.30567,47.54485],[38.30619,47.54478],[38.30645,47.54473],[38.30651,47.54469],[38.28558,47.54449],[38.2851,47.54429],[38.28501,47.54425],[38.28494,47.54415],[38.28493,47.544],[38.28494,47.54366],[38.28493,47.54289],[38.28494,47.54208],[38.28496,47.54127],[38.28499,47.54049],[38.28498,47.53985],[38.28499,47.53911],[38.28501,47.53882],[38.28504,47.53846],[38.28499,47.53787],[38.28502,47.53743],[38.28503,47.53682],[38.28504,47.5362],[38.28502,47.53575],[38.28507,47.53556],[38.28506,47.53495],[38.28507,47.5343],[38.28508,47.53359],[38.28509,47.5329],[38.28511,47.53231],[38.28514,47.53174],[38.28518,47.53119],[38.28518,47.531],[38.28517,47.53081],[38.28514,47.53006],[38.28511,47.52983],[38.28507,47.5297],[38.28503,47.52956],[38.28503,47.52948],[38.28509,47.5294],[38.2851,47.52932],[38.28509,47.52883],[38.28508,47.52792],[38.28505,47.5271],[38.28504,47.52634],[38.28504,47.52569],[38.28506,47.52424],[38.28505,47.52375],[38.28506,47.52327],[38.2851,47.52318],[38.28509,47.52301],[38.28512,47.52285],[38.28524,47.52272],[38.28527,47.52268],[38.28526,47.52264],[38.28516,47.52259],[38.28495,47.52241],[38.28497,47.52237],[38.28512,47.52231],[38.28536,47.52219],[38.28546,47.5221],[38.28547,47.52203],[38.28545,47.52199],[38.28529,47.52197],[38.28503,47.52192],[38.28505,47.52187],[38.28512,47.52183],[38.28527,47.52173],[38.28516,47.52161],[38.28511,47.52144],[38.28513,47.52122],[38.28513,47.52108],[38.28505,47.52092],[38.28504,47.52034],[38.28503,47.52006],[38.28501,47.5197],[38.28498,47.51937],[38.28497,47.51856],[38.28493,47.51799],[38.28492,47.51766],[38.28501,47.51746],[38.28503,47.5173],[38.28504,47.51659],[38.28505,47.51558],[38.28507,47.51439],[38.28506,47.51379],[38.28507,47.51247],[38.2851,47.51178],[38.28511,47.51091],[38.28515,47.50988],[38.28516,47.509],[38.28515,47.50877],[38.28514,47.50848],[38.28528,47.50838],[38.28546,47.5083],[38.2857,47.50825],[38.29254,47.50695],[38.29242,47.50686],[38.2923,47.50674],[38.29212,47.50662],[38.29204,47.50654],[38.29191,47.50641],[38.2917,47.50627],[38.29155,47.50623],[38.29144,47.50621],[38.2914,47.50614],[38.29139,47.50607],[38.29124,47.50598],[38.29104,47.50577],[38.29093,47.50553],[38.29092,47.50537],[38.29092,47.50531],[38.29098,47.50523],[38.29107,47.50516],[38.29126,47.50509],[38.2915,47.50504],[38.2917,47.50502],[38.29184,47.50504],[38.29201,47.50505],[38.29223,47.505],[38.29249,47.50493],[38.29274,47.50487],[38.29285,47.50482],[38.29296,47.50481],[38.29312,47.50474],[38.29323,47.50469],[38.29338,47.50462],[38.29348,47.50451],[38.29356,47.50442],[38.29358,47.50426],[38.29352,47.50413],[38.29341,47.50402],[38.29339,47.50393],[38.29335,47.50385],[38.29332,47.50376],[38.29329,47.50361],[38.29325,47.50349],[38.29323,47.50334],[38.29333,47.50311],[38.29342,47.50296],[38.29356,47.50275],[38.29369,47.50257],[38.29377,47.50243],[38.2938,47.50226],[38.29382,47.50211],[38.29383,47.5019],[38.29377,47.50176],[38.29366,47.50167],[38.29353,47.50161],[38.29343,47.50156],[38.2934,47.50143],[38.29338,47.50132],[38.29333,47.50123],[38.29324,47.50111],[38.29313,47.50101],[38.29299,47.50094],[38.2928,47.50088],[38.29265,47.50082],[38.29258,47.50072],[38.29246,47.50059],[38.29237,47.50046],[38.29232,47.5003],[38.29217,47.50017],[38.29218,47.50007],[38.29217,47.49998],[38.2921,47.49991],[38.29195,47.49986],[38.29178,47.49982],[38.29161,47.4998],[38.29139,47.49976],[38.29117,47.49972],[38.29084,47.49963],[38.2905,47.49951],[38.29026,47.49939],[38.29018,47.49931],[38.29011,47.49923],[38.29007,47.49912],[38.29013,47.49894],[38.29033,47.49876],[38.29044,47.49863],[38.29051,47.49841],[38.29046,47.49823],[38.29042,47.49803],[38.29034,47.4978],[38.29017,47.49755],[38.29012,47.49733],[38.29009,47.49714],[38.2901,47.49698],[38.2901,47.49678],[38.29032,47.4966],[38.29068,47.49643],[38.29084,47.49629],[38.29106,47.49616],[38.29127,47.49603],[38.29138,47.49595],[38.29146,47.49586],[38.29156,47.49579],[38.29158,47.49578],[38.29164,47.4957],[38.2917,47.49569],[38.29177,47.49566],[38.29178,47.49554],[38.2918,47.4954],[38.2918,47.49523],[38.29174,47.49506],[38.29166,47.49481],[38.29159,47.49475],[38.29156,47.49466],[38.29155,47.49465],[38.29153,47.49465],[38.29151,47.49465],[38.29145,47.49467],[38.29139,47.49466],[38.29136,47.49461],[38.29129,47.4946],[38.29123,47.49455],[38.29114,47.49455],[38.29096,47.49451],[38.29086,47.49448],[38.29081,47.4944],[38.29075,47.4944],[38.2907,47.49436],[38.29066,47.49433],[38.29059,47.49432],[38.29052,47.49431],[38.29052,47.49427],[38.29047,47.49424],[38.29046,47.49406],[38.29047,47.49385],[38.29051,47.49374],[38.29045,47.49368],[38.29043,47.49342],[38.29041,47.49317],[38.2904,47.49289],[38.29033,47.49281],[38.29025,47.49273],[38.29002,47.49259],[38.28994,47.49249],[38.28992,47.49237],[38.28993,47.49224],[38.29,47.49214],[38.29023,47.49198],[38.29082,47.49175],[38.29136,47.4916],[38.29174,47.4914],[38.29192,47.49115],[38.29199,47.49059],[38.29188,47.4905],[38.29175,47.49042],[38.29168,47.49038],[38.29163,47.49035],[38.29157,47.49032],[38.29152,47.49031],[38.29144,47.49028],[38.29134,47.49021],[38.29122,47.49015],[38.29101,47.49006],[38.29099,47.49001],[38.29095,47.48997],[38.29086,47.48992],[38.29078,47.48989],[38.29069,47.48986],[38.2906,47.48976],[38.29054,47.48969],[38.29043,47.48962],[38.29025,47.48958],[38.29007,47.48956],[38.2899,47.4895],[38.28973,47.48943],[38.28957,47.48925],[38.28939,47.48919],[38.28919,47.48915],[38.28894,47.48907],[38.2888,47.48898],[38.2886,47.48883],[38.28851,47.48871],[38.28847,47.48849],[38.28849,47.48836],[38.28856,47.48824],[38.28869,47.48819],[38.28872,47.48807],[38.28872,47.48799],[38.28863,47.48791],[38.28848,47.4878],[38.28831,47.48755],[38.28806,47.48732],[38.28787,47.4872],[38.28759,47.48715],[38.28738,47.4871],[38.28723,47.48699],[38.28714,47.48679],[38.28704,47.48658],[38.28698,47.48633],[38.2869,47.48576],[38.28686,47.48554],[38.28686,47.48529],[38.28691,47.4851],[38.28696,47.48491],[38.28694,47.48478],[38.28693,47.48462],[38.28691,47.4845],[38.28687,47.4844],[38.28686,47.48429],[38.28697,47.48406],[38.28706,47.48384],[38.28713,47.48372],[38.28715,47.48356],[38.28713,47.48347],[38.28724,47.48337],[38.28744,47.48315],[38.28754,47.48301],[38.28761,47.4828],[38.2876,47.48273],[38.28756,47.48268],[38.28753,47.48265],[38.28748,47.48263],[38.2874,47.48262],[38.28727,47.48261],[38.28719,47.48258],[38.28713,47.48251],[38.2871,47.48245],[38.28708,47.48237],[38.28713,47.4823],[38.28721,47.48225],[38.28745,47.48213],[38.28766,47.48206],[38.2878,47.482],[38.28791,47.48193],[38.288,47.48185],[38.28805,47.48173],[38.28813,47.48144],[38.28816,47.48127],[38.28819,47.48101],[38.28821,47.48069],[38.28822,47.48036],[38.28824,47.48018],[38.28825,47.48008],[38.28829,47.48001],[38.28827,47.47994],[38.28833,47.47985],[38.28838,47.4794],[38.28833,47.47902],[38.28834,47.47885],[38.28839,47.47878],[38.28847,47.47867],[38.28849,47.47854],[38.28847,47.47843],[38.2885,47.47831],[38.28861,47.47819],[38.28875,47.47806],[38.28889,47.47786],[38.28898,47.47776],[38.28909,47.47763],[38.28918,47.4775],[38.28922,47.47737],[38.28929,47.47714],[38.28925,47.47699],[38.28919,47.4769],[38.28924,47.47676],[38.28922,47.47662],[38.28915,47.47655],[38.28901,47.47645],[38.289,47.47639],[38.28902,47.47633],[38.28906,47.47631],[38.2891,47.47631],[38.28919,47.47635],[38.28927,47.4764],[38.28937,47.47641],[38.28948,47.47639],[38.28963,47.47635],[38.28987,47.47629],[38.29014,47.47622],[38.29051,47.47613],[38.29099,47.47604],[38.29152,47.47594],[38.29174,47.47592],[38.2919,47.47595],[38.29207,47.47595],[38.29285,47.47595],[38.29356,47.47595],[38.29383,47.47598],[38.29397,47.47598],[38.29429,47.47604],[38.29451,47.47607],[38.2947,47.47605],[38.29491,47.476],[38.29513,47.47593],[38.2953,47.47586],[38.29536,47.47578],[38.29548,47.47571],[38.29554,47.4756],[38.29555,47.47553],[38.29553,47.47547],[38.29547,47.47544],[38.29544,47.47537],[38.29539,47.47532],[38.29533,47.47528],[38.29533,47.47519],[38.29525,47.47514],[38.29512,47.4751],[38.29499,47.47499],[38.29491,47.47492],[38.29479,47.47487],[38.29472,47.47477],[38.29468,47.4747],[38.30217,47.47511],[38.30217,47.47495],[38.30221,47.47478],[38.30225,47.47463],[38.30226,47.47456],[38.30225,47.47426],[38.30225,47.47396],[38.30226,47.47371],[38.30227,47.47355],[38.30227,47.47319],[38.30227,47.47268],[38.30226,47.47233],[38.30226,47.47208],[38.30226,47.47177],[38.30225,47.47148],[38.30225,47.47124],[38.30225,47.47091],[38.30225,47.47056],[38.30225,47.47019],[38.30225,47.46977],[38.30224,47.46946],[38.30224,47.46906],[38.30223,47.46878],[38.30222,47.46845],[38.30221,47.46834],[38.30219,47.46825],[38.30218,47.46819],[38.30218,47.46813],[38.30219,47.4681],[38.30221,47.46799],[38.30223,47.46793],[38.30226,47.46761],[38.30232,47.4662],[38.30233,47.46594],[38.30234,47.46536],[38.30238,47.46492],[38.30239,47.46456],[38.30241,47.46407],[38.30244,47.46364],[38.30246,47.46327],[38.30249,47.46306],[38.30253,47.46277],[38.30253,47.46271],[38.30252,47.46243],[38.30253,47.46211],[38.30253,47.46179],[38.30255,47.46153],[38.30253,47.46145],[38.30253,47.46138],[38.30253,47.46113],[38.30252,47.46085],[38.30252,47.46074],[38.30253,47.46034],[38.30253,47.45994],[38.30255,47.4593],[38.30256,47.45888],[38.30256,47.4585],[38.30256,47.45818],[38.30257,47.45783],[38.30257,47.45752],[38.30256,47.45722],[38.30256,47.45697],[38.30257,47.45658],[38.30257,47.45617],[38.30258,47.45573],[38.30259,47.45541],[38.30259,47.45498],[38.3027,47.45377],[38.30267,47.45362],[38.3026,47.45345],[38.30257,47.45334],[38.30257,47.453],[38.30258,47.45248],[38.3026,47.4519],[38.30259,47.4515],[38.30261,47.4511],[38.3026,47.45101],[38.30258,47.45085],[38.30257,47.45041],[38.30257,47.45007],[38.30257,47.44979],[38.30257,47.44948],[38.30256,47.44913],[38.30257,47.44877],[38.30258,47.44845],[38.30258,47.44809],[38.30259,47.44782],[38.3026,47.4474],[38.30261,47.44721],[38.30262,47.44696],[38.30262,47.44655],[38.30262,47.44645],[38.30261,47.44631],[38.3026,47.44618],[38.30261,47.44593],[38.30262,47.44554],[38.30263,47.44537],[38.30266,47.4452],[38.30265,47.44491],[38.30262,47.44484],[38.30262,47.44475],[38.30263,47.44445],[38.30262,47.44433],[38.30262,47.44417],[38.30262,47.444],[38.30263,47.44375],[38.30264,47.44365],[38.30265,47.44341],[38.30266,47.44319],[38.30266,47.44295],[38.30267,47.44282],[38.30268,47.44265],[38.30269,47.4424],[38.30269,47.44217],[38.30269,47.44199],[38.30269,47.44181],[38.30268,47.4415],[38.30268,47.44125],[38.30268,47.44112],[38.30266,47.441],[38.30266,47.44082],[38.30268,47.44071],[38.30271,47.44062],[38.3027,47.44045],[38.3027,47.44012],[38.3027,47.44003],[38.3027,47.43979],[38.30271,47.43933],[38.30273,47.43904],[38.30273,47.43882],[38.30275,47.43869],[38.30277,47.43827],[38.30276,47.43807],[38.30277,47.43791],[38.30291,47.43706],[38.3029,47.43695],[38.30285,47.43685],[38.30277,47.43674],[38.30277,47.43664],[38.30277,47.43654],[38.30275,47.43631],[38.30276,47.43607],[38.30275,47.43593],[38.30274,47.43527],[38.30272,47.43478],[38.3027,47.43414],[38.3027,47.43363],[38.3027,47.43318],[38.30268,47.43266],[38.30267,47.43213],[38.30266,47.43172],[38.30267,47.43129],[38.30268,47.4309],[38.30269,47.43037],[38.30269,47.42993],[38.30269,47.42983],[38.30267,47.42961],[38.3026,47.42947],[38.30258,47.42941],[38.30257,47.42931],[38.30259,47.42851],[38.30265,47.42845],[38.30276,47.42842],[38.30281,47.42838],[38.30284,47.42835],[38.30284,47.42831],[38.30282,47.42825],[38.3028,47.42817],[38.30281,47.4278],[38.3028,47.42724],[38.3028,47.42665],[38.30278,47.42602],[38.3028,47.42551],[38.3028,47.42498],[38.3028,47.42482],[38.30296,47.41514],[38.30297,47.41487],[38.30299,47.41416],[38.30301,47.41368],[38.303,47.41354],[38.303,47.41303],[38.30303,47.41216],[38.30304,47.41172],[38.30307,47.41125],[38.3031,47.41081],[38.30309,47.41061],[38.30309,47.40986],[38.30312,47.40951],[38.30318,47.40923],[38.30319,47.40909],[38.30318,47.40888],[38.30316,47.40879],[38.30307,47.4081],[38.30304,47.40759],[38.30308,47.40748],[38.30312,47.40744],[38.3032,47.40741],[38.3033,47.40737],[38.30334,47.40734],[38.30336,47.40729],[38.3033,47.40722],[38.30325,47.40719],[38.30321,47.40717],[38.30314,47.40714],[38.30312,47.40711],[38.30309,47.40705],[38.30306,47.40697],[38.30304,47.40684],[38.30303,47.40655],[38.30303,47.40632],[38.30305,47.40612],[38.30308,47.40587],[38.30312,47.40568],[38.30312,47.40546],[38.30312,47.40529],[38.30309,47.40509],[38.30307,47.40478],[38.30307,47.40439],[38.30308,47.40413],[38.30308,47.40367],[38.30306,47.40355],[38.30301,47.40332],[38.30301,47.40311],[38.30301,47.40295],[38.30302,47.40271],[38.30297,47.40247],[38.30292,47.40233],[38.30285,47.40209],[38.30279,47.40172],[38.30277,47.40149],[38.30278,47.40126],[38.30279,47.40102],[38.30283,47.4008],[38.30281,47.40055],[38.30277,47.40023],[38.30273,47.3998],[38.30267,47.39955],[38.30265,47.39932],[38.30265,47.3991],[38.30266,47.39857],[38.30265,47.39844],[38.30259,47.39836],[38.30259,47.39831],[38.3026,47.39825],[38.30252,47.39764],[38.30256,47.39754],[38.30264,47.39747],[38.30275,47.39734],[38.30278,47.39727],[38.30279,47.39716],[38.30275,47.39711],[38.30268,47.39707],[38.30262,47.39699],[38.30262,47.39692],[38.30267,47.39686],[38.30272,47.3968],[38.30277,47.39671],[38.30279,47.39655],[38.30277,47.39647],[38.30266,47.39636],[38.3026,47.39628],[38.30258,47.39617],[38.30256,47.39586],[38.30252,47.39559],[38.30248,47.39546],[38.3025,47.3954],[38.30254,47.39533],[38.30266,47.39513],[38.30265,47.39504],[38.30261,47.3949],[38.30262,47.39478],[38.30261,47.39457],[38.30262,47.3944],[38.3026,47.39417],[38.30258,47.39393],[38.30258,47.39366],[38.30258,47.39357],[38.30256,47.39278],[38.30257,47.39273],[38.3026,47.3926],[38.30261,47.39244],[38.3026,47.39224],[38.30263,47.39213],[38.30263,47.39162],[38.2868,47.3915],[38.287,47.37358],[38.25726,47.37335],[38.25708,47.37324],[38.25691,47.37319],[38.25686,47.37313],[38.25683,47.37311],[38.25661,47.37307],[38.25653,47.37301],[38.25646,47.37295],[38.25641,47.3729],[38.25633,47.37285],[38.25615,47.37274],[38.25603,47.37265],[38.25596,47.37261],[38.25595,47.37259],[38.256,47.37255],[38.25601,47.3725],[38.25602,47.37246],[38.25602,47.37238],[38.25599,47.37234],[38.25594,47.37233],[38.25587,47.37229],[38.25587,47.37224],[38.2559,47.37219],[38.25592,47.37216],[38.25591,47.37212],[38.25588,47.37211],[38.25583,47.37208],[38.2557,47.37204],[38.2556,47.37204],[38.25548,47.37201],[38.25542,47.37194],[38.25534,47.37185],[38.25508,47.37177],[38.25464,47.37168],[38.25451,47.37167],[38.25441,47.37165],[38.25426,47.37162],[38.25416,47.37156],[38.25394,47.37141],[38.25382,47.37133],[38.25379,47.37127],[38.2538,47.37124],[38.25378,47.3712],[38.25377,47.37117],[38.25378,47.37109],[38.25378,47.37107],[38.25378,47.37104],[38.25376,47.37102],[38.25378,47.371],[38.25383,47.37099],[38.25388,47.37097],[38.25394,47.37094],[38.25394,47.37092],[38.25403,47.3709],[38.25413,47.37084],[38.25422,47.37074],[38.25426,47.37069],[38.25429,47.37059],[38.25427,47.37056],[38.25422,47.37053],[38.25414,47.37051],[38.25408,47.37051],[38.25402,47.37047],[38.25392,47.37043],[38.25384,47.37043],[38.25374,47.3704],[38.25364,47.37031],[38.25343,47.37018],[38.25337,47.37013],[38.25329,47.37011],[38.25329,47.37007],[38.25323,47.37005],[38.25308,47.37],[38.25297,47.36993],[38.25292,47.36986],[38.25289,47.36979],[38.25288,47.36974],[38.25286,47.36971],[38.25275,47.36968],[38.25262,47.36966],[38.25242,47.36963],[38.25225,47.36955],[38.25197,47.36942],[38.25156,47.36925],[38.2514,47.36916],[38.25133,47.36909],[38.25127,47.36906],[38.25114,47.36899],[38.25105,47.36895],[38.25093,47.36891],[38.25083,47.36884],[38.2508,47.36874],[38.25073,47.36863],[38.25066,47.36854],[38.25057,47.36838],[38.25059,47.36835],[38.25064,47.36833],[38.2507,47.36828],[38.25069,47.36824],[38.25059,47.36817],[38.25049,47.36807],[38.25031,47.36795],[38.25016,47.36789],[38.24999,47.36785],[38.2499,47.3678],[38.24983,47.36775],[38.24978,47.36769],[38.24974,47.36759],[38.24972,47.36745],[38.24964,47.36724],[38.24957,47.36709],[38.24954,47.36695],[38.24953,47.36689],[38.24951,47.36686],[38.24948,47.36685],[38.24945,47.36684],[38.24942,47.36682],[38.2494,47.36678],[38.24938,47.36674],[38.24934,47.36671],[38.24929,47.36666],[38.24917,47.3666],[38.24907,47.36654],[38.24899,47.36652],[38.24891,47.3665],[38.24882,47.36649],[38.2487,47.36644],[38.24863,47.36641],[38.24856,47.36639],[38.24847,47.36638],[38.24841,47.36638],[38.24831,47.36635],[38.24818,47.36633],[38.24809,47.36631],[38.24794,47.36626],[38.24786,47.36621],[38.2478,47.36617],[38.24777,47.36612],[38.24775,47.36607],[38.24774,47.36602],[38.24778,47.36598],[38.24782,47.36596],[38.24782,47.36594],[38.24778,47.36591],[38.24773,47.36588],[38.24768,47.36582],[38.24761,47.36578],[38.24752,47.36576],[38.24744,47.36574],[38.24738,47.36572],[38.24737,47.3657],[38.24738,47.36566],[38.24742,47.3656],[38.24746,47.36552],[38.24747,47.36546],[38.24744,47.36543],[38.24738,47.3654],[38.24728,47.36536],[38.2472,47.36534],[38.24707,47.36531],[38.24701,47.36526],[38.24694,47.36523],[38.24687,47.3652],[38.2468,47.36517],[38.24672,47.36513],[38.24664,47.36511],[38.24657,47.36508],[38.24651,47.36503],[38.24644,47.36495],[38.2464,47.36488],[38.24636,47.36479],[38.24633,47.36474],[38.24629,47.36468],[38.24627,47.36463],[38.24628,47.3646],[38.2463,47.36459],[38.24633,47.36455],[38.24633,47.36451],[38.24629,47.36449],[38.24626,47.36447],[38.24622,47.36444],[38.24619,47.36439],[38.24614,47.3643],[38.24608,47.36425],[38.24601,47.36418],[38.24595,47.36413],[38.24588,47.3641],[38.24578,47.36408],[38.24565,47.36406],[38.24556,47.36401],[38.24545,47.36393],[38.24537,47.36389],[38.24527,47.36391],[38.24522,47.36393],[38.24516,47.36393],[38.2451,47.3639],[38.24504,47.36386],[38.24496,47.3638],[38.24491,47.36375],[38.24485,47.36373],[38.24479,47.36372],[38.24472,47.36371],[38.24466,47.36369],[38.24465,47.36367],[38.24466,47.36363],[38.24467,47.3636],[38.2447,47.36357],[38.24474,47.36356],[38.24479,47.36355],[38.24485,47.36354],[38.24488,47.36351],[38.24489,47.36347],[38.24487,47.3634],[38.24486,47.36335],[38.24483,47.36329],[38.2448,47.36326],[38.24477,47.36321],[38.24475,47.36317],[38.24479,47.36313],[38.24485,47.36307],[38.24493,47.36304],[38.245,47.36302],[38.24514,47.36296],[38.2453,47.36287],[38.24536,47.36283],[38.24536,47.36279],[38.24535,47.36276],[38.24536,47.36271],[38.24541,47.36271],[38.24547,47.36271],[38.24551,47.36271],[38.24561,47.36266],[38.24589,47.36251],[38.24605,47.36242],[38.24615,47.36237],[38.24624,47.36231],[38.24633,47.36226],[38.2464,47.36224],[38.24647,47.36225],[38.24653,47.36227],[38.24659,47.36225],[38.24667,47.36221],[38.24674,47.36216],[38.24689,47.3621],[38.24702,47.36202],[38.24712,47.36196],[38.24723,47.36191],[38.24729,47.36186],[38.24732,47.36183],[38.24737,47.36181],[38.2474,47.36174],[38.24742,47.3617],[38.24744,47.36165],[38.24744,47.36159],[38.24743,47.36157],[38.24741,47.36154],[38.24737,47.3615],[38.24733,47.36146],[38.24731,47.36142],[38.2473,47.36137],[38.2473,47.36133],[38.24731,47.3613],[38.24731,47.36127],[38.24727,47.36123],[38.24726,47.36121],[38.24728,47.36117],[38.24728,47.36113],[38.24728,47.36109],[38.24728,47.36104],[38.24726,47.361],[38.24724,47.36098],[38.24719,47.36092],[38.24714,47.36086],[38.24708,47.36077],[38.24703,47.36068],[38.24699,47.36059],[38.24698,47.3605],[38.24697,47.36045],[38.24699,47.36035],[38.24701,47.36028],[38.24701,47.36021],[38.24701,47.36011],[38.24703,47.36003],[38.24707,47.35996],[38.24713,47.35989],[38.2472,47.35984],[38.24725,47.35978],[38.24733,47.3597],[38.24739,47.35963],[38.24742,47.35955],[38.24749,47.35942],[38.24756,47.35935],[38.24761,47.35931],[38.24771,47.35926],[38.24786,47.35923],[38.24811,47.35919],[38.24838,47.35915],[38.24849,47.35911],[38.24863,47.35907],[38.24873,47.35903],[38.24882,47.35898],[38.24893,47.35888],[38.24899,47.35881],[38.249,47.35872],[38.249,47.35868],[38.24899,47.35865],[38.24895,47.35863],[38.24888,47.35863],[38.24882,47.35864],[38.24878,47.35866],[38.24875,47.35869],[38.2487,47.35869],[38.24866,47.35868],[38.24866,47.35866],[38.24866,47.35863],[38.24868,47.3586],[38.24869,47.35858],[38.2487,47.35855],[38.24872,47.35851],[38.24875,47.35845],[38.24873,47.35839],[38.24874,47.35835],[38.24877,47.35831],[38.24882,47.35828],[38.24883,47.35826],[38.24882,47.35823],[38.24879,47.35819],[38.24877,47.35817],[38.24874,47.3581],[38.24874,47.35804],[38.24876,47.35797],[38.24878,47.35789],[38.24879,47.35784],[38.24882,47.35781],[38.24879,47.35774],[38.24878,47.35765],[38.24878,47.35757],[38.24883,47.35746],[38.24893,47.35736],[38.24909,47.35726],[38.24917,47.3572],[38.24927,47.35709],[38.24929,47.35699],[38.24922,47.35693],[38.24919,47.35688],[38.24916,47.3568],[38.24919,47.35669],[38.24925,47.35659],[38.24923,47.35642],[38.24913,47.35631],[38.2489,47.35622],[38.24868,47.35609],[38.24849,47.35598],[38.24834,47.35588],[38.24817,47.35569],[38.24809,47.35558],[38.24798,47.35547],[38.24775,47.35532],[38.24749,47.35514],[38.24729,47.35495],[38.24706,47.35476],[38.24683,47.35463],[38.24658,47.35439],[38.2464,47.35419],[38.24639,47.35405],[38.24639,47.35395],[38.24643,47.35387],[38.24642,47.35379],[38.24636,47.35373],[38.24633,47.35367],[38.24629,47.35354],[38.24626,47.3535],[38.24621,47.35344],[38.24617,47.35336],[38.2461,47.35332],[38.24602,47.35324],[38.24599,47.35315],[38.24595,47.35308],[38.24589,47.35296],[38.24587,47.35287],[38.24584,47.3528],[38.2458,47.35273],[38.24579,47.35263],[38.24581,47.35257],[38.24573,47.3525],[38.24567,47.35234],[38.24568,47.3522],[38.24572,47.35207],[38.2458,47.35195],[38.24592,47.35184],[38.246,47.35176],[38.24607,47.3517],[38.24611,47.35164],[38.24611,47.35157],[38.24612,47.35154],[38.24609,47.35141],[38.24609,47.35136],[38.2461,47.35132],[38.24607,47.35126],[38.24602,47.3512],[38.24596,47.35102],[38.24596,47.35096],[38.24597,47.35089],[38.24596,47.35082],[38.24596,47.35077],[38.24593,47.35073],[38.24589,47.35066],[38.24582,47.35057],[38.24566,47.35034],[38.24558,47.35021],[38.24543,47.35006],[38.24525,47.34995],[38.24517,47.34985],[38.24508,47.34977],[38.24485,47.34967],[38.24469,47.34958],[38.24464,47.34951],[38.24456,47.34945],[38.24443,47.34938],[38.24426,47.34929],[38.24405,47.34917],[38.24391,47.34908],[38.24366,47.34896],[38.24341,47.34886],[38.24332,47.3488],[38.24316,47.34876],[38.24307,47.34873],[38.24295,47.34866],[38.24272,47.34854],[38.24262,47.34845],[38.24251,47.34836],[38.24233,47.34824],[38.24216,47.34814],[38.24205,47.34804],[38.24196,47.34796],[38.24178,47.34784],[38.24169,47.34777],[38.24163,47.3477],[38.24144,47.34761],[38.24133,47.34759],[38.24123,47.34756],[38.24111,47.3475],[38.24098,47.34743],[38.2405,47.34715],[38.24023,47.34698],[38.24012,47.34691],[38.24004,47.34682],[38.23994,47.34671],[38.23979,47.34661],[38.2396,47.34652],[38.2394,47.34642],[38.23921,47.34626],[38.23914,47.34618],[38.2391,47.34612],[38.23903,47.34606],[38.23889,47.34601],[38.2387,47.34599],[38.23859,47.34598],[38.23848,47.346],[38.23839,47.34601],[38.23828,47.34596],[38.23823,47.34591],[38.2381,47.34585],[38.2377,47.34579],[38.23716,47.34574],[38.23684,47.34573],[38.23661,47.34567],[38.23643,47.34561],[38.23601,47.34554],[38.2356,47.34545],[38.23473,47.34519],[38.23403,47.34498],[38.2334,47.34484],[38.23302,47.34474],[38.23282,47.34466],[38.23258,47.34454],[38.23239,47.34447],[38.2323,47.34441],[38.23217,47.34437],[38.23203,47.34436],[38.23195,47.34437],[38.23181,47.34433],[38.23168,47.34427],[38.23157,47.34417],[38.23144,47.34402],[38.23139,47.34393],[38.23134,47.34388],[38.23129,47.34379],[38.23129,47.34371],[38.23125,47.34363],[38.23121,47.34356],[38.23111,47.3435],[38.23092,47.34337],[38.23079,47.34325],[38.23067,47.34309],[38.23058,47.343],[38.23051,47.34294],[38.2305,47.34287],[38.23057,47.34271],[38.23076,47.34239],[38.2309,47.34223],[38.23093,47.34217],[38.23098,47.34205],[38.23099,47.34198],[38.23098,47.34191],[38.23097,47.34183],[38.23098,47.34168],[38.23099,47.34161],[38.23099,47.34155],[38.23097,47.34149],[38.23098,47.34126],[38.23093,47.34101],[38.2309,47.34085],[38.2309,47.34075],[38.23093,47.34064],[38.2309,47.34054],[38.23085,47.34049],[38.23084,47.34042],[38.23087,47.34037],[38.23088,47.3403],[38.23085,47.34028],[38.23085,47.34023],[38.23084,47.34009],[38.2308,47.34003],[38.23075,47.34],[38.23071,47.33992],[38.23066,47.33982],[38.23059,47.33974],[38.23052,47.33971],[38.23049,47.33966],[38.23047,47.33959],[38.23048,47.33952],[38.23048,47.33944],[38.2305,47.33939],[38.23048,47.33929],[38.23047,47.33922],[38.23046,47.33917],[38.23045,47.33911],[38.23048,47.33905],[38.23051,47.33897],[38.23051,47.3389],[38.23047,47.33886],[38.23039,47.33879],[38.23034,47.33877],[38.23031,47.33876],[38.2303,47.33872],[38.23029,47.33868],[38.23027,47.33866],[38.2302,47.33863],[38.23012,47.33859],[38.22998,47.3386],[38.22989,47.3386],[38.22982,47.33859],[38.22966,47.33855],[38.22954,47.33852],[38.22942,47.33846],[38.22934,47.33842],[38.22926,47.33839],[38.22922,47.33835],[38.22919,47.33832],[38.22914,47.3383],[38.22908,47.33829],[38.22892,47.33824],[38.22882,47.33819],[38.22874,47.33812],[38.22849,47.338],[38.2284,47.33797],[38.22826,47.33793],[38.22817,47.33792],[38.22804,47.33788],[38.22788,47.33781],[38.22752,47.33766],[38.22737,47.33758],[38.2273,47.3375],[38.22716,47.33743],[38.2271,47.33742],[38.22701,47.3374],[38.22696,47.33736],[38.22689,47.33729],[38.2268,47.3372],[38.22656,47.33709],[38.22633,47.33695],[38.2261,47.3368],[38.22601,47.33673],[38.22597,47.33667],[38.22595,47.33661],[38.22589,47.33656],[38.22581,47.3365],[38.22576,47.33643],[38.22572,47.33637],[38.22557,47.33627],[38.22543,47.33621],[38.22525,47.33613],[38.2251,47.33607],[38.22485,47.33603],[38.22469,47.33602],[38.22465,47.33599],[38.22458,47.33588],[38.2245,47.33577],[38.22447,47.33576],[38.22441,47.3357],[38.22432,47.33558],[38.22434,47.33553],[38.22438,47.33549],[38.22442,47.33544],[38.22442,47.33538],[38.22444,47.33536],[38.22449,47.33533],[38.22447,47.33525],[38.22441,47.33523],[38.22433,47.33518],[38.22428,47.33514],[38.22425,47.33508],[38.22426,47.33502],[38.22425,47.33498],[38.22421,47.33494],[38.22416,47.3349],[38.22412,47.33489],[38.22408,47.33487],[38.22406,47.33485],[38.22404,47.3348],[38.22394,47.33469],[38.22389,47.33462],[38.2239,47.3346],[38.22392,47.33456],[38.22389,47.33451],[38.22385,47.3344],[38.22382,47.33437],[38.22379,47.33435],[38.22374,47.33431],[38.22372,47.33428],[38.22369,47.33423],[38.2236,47.33417],[38.22353,47.33415],[38.22348,47.33415],[38.2234,47.33414],[38.22335,47.33411],[38.22336,47.33407],[38.22335,47.33404],[38.2233,47.33401],[38.22324,47.33399],[38.2232,47.334],[38.22314,47.33397],[38.22307,47.33396],[38.22304,47.33395],[38.22301,47.33387],[38.22296,47.33384],[38.22292,47.33384],[38.22286,47.33382],[38.22282,47.33381],[38.22276,47.33379],[38.22273,47.33374],[38.22271,47.33369],[38.22268,47.33367],[38.22267,47.33364],[38.22268,47.33361],[38.22266,47.33358],[38.22262,47.33355],[38.22259,47.33353],[38.22253,47.33351],[38.2225,47.33348],[38.22249,47.33345],[38.22249,47.3334],[38.22247,47.33334],[38.22244,47.33329],[38.22239,47.33325],[38.22233,47.33324],[38.22229,47.33324],[38.22225,47.33322],[38.22223,47.33318],[38.22223,47.33313],[38.22226,47.33309],[38.22231,47.33307],[38.22234,47.33304],[38.22236,47.33292],[38.22236,47.33289],[38.22239,47.33281],[38.22243,47.33277],[38.22249,47.33272],[38.22257,47.33269],[38.22263,47.33268],[38.22268,47.33267],[38.22281,47.33262],[38.22298,47.33253],[38.22307,47.33248],[38.22312,47.33246],[38.22322,47.33245],[38.22335,47.33243],[38.22346,47.33236],[38.22358,47.33234],[38.22368,47.33235],[38.22377,47.33235],[38.22391,47.33234],[38.22412,47.33231],[38.22421,47.33229],[38.22426,47.33224],[38.22433,47.33223],[38.22443,47.33221],[38.2245,47.33222],[38.22455,47.33223],[38.22463,47.33221],[38.2247,47.33219],[38.22476,47.3322],[38.22481,47.33221],[38.22494,47.33221],[38.22508,47.33219],[38.22522,47.33217],[38.22528,47.33214],[38.22535,47.3321],[38.22544,47.33201],[38.22556,47.33182],[38.22563,47.33166],[38.22575,47.33154],[38.22613,47.33119],[38.2263,47.33104],[38.22644,47.33096],[38.22654,47.33085],[38.22668,47.33068],[38.22679,47.33056],[38.22679,47.33049],[38.22679,47.33042],[38.22685,47.33031],[38.22688,47.33024],[38.22691,47.33017],[38.22692,47.33014],[38.2269,47.33011],[38.22686,47.33008],[38.22683,47.33002],[38.22675,47.32985],[38.2267,47.32976],[38.2267,47.32971],[38.22668,47.32961],[38.22662,47.32954],[38.22645,47.32942],[38.22633,47.32937],[38.2262,47.32933],[38.22615,47.32931],[38.22609,47.32928],[38.22604,47.32924],[38.22594,47.32921],[38.22584,47.32917],[38.22574,47.32916],[38.22563,47.32912],[38.22556,47.32911],[38.22547,47.32909],[38.22536,47.32907],[38.22525,47.32904],[38.22515,47.32896],[38.22507,47.32892],[38.22485,47.32886],[38.22436,47.32871],[38.22395,47.3286],[38.22375,47.32857],[38.22372,47.32855],[38.22366,47.32851],[38.22365,47.3285],[38.22363,47.3285],[38.22358,47.32851],[38.22353,47.32852],[38.22346,47.32854],[38.22337,47.32851],[38.22304,47.32843],[38.22298,47.32841],[38.22292,47.32836],[38.22282,47.32831],[38.22268,47.32824],[38.22249,47.32815],[38.22244,47.32814],[38.22236,47.32807],[38.2223,47.328],[38.22224,47.32792],[38.22212,47.32786],[38.22207,47.32783],[38.22204,47.32781],[38.222,47.32778],[38.22198,47.32775],[38.22191,47.32772],[38.22186,47.32768],[38.22179,47.32765],[38.22174,47.32761],[38.22167,47.32757],[38.22165,47.32754],[38.22164,47.32749],[38.22162,47.32744],[38.2215,47.32735],[38.22139,47.32728],[38.22126,47.32721],[38.2211,47.32711],[38.22105,47.32704],[38.22096,47.32691],[38.22093,47.32585],[38.22094,47.32572],[38.22096,47.32549],[38.22093,47.32545],[38.22089,47.32527],[38.22086,47.32511],[38.22085,47.32489],[38.22085,47.32478],[38.22083,47.32461],[38.22092,47.32435],[38.22093,47.32397],[38.22093,47.32377],[38.2209,47.32357],[38.22086,47.32335],[38.22088,47.32323],[38.22091,47.32302],[38.2209,47.3227],[38.2209,47.32255],[38.2209,47.32226],[38.22087,47.32191],[38.22093,47.32137],[38.22129,47.31252],[38.22131,47.31214],[38.22131,47.31147],[38.2213,47.31084],[38.22129,47.31007],[38.22127,47.30945],[38.22123,47.30867],[38.22118,47.30802],[38.22111,47.30714],[38.22104,47.30645],[38.22101,47.30625],[38.22095,47.3059],[38.22097,47.30542],[38.23559,47.3056],[38.2357,47.30564],[38.23589,47.30569],[38.23665,47.30574],[38.23713,47.30577],[38.2377,47.30584],[38.23804,47.30586],[38.23832,47.30583],[38.23863,47.30591],[38.23899,47.30598],[38.23921,47.306],[38.23937,47.30596],[38.2396,47.30591],[38.24017,47.30596],[38.24074,47.30597],[38.24096,47.30603],[38.24138,47.30603],[38.24164,47.30599],[38.24211,47.30592],[38.2429,47.30591],[38.24367,47.3059],[38.24453,47.3059],[38.24545,47.30591],[38.24691,47.30593],[38.24798,47.30594],[38.24977,47.30597],[38.25047,47.30599],[38.25071,47.30599],[38.25104,47.30597],[38.25122,47.30597],[38.25291,47.306],[38.25438,47.306],[38.25563,47.30601],[38.25677,47.30602],[38.25841,47.30603],[38.2596,47.30604],[38.26058,47.30606],[38.2616,47.30608],[38.26198,47.30607],[38.26212,47.30605],[38.26232,47.30591],[38.26244,47.30589],[38.26257,47.30592],[38.2627,47.30596],[38.26282,47.30602],[38.26296,47.30605],[38.26326,47.30607],[38.26442,47.30608],[38.26488,47.3061],[38.26686,47.30612],[38.2682,47.30613],[38.26925,47.30615],[38.27095,47.30618],[38.27182,47.30619],[38.27191,47.30617],[38.272,47.30613],[38.27208,47.30606],[38.27216,47.30603],[38.27236,47.30602],[38.27245,47.30606],[38.27263,47.30613],[38.2737,47.30618],[38.27447,47.3062],[38.27658,47.3062],[38.27887,47.30622],[38.28129,47.30624],[38.28354,47.30626],[38.28501,47.30628],[38.2863,47.30629],[38.28668,47.30629],[38.28679,47.30628],[38.28686,47.30621],[38.28699,47.30615],[38.28717,47.30612],[38.28729,47.30613],[38.28736,47.30615],[38.28748,47.3062],[38.2876,47.30624],[38.2878,47.30627],[38.28863,47.30628],[38.28982,47.30628],[38.29079,47.30626],[38.29225,47.30623],[38.29257,47.3062],[38.29281,47.30615],[38.29296,47.30613],[38.29312,47.30611],[38.29486,47.3061],[38.29674,47.30609],[38.29813,47.30609],[38.30036,47.30606],[38.3012,47.30605],[38.30319,47.30607],[38.30415,47.3061],[38.30604,47.30613],[38.3069,47.30615],[38.30825,47.30618],[38.30897,47.3062],[38.31057,47.30618],[38.31091,47.30619],[38.31134,47.30616],[38.31322,47.30621],[38.31556,47.30624],[38.31688,47.30624],[38.31884,47.30621],[38.31962,47.30617],[38.31977,47.30614],[38.31999,47.30613],[38.321,47.30618],[38.32285,47.30625],[38.32344,47.30625],[38.32459,47.30627],[38.32643,47.3063],[38.32782,47.30631],[38.33026,47.30633],[38.33213,47.30639],[38.33319,47.30639],[38.33509,47.30633],[38.33588,47.30625],[38.33606,47.30623],[38.33618,47.30624],[38.33626,47.30625],[38.33621,47.30592],[38.33622,47.30588],[38.33621,47.30585],[38.33619,47.30584],[38.33614,47.30581],[38.33614,47.30579],[38.33613,47.30576],[38.33606,47.30571],[38.33597,47.30568],[38.33592,47.30565],[38.33591,47.30562],[38.33591,47.30558],[38.33591,47.30556],[38.33588,47.30544],[38.33585,47.3054],[38.33582,47.30533],[38.33577,47.30528],[38.3357,47.30522],[38.33573,47.3052],[38.33572,47.30517],[38.33568,47.30511],[38.33566,47.30503],[38.33564,47.30499],[38.33561,47.30495],[38.33558,47.30491],[38.33559,47.30487],[38.33555,47.30483],[38.33545,47.30472],[38.33532,47.3046],[38.33525,47.30452],[38.33517,47.30445],[38.33515,47.30443],[38.3351,47.3044],[38.33508,47.30439],[38.33504,47.30437],[38.33502,47.30435],[38.33499,47.30433],[38.33495,47.30432],[38.33494,47.30427],[38.33488,47.30421],[38.33486,47.30413],[38.33484,47.30409],[38.33484,47.30406],[38.33481,47.30401],[38.3348,47.30397],[38.33479,47.30395],[38.33476,47.30393],[38.33473,47.30391],[38.33469,47.30388],[38.33469,47.30385],[38.33468,47.30383],[38.33465,47.30381],[38.3346,47.30379],[38.33459,47.30378],[38.33459,47.30375],[38.3346,47.30373],[38.3346,47.30371],[38.3346,47.30367],[38.33461,47.30365],[38.3346,47.30364],[38.33456,47.30361],[38.33456,47.3036],[38.33458,47.30357],[38.33456,47.30354],[38.33458,47.30351],[38.3346,47.30347],[38.33461,47.30344],[38.33463,47.30341],[38.33465,47.30337],[38.33469,47.30331],[38.33472,47.30325],[38.33476,47.3032],[38.33478,47.30314],[38.33475,47.30309],[38.33472,47.30306],[38.33471,47.30301],[38.33471,47.30293],[38.33468,47.30288],[38.33464,47.30285],[38.33459,47.30279],[38.33449,47.30266],[38.33441,47.30261],[38.33437,47.30259],[38.33429,47.30258],[38.33424,47.30259],[38.33416,47.30257],[38.33412,47.30253],[38.33408,47.30251],[38.33401,47.30249],[38.33399,47.30246],[38.33398,47.30241],[38.33399,47.30238],[38.33401,47.30237],[38.33403,47.30235],[38.33403,47.30233],[38.33402,47.30228],[38.33396,47.30226],[38.33385,47.30219],[38.33375,47.30213],[38.33365,47.30205],[38.33359,47.30202],[38.33353,47.30201],[38.3335,47.30199],[38.33345,47.30196],[38.33341,47.30192],[38.33334,47.30186],[38.3333,47.30185],[38.33328,47.30185],[38.33325,47.30186],[38.33322,47.30187],[38.3332,47.30187],[38.33314,47.30185],[38.3331,47.30182],[38.33307,47.30179],[38.33304,47.30173],[38.33304,47.3017],[38.33301,47.30167],[38.33299,47.30164],[38.33297,47.30161],[38.33294,47.30159],[38.33289,47.30157],[38.33286,47.30154],[38.33286,47.30152],[38.33282,47.30144],[38.33279,47.30141],[38.33274,47.3014],[38.33265,47.30137],[38.3326,47.30133],[38.33257,47.3013],[38.33247,47.30126],[38.33229,47.30121],[38.33217,47.30116],[38.33208,47.30113],[38.33189,47.30106],[38.3317,47.30101],[38.33154,47.30096],[38.33132,47.30093],[38.33124,47.3009],[38.33118,47.30089],[38.33112,47.3009],[38.33105,47.30091],[38.33099,47.3009],[38.33094,47.30089],[38.33091,47.30087],[38.33085,47.30087],[38.33077,47.3009],[38.33063,47.30093],[38.33049,47.30092],[38.33011,47.30088],[38.32978,47.30087],[38.32916,47.30084],[38.32905,47.30085],[38.32898,47.30089],[38.32889,47.3009],[38.32872,47.30089],[38.32865,47.30084],[38.32863,47.30078],[38.32857,47.30074],[38.32847,47.30072],[38.32829,47.30066],[38.3281,47.30058],[38.3279,47.30046],[38.32778,47.30029],[38.32769,47.30012],[38.32765,47.29995],[38.32756,47.29974],[38.32751,47.29964],[38.32746,47.29961],[38.32742,47.29959],[38.32738,47.29957],[38.32732,47.29951],[38.32728,47.29946],[38.32721,47.2994],[38.32717,47.29938],[38.32712,47.29935],[38.32706,47.29933],[38.32699,47.29929],[38.32696,47.29924],[38.32695,47.29922],[38.32694,47.29921],[38.32692,47.29921],[38.32688,47.29921],[38.3268,47.29921],[38.32675,47.29917],[38.32672,47.2991],[38.32679,47.29894],[38.3268,47.29889],[38.32681,47.29875],[38.3268,47.29859],[38.32678,47.29851],[38.32672,47.29836],[38.32667,47.29828],[38.32661,47.29821],[38.32654,47.29816],[38.32647,47.29811],[38.32642,47.29798],[38.32646,47.29791],[38.32658,47.29784],[38.3268,47.2978],[38.32699,47.29773],[38.32709,47.29767],[38.32713,47.2976],[38.32718,47.29754],[38.32726,47.29743],[38.32741,47.29733],[38.32753,47.29726],[38.3278,47.29715],[38.32805,47.2971],[38.32841,47.29702],[38.32868,47.29698],[38.32896,47.29695],[38.32923,47.29697],[38.32949,47.29705],[38.32956,47.29705],[38.32985,47.29699],[38.32999,47.29696],[38.33017,47.29693],[38.33039,47.2969],[38.33054,47.29686],[38.33073,47.29682],[38.33087,47.29683],[38.33111,47.29686],[38.33127,47.29688],[38.33147,47.29682],[38.33165,47.29677],[38.33185,47.29676],[38.33236,47.29678],[38.33266,47.29678],[38.33285,47.29681],[38.33305,47.29683],[38.33312,47.29681],[38.33319,47.29677],[38.33323,47.29674],[38.33332,47.29669],[38.33345,47.29667],[38.33356,47.2966],[38.3336,47.29657],[38.33359,47.29649],[38.33356,47.29641],[38.33345,47.29634],[38.33339,47.29628],[38.33337,47.2962],[38.3333,47.29606],[38.33327,47.29594],[38.33316,47.29578],[38.33315,47.29558],[38.33317,47.29545],[38.33317,47.29536],[38.33316,47.2953],[38.33312,47.29525],[38.33307,47.2952],[38.33306,47.29514],[38.33314,47.29504],[38.33323,47.29494],[38.33337,47.29477],[38.33341,47.29463],[38.33348,47.29453],[38.33345,47.29449],[38.33341,47.29444],[38.33339,47.29439],[38.33334,47.29432],[38.33337,47.29431],[38.3334,47.29431],[38.33341,47.29429],[38.33336,47.29425],[38.33335,47.29424],[38.33332,47.29417],[38.33326,47.29408],[38.33326,47.29402],[38.33324,47.29397],[38.33323,47.29392],[38.33323,47.29383],[38.3332,47.29379],[38.33317,47.29373],[38.33317,47.29368],[38.3332,47.29363],[38.33323,47.2936],[38.3332,47.29357],[38.33316,47.29353],[38.33317,47.29349],[38.33317,47.29344],[38.33321,47.2934],[38.33323,47.29336],[38.33324,47.29332],[38.33322,47.29327],[38.33322,47.29321],[38.33322,47.29316],[38.33323,47.29305],[38.3332,47.29301],[38.33317,47.29299],[38.33315,47.29295],[38.33315,47.29286],[38.33315,47.2928],[38.33312,47.29273],[38.33307,47.29269],[38.33308,47.29265],[38.33311,47.29265],[38.33315,47.29263],[38.33315,47.29261],[38.33309,47.29253],[38.33305,47.29243],[38.33295,47.2924],[38.33287,47.29234],[38.33275,47.29225],[38.33268,47.29216],[38.33268,47.29212],[38.33266,47.29207],[38.33257,47.29196],[38.3325,47.29189],[38.33245,47.29179],[38.33239,47.29173],[38.33232,47.29166],[38.33229,47.29159],[38.33223,47.29154],[38.33218,47.2915],[38.33208,47.29144],[38.33201,47.29141],[38.33196,47.29136],[38.33188,47.2913],[38.33187,47.29126],[38.33183,47.29122],[38.33177,47.29117],[38.33157,47.29107],[38.33143,47.29101],[38.33135,47.29098],[38.33126,47.29094],[38.33118,47.29091],[38.33111,47.2909],[38.33106,47.29075],[38.33103,47.29072],[38.33097,47.29069],[38.3309,47.29068],[38.33085,47.29066],[38.33081,47.29065],[38.33084,47.29061],[38.33087,47.29059],[38.33088,47.29057],[38.33081,47.29051],[38.33073,47.29046],[38.33067,47.29042],[38.33063,47.29037],[38.33063,47.29031],[38.33057,47.29024],[38.33045,47.29014],[38.33038,47.29008],[38.33032,47.29],[38.33025,47.28991],[38.33019,47.28986],[38.33012,47.28984],[38.33002,47.28981],[38.32994,47.28977],[38.32986,47.28969],[38.32976,47.28959],[38.32962,47.28953],[38.32956,47.28948],[38.3295,47.28942],[38.32939,47.28938],[38.3292,47.28924],[38.32917,47.28919],[38.32917,47.28915],[38.32914,47.2891],[38.32909,47.28904],[38.32914,47.28898],[38.32918,47.28893],[38.32919,47.28886],[38.32923,47.28875],[38.32934,47.28871],[38.32944,47.28865],[38.32953,47.28863],[38.32961,47.28854],[38.32968,47.28842],[38.32975,47.28835],[38.32977,47.28823],[38.32975,47.28809],[38.32971,47.28803],[38.32968,47.28797],[38.32961,47.2879],[38.32955,47.28789],[38.32943,47.28786],[38.32934,47.28782],[38.32924,47.28777],[38.32915,47.2877],[38.32902,47.28758],[38.32883,47.28745],[38.32875,47.28737],[38.32869,47.28731],[38.32868,47.28726],[38.32864,47.28721],[38.32862,47.28712],[38.32861,47.28705],[38.32862,47.28698],[38.32865,47.28684],[38.32868,47.28673],[38.32867,47.28662],[38.3287,47.28653],[38.32874,47.28651],[38.32878,47.28647],[38.32883,47.28642],[38.32883,47.28635],[38.32881,47.28631],[38.32877,47.2863],[38.32871,47.28625],[38.32869,47.28619],[38.32867,47.2861],[38.32863,47.28605],[38.32855,47.28597],[38.32846,47.28589],[38.32837,47.28584],[38.3283,47.28576],[38.32826,47.2857],[38.32825,47.28563],[38.3282,47.28557],[38.32806,47.28544],[38.328,47.28536],[38.32788,47.28527],[38.3278,47.28524],[38.32767,47.28522],[38.32755,47.2852],[38.32744,47.28515],[38.32721,47.28514],[38.32704,47.28515],[38.32688,47.28513],[38.3267,47.28509],[38.32632,47.28503],[38.32618,47.28501],[38.32602,47.28493],[38.32589,47.2849],[38.32575,47.2849],[38.32565,47.28487],[38.3256,47.28482],[38.32555,47.28475],[38.32551,47.28467],[38.32527,47.2845],[38.32517,47.28437],[38.32502,47.28413],[38.32485,47.28398],[38.3246,47.28373],[38.32422,47.28333],[38.32399,47.28308],[38.32376,47.2828],[38.32363,47.28256],[38.32341,47.28241],[38.32322,47.28236],[38.32305,47.2823],[38.3229,47.28221],[38.32286,47.28212],[38.32288,47.28205],[38.32291,47.28199],[38.32277,47.28185],[38.32262,47.28165],[38.3226,47.2815],[38.32261,47.28134],[38.32264,47.28122],[38.32273,47.28118],[38.32284,47.28116],[38.32294,47.28111],[38.32295,47.281],[38.32292,47.28089],[38.32297,47.28076],[38.32301,47.28065],[38.32313,47.28052],[38.32322,47.2804],[38.32333,47.28036],[38.3235,47.28026],[38.32367,47.28021],[38.32392,47.2802],[38.32422,47.28016],[38.3245,47.28011],[38.32478,47.28002],[38.32509,47.27997],[38.32529,47.27989],[38.32556,47.27979],[38.32573,47.27974],[38.32588,47.27969],[38.32596,47.27968],[38.32608,47.27965],[38.32623,47.27966],[38.3264,47.27961],[38.32658,47.27953],[38.32669,47.27946],[38.32678,47.27938],[38.32684,47.27928],[38.32681,47.27913],[38.32678,47.27904],[38.32671,47.27897],[38.32666,47.27893],[38.32662,47.27889],[38.32656,47.27884],[38.3265,47.2788],[38.32643,47.27875],[38.32633,47.27868],[38.32632,47.27862],[38.32625,47.27854],[38.32611,47.27845],[38.32599,47.27838],[38.32583,47.27828],[38.32572,47.27812],[38.32561,47.27794],[38.32558,47.2777],[38.32549,47.27751],[38.32542,47.27732],[38.32543,47.27719],[38.32553,47.27709],[38.32575,47.27698],[38.32619,47.27689],[38.32648,47.27688],[38.32668,47.2768],[38.32699,47.27663],[38.32743,47.27641],[38.32794,47.27614],[38.32843,47.27599],[38.32883,47.27592],[38.32927,47.27583],[38.32979,47.27576],[38.33026,47.27575],[38.33035,47.27574],[38.33042,47.27568],[38.33053,47.27562],[38.33064,47.27554],[38.33072,47.27544],[38.33075,47.27535],[38.33083,47.27517],[38.33084,47.27512],[38.33079,47.27498],[38.33074,47.27493],[38.33069,47.27489],[38.33059,47.27483],[38.33053,47.27481],[38.33049,47.27477],[38.33049,47.2747],[38.33053,47.27464],[38.33059,47.27459],[38.33067,47.27455],[38.33079,47.27448],[38.33083,47.27444],[38.33081,47.27439],[38.33076,47.27434],[38.33069,47.2743],[38.33061,47.27422],[38.33059,47.27408],[38.33063,47.27394],[38.33066,47.27388],[38.33069,47.27384],[38.33074,47.27373],[38.33077,47.27362],[38.33077,47.27352],[38.33084,47.27343],[38.33106,47.2734],[38.3313,47.27327],[38.33159,47.27314],[38.33177,47.27313],[38.33186,47.27306],[38.33186,47.27303],[38.33185,47.27298],[38.33183,47.27294],[38.33187,47.27289],[38.33195,47.27286],[38.33205,47.2729],[38.33215,47.27294],[38.33224,47.27292],[38.33237,47.2729],[38.33241,47.27289],[38.33246,47.27289],[38.33253,47.27288],[38.33258,47.27286],[38.33266,47.27278],[38.3327,47.27269],[38.33279,47.27251],[38.33289,47.27246],[38.33299,47.2724],[38.33303,47.27233],[38.33302,47.27224],[38.33298,47.27218],[38.33298,47.27214],[38.33304,47.2721],[38.3331,47.27206],[38.3331,47.27202],[38.33309,47.27197],[38.33302,47.27186],[38.33292,47.27172],[38.33281,47.27161],[38.33271,47.27155],[38.33261,47.27149],[38.33251,47.27147],[38.33241,47.27141],[38.33236,47.27139],[38.33233,47.27136],[38.33233,47.27133],[38.33234,47.27127],[38.33231,47.27122],[38.3323,47.27115],[38.33229,47.27107],[38.33232,47.27092],[38.33239,47.27076],[38.33255,47.27042],[38.33269,47.27029],[38.33281,47.27024],[38.33294,47.27023],[38.33303,47.27023],[38.33315,47.2702],[38.33328,47.27006],[38.33345,47.26994],[38.33353,47.26985],[38.33361,47.26977],[38.33368,47.26971],[38.33372,47.26962],[38.33372,47.26949],[38.33368,47.26942],[38.33362,47.26932],[38.33359,47.26924],[38.33355,47.26913],[38.33347,47.26906],[38.33336,47.26897],[38.33314,47.26887],[38.333,47.26882],[38.3328,47.26871],[38.3326,47.2686],[38.33247,47.26849],[38.33237,47.26845],[38.33223,47.26836],[38.33207,47.26824],[38.33195,47.26813],[38.33181,47.2681],[38.33156,47.26812],[38.33139,47.26814],[38.33113,47.26811],[38.33096,47.26806],[38.3308,47.26802],[38.33068,47.26794],[38.33057,47.26789],[38.33039,47.26786],[38.33023,47.26785],[38.33001,47.26782],[38.32981,47.26773],[38.32969,47.26768],[38.3295,47.26762],[38.32932,47.26757],[38.32924,47.2675],[38.32912,47.2674],[38.32893,47.26722],[38.32886,47.26707],[38.32882,47.26694],[38.32877,47.26686],[38.32871,47.26674],[38.32866,47.26661],[38.32857,47.26645],[38.32828,47.26617],[38.32825,47.26606],[38.32825,47.266],[38.32822,47.26598],[38.32807,47.26595],[38.32808,47.26589],[38.3281,47.26582],[38.32817,47.26575],[38.32829,47.26577],[38.32838,47.26577],[38.32848,47.26574],[38.32857,47.26563],[38.32865,47.26554],[38.32874,47.26548],[38.3288,47.26544],[38.32891,47.26544],[38.32904,47.2655],[38.32911,47.26552],[38.32922,47.26546],[38.32932,47.26535],[38.32942,47.26526],[38.32963,47.26527],[38.32978,47.26531],[38.32989,47.26533],[38.33011,47.26528],[38.33029,47.26523],[38.33044,47.26514],[38.33055,47.2651],[38.33067,47.26512],[38.33081,47.26515],[38.33088,47.26517],[38.33096,47.26518],[38.33105,47.26516],[38.33111,47.26512],[38.33116,47.26502],[38.33118,47.26487],[38.33119,47.26476],[38.33122,47.2647],[38.33131,47.26464],[38.33145,47.26462],[38.33148,47.2646],[38.33154,47.26453],[38.3316,47.26449],[38.33171,47.26433],[38.33174,47.26424],[38.33175,47.26419],[38.33174,47.26411],[38.33171,47.26405],[38.33165,47.26398],[38.3316,47.2639],[38.33154,47.26381],[38.33159,47.26378],[38.33161,47.26376],[38.33161,47.26371],[38.33162,47.26362],[38.33161,47.26353],[38.33152,47.26351],[38.33147,47.26355],[38.33142,47.26358],[38.33136,47.2636],[38.33131,47.26361],[38.33121,47.26358],[38.33116,47.26356],[38.33111,47.2635],[38.33108,47.26342],[38.33106,47.26332],[38.33107,47.26326],[38.3311,47.26319],[38.33108,47.26312],[38.33101,47.26308],[38.33093,47.26306],[38.33079,47.26305],[38.33077,47.263],[38.33075,47.26292],[38.33062,47.26286],[38.3305,47.26279],[38.33045,47.26272],[38.3304,47.26262],[38.33047,47.26253],[38.33052,47.26246],[38.33055,47.26238],[38.33053,47.26234],[38.33047,47.26232],[38.33036,47.2623],[38.3302,47.26229],[38.33005,47.26225],[38.32995,47.26216],[38.32989,47.26208],[38.32985,47.26201],[38.32971,47.26188],[38.32964,47.26177],[38.32965,47.26166],[38.32978,47.26153],[38.3299,47.26143],[38.32998,47.26135],[38.32998,47.26127],[38.32992,47.26118],[38.32979,47.2611],[38.32968,47.2611],[38.32965,47.26105],[38.32949,47.26095],[38.32944,47.26087],[38.32936,47.26077],[38.32924,47.26065],[38.32914,47.26057],[38.32895,47.26039],[38.32881,47.26025],[38.32838,47.25991],[38.32826,47.25975],[38.32814,47.25958],[38.32806,47.25945],[38.32797,47.25935],[38.32782,47.25923],[38.32771,47.25916],[38.32761,47.25913],[38.32752,47.25908],[38.32724,47.25892],[38.32689,47.25876],[38.32667,47.25866],[38.32641,47.25842],[38.32617,47.25813],[38.32594,47.25794],[38.32548,47.25776],[38.32503,47.25758],[38.32486,47.25754],[38.32472,47.2575],[38.3246,47.25741],[38.32453,47.25731],[38.32448,47.25724],[38.32451,47.25716],[38.32447,47.2571],[38.32447,47.25705],[38.32449,47.25702],[38.32455,47.25696],[38.32452,47.25691],[38.32456,47.25681],[38.32456,47.2567],[38.32454,47.25663],[38.29089,47.25642],[38.2881,47.2564],[38.28813,47.25474],[38.28842,47.23871],[38.26051,47.23833],[38.26051,47.23828],[38.26049,47.23825],[38.26032,47.23807],[38.26022,47.238],[38.26006,47.23795],[38.26,47.23791],[38.25996,47.23787],[38.25987,47.23779],[38.2598,47.23769],[38.25981,47.23764],[38.2598,47.23756],[38.25973,47.23747],[38.25966,47.23744],[38.25955,47.23739],[38.25943,47.2373],[38.25935,47.23723],[38.25927,47.2372],[38.25917,47.23713],[38.25906,47.23702],[38.25902,47.23697],[38.25893,47.23693],[38.25884,47.23689],[38.25879,47.23686],[38.25876,47.23684],[38.25875,47.2368],[38.25879,47.23675],[38.25883,47.23669],[38.25886,47.23665],[38.25887,47.23663],[38.25886,47.23658],[38.25876,47.23644],[38.25864,47.23627],[38.25859,47.23616],[38.25852,47.23613],[38.25844,47.2361],[38.25836,47.23608],[38.25823,47.23608],[38.25815,47.23606],[38.25808,47.23599],[38.25807,47.23595],[38.25801,47.23591],[38.25789,47.23584],[38.2578,47.23575],[38.25772,47.23564],[38.25772,47.23556],[38.25774,47.23551],[38.25781,47.23547],[38.25784,47.23543],[38.25784,47.23539],[38.2578,47.23535],[38.25773,47.23528],[38.25762,47.23523],[38.25744,47.23516],[38.25734,47.23515],[38.25711,47.23513],[38.25704,47.23512],[38.25699,47.23509],[38.2569,47.23505],[38.2568,47.23503],[38.25663,47.23502],[38.25643,47.235],[38.25637,47.23497],[38.25633,47.23492],[38.25629,47.23489],[38.25613,47.23484],[38.25598,47.23476],[38.25579,47.23462],[38.25566,47.23448],[38.25553,47.23435],[38.25546,47.23427],[38.25531,47.23417],[38.25515,47.23406],[38.25495,47.23398],[38.25476,47.23395],[38.25453,47.23394],[38.25442,47.23395],[38.25429,47.23397],[38.25419,47.23401],[38.25407,47.23401],[38.25384,47.23395],[38.2537,47.23387],[38.25361,47.23382],[38.25357,47.23379],[38.25345,47.23374],[38.25325,47.23373],[38.25297,47.23372],[38.25266,47.23363],[38.25224,47.23355],[38.25172,47.23351],[38.25155,47.23351],[38.25129,47.23349],[38.25116,47.23348],[38.251,47.23349],[38.25091,47.23352],[38.25082,47.23355],[38.25073,47.23362],[38.25068,47.23369],[38.25064,47.23374],[38.25056,47.23376],[38.25039,47.23373],[38.25023,47.2337],[38.25017,47.2337],[38.25009,47.23373],[38.25001,47.23379],[38.24999,47.23382],[38.24991,47.23386],[38.24965,47.23394],[38.24948,47.23399],[38.24938,47.23395],[38.24928,47.23393],[38.24923,47.2339],[38.24916,47.23387],[38.2491,47.23382],[38.24906,47.23376],[38.24902,47.2337],[38.24897,47.23361],[38.24896,47.23355],[38.24893,47.23352],[38.24885,47.23349],[38.24871,47.23347],[38.24848,47.23346],[38.24818,47.23345],[38.24792,47.23345],[38.24777,47.23348],[38.24761,47.23356],[38.2474,47.23369],[38.24725,47.23376],[38.24697,47.23389],[38.24678,47.234],[38.24655,47.23404],[38.24635,47.23403],[38.24586,47.23389],[38.2444,47.23333],[38.24388,47.23307],[38.2438,47.23298],[38.24371,47.23288],[38.24348,47.23274],[38.24318,47.23261],[38.24286,47.23255],[38.24272,47.23257],[38.24257,47.23259],[38.24247,47.23258],[38.24233,47.23252],[38.24198,47.23253],[38.24155,47.23254],[38.24138,47.23252],[38.24125,47.23247],[38.24103,47.23236],[38.24095,47.23229],[38.24089,47.2322],[38.24082,47.23216],[38.24053,47.23217],[38.24028,47.23221],[38.24007,47.23228],[38.23989,47.23236],[38.23976,47.23252],[38.2397,47.23257],[38.2396,47.2326],[38.23945,47.23262],[38.23929,47.23266],[38.23908,47.23271],[38.2389,47.23274],[38.2386,47.23269],[38.23834,47.23263],[38.23819,47.23257],[38.23801,47.23247],[38.23789,47.23238],[38.2378,47.23227],[38.23773,47.23213],[38.23772,47.23204],[38.23771,47.23199],[38.23769,47.23195],[38.23767,47.23189],[38.23766,47.23186],[38.23768,47.2318],[38.2377,47.23175],[38.23771,47.2317],[38.23766,47.23167],[38.23757,47.23164],[38.23752,47.23158],[38.23741,47.2315],[38.23733,47.2314],[38.23729,47.23136],[38.23717,47.2313],[38.23701,47.23117],[38.23691,47.23107],[38.23675,47.23099],[38.23656,47.23093],[38.2364,47.23086],[38.23618,47.2308],[38.23605,47.2308],[38.23593,47.23083],[38.23572,47.23087],[38.23549,47.23095],[38.23535,47.23099],[38.23528,47.23103],[38.23519,47.23107],[38.23504,47.23108],[38.23489,47.2311],[38.23473,47.23109],[38.23454,47.23107],[38.23443,47.23103],[38.23431,47.23096],[38.23424,47.23084],[38.23417,47.23071],[38.23409,47.23052],[38.23405,47.23042],[38.23398,47.23033],[38.2339,47.23025],[38.23381,47.23015],[38.2337,47.23007],[38.23361,47.23001],[38.23353,47.22993],[38.23348,47.22987],[38.23341,47.22982],[38.23337,47.22974],[38.23333,47.22972],[38.23332,47.2297],[38.23328,47.22966],[38.23323,47.22962],[38.23319,47.22956],[38.23315,47.22948],[38.23308,47.22934],[38.23307,47.22931],[38.23305,47.22928],[38.23305,47.22924],[38.23306,47.22921],[38.23304,47.22918],[38.23299,47.22916],[38.23293,47.22916],[38.2329,47.22915],[38.23287,47.2291],[38.23285,47.22904],[38.23282,47.22898],[38.23282,47.22892],[38.23283,47.22886],[38.23282,47.2288],[38.23281,47.22872],[38.23282,47.22863],[38.23282,47.22857],[38.23282,47.2285],[38.23282,47.22843],[38.23283,47.22839],[38.23283,47.22836],[38.23284,47.22833],[38.23287,47.22833],[38.23289,47.22833],[38.23296,47.22829],[38.23303,47.22826],[38.23306,47.22825],[38.23313,47.22823],[38.23318,47.22823],[38.23323,47.22821],[38.23327,47.22818],[38.23328,47.22815],[38.2333,47.22811],[38.23337,47.22809],[38.23361,47.22801],[38.23363,47.228],[38.23363,47.22798],[38.23362,47.22795],[38.23363,47.22791],[38.23368,47.22786],[38.2337,47.22781],[38.23372,47.22778],[38.23373,47.22775],[38.23375,47.22774],[38.23378,47.22774],[38.23379,47.22776],[38.2338,47.22777],[38.23382,47.22778],[38.23383,47.22778],[38.23384,47.22777],[38.23384,47.22776],[38.23387,47.22775],[38.23389,47.22774],[38.23389,47.22771],[38.23392,47.22767],[38.23396,47.22756],[38.23395,47.22752],[38.23395,47.2275],[38.23393,47.22749],[38.2339,47.22748],[38.23389,47.22745],[38.2339,47.22739],[38.23394,47.2273],[38.23399,47.22719],[38.23401,47.22708],[38.23399,47.22699],[38.23397,47.22687],[38.23397,47.22683],[38.234,47.22681],[38.23403,47.22679],[38.23402,47.22677],[38.23399,47.22673],[38.23397,47.22668],[38.23397,47.22658],[38.23393,47.22649],[38.23389,47.22639],[38.23385,47.22629],[38.23384,47.22619],[38.23384,47.22612],[38.23384,47.22606],[38.23383,47.22598],[38.23385,47.22589],[38.23388,47.22584],[38.2339,47.22578],[38.23393,47.22578],[38.23395,47.22576],[38.23399,47.22572],[38.23406,47.22568],[38.23418,47.22563],[38.23428,47.22559],[38.23437,47.22554],[38.23445,47.22551],[38.23448,47.22548],[38.23455,47.22543],[38.23465,47.22541],[38.23481,47.22539],[38.235,47.2254],[38.2352,47.22544],[38.23529,47.22547],[38.23542,47.22551],[38.23557,47.22552],[38.23572,47.22555],[38.23579,47.22561],[38.23587,47.22562],[38.23608,47.22563],[38.23616,47.22562],[38.2362,47.22559],[38.23627,47.22554],[38.23635,47.22551],[38.23642,47.22545],[38.23644,47.2254],[38.23643,47.22536],[38.23641,47.22534],[38.23639,47.22528],[38.23639,47.22524],[38.23635,47.22498],[38.23633,47.22487],[38.23634,47.22482],[38.23633,47.22478],[38.23631,47.22476],[38.23627,47.22473],[38.23623,47.22471],[38.23621,47.22466],[38.23623,47.22459],[38.23622,47.22454],[38.23622,47.22448],[38.23623,47.22444],[38.2363,47.22438],[38.23636,47.22431],[38.23639,47.22427],[38.23642,47.22424],[38.23649,47.22421],[38.23655,47.22422],[38.23659,47.22421],[38.23662,47.22418],[38.23666,47.22415],[38.23687,47.22411],[38.23701,47.2241],[38.23714,47.22406],[38.2373,47.22405],[38.23743,47.22401],[38.23758,47.22395],[38.2377,47.2239],[38.23778,47.22387],[38.23786,47.22387],[38.23792,47.22387],[38.23799,47.22386],[38.23802,47.22384],[38.23805,47.22382],[38.23812,47.22381],[38.23822,47.22381],[38.23827,47.22381],[38.23838,47.22378],[38.23846,47.22374],[38.23856,47.22368],[38.23862,47.22363],[38.23868,47.22357],[38.23873,47.22355],[38.23875,47.22348],[38.23879,47.22345],[38.23878,47.22339],[38.23877,47.22335],[38.23879,47.2233],[38.23877,47.22323],[38.23876,47.22319],[38.23876,47.22314],[38.23879,47.22312],[38.2388,47.22309],[38.23875,47.22305],[38.23868,47.22303],[38.23851,47.22304],[38.23847,47.22302],[38.23844,47.22298],[38.23839,47.22292],[38.23833,47.22285],[38.23831,47.2228],[38.23829,47.22275],[38.23825,47.22271],[38.23817,47.22269],[38.23813,47.22265],[38.23816,47.22259],[38.23824,47.22258],[38.23833,47.22257],[38.23835,47.22254],[38.23836,47.2225],[38.23837,47.22247],[38.23834,47.22242],[38.23831,47.22238],[38.23825,47.22232],[38.23822,47.22226],[38.23823,47.22222],[38.23826,47.22212],[38.23827,47.22208],[38.23827,47.22201],[38.23822,47.22193],[38.23827,47.22187],[38.23833,47.22183],[38.23838,47.22181],[38.23844,47.22176],[38.23854,47.2217],[38.2387,47.22165],[38.23885,47.22166],[38.23912,47.22167],[38.23935,47.22168],[38.23944,47.22171],[38.23949,47.22174],[38.23954,47.22173],[38.23956,47.22169],[38.23959,47.22165],[38.23968,47.22164],[38.23976,47.22165],[38.23989,47.22163],[38.24005,47.2216],[38.24013,47.22154],[38.24019,47.2215],[38.24021,47.22144],[38.24027,47.22137],[38.24026,47.22134],[38.24019,47.22128],[38.24017,47.22122],[38.24015,47.22117],[38.24011,47.22113],[38.24013,47.2211],[38.24018,47.22109],[38.24023,47.22111],[38.24028,47.22111],[38.24032,47.22111],[38.24033,47.22109],[38.24033,47.22104],[38.24029,47.22094],[38.24028,47.22088],[38.24024,47.2208],[38.24019,47.2206],[38.24016,47.2205],[38.24011,47.22033],[38.24012,47.22027],[38.24015,47.22019],[38.24013,47.22009],[38.24007,47.22002],[38.24001,47.21992],[38.23994,47.21983],[38.23989,47.21979],[38.23987,47.2197],[38.23988,47.21964],[38.23982,47.2195],[38.23978,47.2194],[38.23974,47.21925],[38.23973,47.2191],[38.23977,47.21894],[38.23979,47.21876],[38.23981,47.21862],[38.2399,47.21852],[38.24,47.21842],[38.24004,47.21838],[38.24014,47.21834],[38.24021,47.2183],[38.24028,47.21829],[38.24033,47.21831],[38.24038,47.21833],[38.24046,47.21833],[38.24053,47.21831],[38.24061,47.21834],[38.24067,47.21837],[38.24076,47.21837],[38.24087,47.21839],[38.24104,47.2184],[38.2412,47.21843],[38.24133,47.21843],[38.2415,47.21845],[38.24167,47.21844],[38.24211,47.21839],[38.2423,47.21832],[38.24239,47.21826],[38.24247,47.21819],[38.24251,47.21808],[38.24262,47.21797],[38.24265,47.21789],[38.24262,47.21784],[38.24257,47.21778],[38.24257,47.21772],[38.24261,47.21765],[38.24262,47.21756],[38.24267,47.21741],[38.2427,47.21727],[38.24274,47.21721],[38.24277,47.21716],[38.24275,47.21711],[38.24269,47.21702],[38.24263,47.21694],[38.24261,47.21689],[38.24264,47.21686],[38.24262,47.21679],[38.24251,47.21664],[38.24249,47.2166],[38.24242,47.21651],[38.24241,47.21645],[38.24241,47.21641],[38.24241,47.21638],[38.24239,47.21633],[38.2423,47.21624],[38.24226,47.21596],[38.24227,47.21579],[38.24227,47.2157],[38.2423,47.21565],[38.24232,47.21561],[38.24233,47.21556],[38.2423,47.2155],[38.24226,47.21547],[38.24228,47.21538],[38.24226,47.21532],[38.24221,47.21524],[38.24218,47.21519],[38.24215,47.21512],[38.2421,47.21509],[38.24204,47.21505],[38.24199,47.21499],[38.24195,47.21492],[38.2419,47.21486],[38.24185,47.21481],[38.24177,47.21474],[38.24171,47.2147],[38.24166,47.21465],[38.2416,47.2146],[38.2415,47.21456],[38.24141,47.21453],[38.24126,47.21448],[38.24115,47.21444],[38.24106,47.21436],[38.24103,47.21432],[38.24106,47.21425],[38.24105,47.21419],[38.24089,47.21407],[38.24084,47.21394],[38.24087,47.21384],[38.24088,47.21375],[38.24087,47.2137],[38.24085,47.21366],[38.2408,47.21362],[38.24081,47.21359],[38.24081,47.21353],[38.24078,47.21342],[38.24076,47.21333],[38.24079,47.21326],[38.24084,47.21316],[38.24087,47.21308],[38.24092,47.21303],[38.24103,47.21299],[38.24109,47.21289],[38.24116,47.21284],[38.24126,47.21277],[38.24137,47.21272],[38.24144,47.21267],[38.24152,47.21265],[38.2416,47.21258],[38.24175,47.21241],[38.24181,47.21234],[38.24184,47.21228],[38.24183,47.21223],[38.24179,47.2122],[38.24177,47.21215],[38.24168,47.21205],[38.24152,47.21192],[38.24135,47.21178],[38.24126,47.21175],[38.24116,47.21169],[38.24105,47.21165],[38.24096,47.21157],[38.24088,47.21148],[38.24078,47.21137],[38.24072,47.21131],[38.24065,47.21121],[38.24064,47.21114],[38.24067,47.21107],[38.24072,47.21104],[38.24078,47.21105],[38.24083,47.21102],[38.24084,47.21095],[38.24085,47.21086],[38.24085,47.21079],[38.24087,47.2107],[38.24098,47.21057],[38.24105,47.2105],[38.2411,47.21046],[38.24112,47.21044],[38.24115,47.21039],[38.2412,47.21031],[38.24121,47.21025],[38.24114,47.21019],[38.24103,47.21011],[38.24079,47.20995],[38.24054,47.2097],[38.24018,47.20931],[38.23987,47.2091],[38.23978,47.20905],[38.23971,47.20899],[38.23971,47.20895],[38.23971,47.20891],[38.23968,47.20881],[38.23962,47.20878],[38.23946,47.20872],[38.23926,47.20866],[38.23906,47.20862],[38.23892,47.2086],[38.23877,47.20856],[38.23864,47.20855],[38.23846,47.20852],[38.23823,47.20849],[38.23806,47.20846],[38.23791,47.20845],[38.23774,47.20843],[38.23766,47.20841],[38.2376,47.20843],[38.23754,47.20844],[38.23744,47.20844],[38.23737,47.20844],[38.23724,47.20844],[38.23715,47.20842],[38.23705,47.20835],[38.23695,47.20827],[38.23689,47.20818],[38.2369,47.20807],[38.23695,47.20799],[38.23696,47.20789],[38.23705,47.20781],[38.23712,47.20771],[38.23717,47.20763],[38.23719,47.20757],[38.23719,47.20752],[38.23715,47.20746],[38.23702,47.20721],[38.237,47.2071],[38.23694,47.20702],[38.23693,47.207],[38.23684,47.20693],[38.23676,47.20676],[38.23667,47.20662],[38.23659,47.20654],[38.2365,47.20651],[38.23646,47.20646],[38.23639,47.20637],[38.23633,47.20627],[38.23628,47.20621],[38.23632,47.20618],[38.23636,47.20614],[38.23637,47.20612],[38.23636,47.20608],[38.23633,47.20604],[38.2363,47.20603],[38.23626,47.20601],[38.23618,47.206],[38.23609,47.20597],[38.23604,47.2059],[38.23602,47.20584],[38.23603,47.20581],[38.23606,47.20577],[38.23602,47.20572],[38.23597,47.20565],[38.23592,47.20558],[38.23588,47.20554],[38.23582,47.20552],[38.23579,47.20547],[38.23576,47.20546],[38.23576,47.20543],[38.23575,47.2054],[38.23568,47.20538],[38.23558,47.20534],[38.23555,47.20529],[38.23548,47.20526],[38.23546,47.20522],[38.23539,47.20516],[38.23535,47.20514],[38.23527,47.20507],[38.23524,47.20504],[38.23525,47.20501],[38.23522,47.20497],[38.23518,47.20496],[38.23512,47.20492],[38.23507,47.20484],[38.23506,47.20478],[38.23499,47.20477],[38.2349,47.20473],[38.23482,47.20465],[38.23473,47.20459],[38.23469,47.20451],[38.23465,47.2044],[38.23459,47.20432],[38.2345,47.20427],[38.2343,47.20423],[38.23426,47.20413],[38.23415,47.20405],[38.23395,47.20394],[38.23391,47.2038],[38.23393,47.20365],[38.23396,47.20356],[38.23558,47.20265],[38.23562,47.20101],[38.23563,47.2007],[38.23567,47.20038],[38.23572,47.20021],[38.23583,47.20011],[38.23594,47.20002],[38.23599,47.1999],[38.23598,47.19974],[38.23592,47.19951],[38.23596,47.1994],[38.23597,47.19929],[38.23591,47.19919],[38.23578,47.19908],[38.23572,47.19904],[38.23564,47.19898],[38.23562,47.19892],[38.23562,47.19887],[38.23566,47.19878],[38.23557,47.19868],[38.23554,47.19863],[38.23556,47.19857],[38.23561,47.19853],[38.23562,47.19851],[38.23563,47.19848],[38.23561,47.19842],[38.23566,47.19829],[38.23569,47.19814],[38.23559,47.19795],[38.23558,47.19786],[38.23561,47.19775],[38.23565,47.19765],[38.23576,47.19749],[38.23583,47.19743],[38.23585,47.19735],[38.23587,47.19725],[38.23589,47.19717],[38.23594,47.19708],[38.23602,47.19695],[38.23609,47.19686],[38.23612,47.19675],[38.23608,47.19659],[38.23611,47.19641],[38.23614,47.19626],[38.23621,47.1961],[38.23619,47.19585],[38.23617,47.19557],[38.23616,47.1947],[38.23616,47.19396],[38.23616,47.19324],[38.23616,47.19272],[38.23619,47.19226],[38.23623,47.19167],[38.23627,47.1912],[38.23633,47.19085],[38.23634,47.19058],[38.23632,47.19015],[38.23631,47.18975],[38.23633,47.18919],[38.23635,47.18895],[38.23636,47.18868],[38.23636,47.18846],[38.23635,47.18777],[38.23635,47.18706],[38.23634,47.1863],[38.23627,47.18552],[38.23625,47.18506],[38.23624,47.18425],[38.23625,47.18323],[38.23626,47.18242],[38.23625,47.18192],[38.23628,47.18146],[38.23631,47.18116],[38.23641,47.18058],[38.2365,47.18001],[38.23655,47.1797],[38.23663,47.17942],[38.23672,47.1792],[38.23675,47.17908],[38.23674,47.17895],[38.23669,47.17883],[38.23662,47.17866],[38.23652,47.17842],[38.23645,47.17808],[38.23644,47.1778],[38.23643,47.17713],[38.23645,47.17641],[38.23646,47.17611],[38.23649,47.17588],[38.23653,47.17564],[38.23656,47.17543],[38.23657,47.17508],[38.23653,47.17457],[38.23647,47.17397],[38.23645,47.17315],[38.23647,47.17241],[38.23648,47.17161],[38.23644,47.17082],[38.23645,47.17012],[38.2365,47.16993],[38.23653,47.16967],[38.23654,47.16924],[38.23654,47.16864],[38.2365,47.16835],[38.23642,47.16771],[38.2364,47.1672],[38.23637,47.16664],[38.23638,47.16631],[38.23642,47.16575],[38.23646,47.16549],[38.23657,47.16528],[38.23665,47.16516],[38.23664,47.165],[38.23656,47.16465],[38.2366,47.16428],[38.23661,47.16404],[38.23658,47.16359],[38.23656,47.16276],[38.23661,47.16226],[38.23669,47.15934],[38.2366,47.15921],[38.23658,47.15912],[38.23658,47.15903],[38.23658,47.15897],[38.2366,47.15852],[38.23656,47.1577],[38.2365,47.15736],[38.2365,47.15697],[38.23659,47.15636],[38.23661,47.15607],[38.23663,47.15571],[38.23665,47.15509],[38.23667,47.1543],[38.23665,47.15353],[38.23667,47.1528],[38.23666,47.15242],[38.23665,47.15224],[38.23666,47.15206],[38.23664,47.15187],[38.23666,47.15158],[38.23668,47.15085],[38.23669,47.15051],[38.23667,47.14982],[38.23667,47.14916],[38.23668,47.14841],[38.23668,47.14762],[38.23667,47.14681],[38.23669,47.1461],[38.23671,47.14529],[38.23671,47.14454],[38.23672,47.14372],[38.23671,47.14333],[38.23659,47.1423],[38.23656,47.14158],[38.23651,47.14067],[38.23647,47.13993],[38.23639,47.1395],[38.23634,47.13928],[38.23627,47.13917],[38.23614,47.13885],[38.23587,47.13838],[38.23558,47.13797],[38.23521,47.1373],[38.23472,47.13641],[38.2344,47.13587],[38.23423,47.13553],[38.23403,47.13502],[38.23378,47.13425],[38.23361,47.13371],[38.23345,47.13328],[38.23332,47.13288],[38.23316,47.13254],[38.23304,47.13228],[38.23279,47.13166],[38.23255,47.13097],[38.23229,47.13036],[38.23218,47.13007],[38.23209,47.12985],[38.23197,47.12964],[38.23177,47.12939],[38.23154,47.12917],[38.23066,47.12838],[38.22973,47.12753],[38.22946,47.12721],[38.22929,47.12694],[38.22921,47.12651],[38.22917,47.1261],[38.22911,47.12566],[38.22901,47.12504],[38.22897,47.12484],[38.22859,47.12383],[38.22845,47.12347],[38.22833,47.12296],[38.22825,47.12259],[38.2299,47.11946]]}}]}